cd_papel,retorno_acumulado,volatilidade,volume_medio,negocios_medio
1,-0.9993396226415094,0.07594772871053185,12698706.588582678,5.511811023622047
2,13.999999999998446,209.16696298557568,666910.3047456949,6.815378454144974
3,0.1180769230770291,1.2908143826041396,12542469.179093158,1167.5647155812037
4,4.914285714285723,1.5441521330811157,218589.77577620026,30.316644872034374
5,-0.9942268041237113,0.3291022484608364,2844839.75962963,1.5555555555555556
6,-0.9997083333333333,0.07668315632620544,14201509.792613637,10.306818181818182
7,-0.9953076923076917,0.05793509978721292,1154126.8680116034,8.936708860759493
8,-0.9959666666666673,0.03647151208585445,105959500.59935376,523.2587538619979
9,3.725274725275443,38.39457808411995,1722554.2688643066,6.48377581120944
10,-0.9940923076923077,0.04366736466574282,2828392.766402582,6.982394366197183
11,0.874999999999891,35.610490086002805,5690517.917512691,7.157360406091371
12,0.8148148148149938,36.30926004022801,4128105.6081794193,4.686015831134565
13,2.525000000000441,31.628315004739402,2742289.633901705,4.557673019057171
14,-0.9993333333333334,0.06571986160958057,740040.4458447489,3.7616438356164386
15,-0.999,0.5040468542213883,58255.780967741935,1.3870967741935485
16,-0.5737704918032551,47.67945381833494,394542.96147727274,3.397727272727273
17,-0.8881355932203328,0.04984917398243303,923548.9730883444,6.119153674832962
18,-0.8771428571428495,0.04627668391420628,25926696.059635334,80.09808236403647
19,2.66703337000346,107.58462588871163,152735.1870277078,1.8110831234256928
20,-0.9995938459976331,0.03906065505446724,6438762.506219713,8.65772759350741
21,-0.997735849056604,0.05081766218467275,10234385.430697674,17.89488372093023
22,-0.9656124999999978,0.04149748461082373,11807395.927629912,9.32319391634981
23,-0.9584848484848462,0.03534545535871897,11663009.420970043,19.18651925820257
24,-0.9995555555555555,0.09365347423024335,3654676.7086614175,15.626546681664792
25,-0.7476190476190687,13.206872394436783,4851197.124520114,54.64296444667001
26,1.2829545454542859,118.47632195693996,28531618.13661498,2835.0817729666473
27,1.5318918918917128,117.79575271277533,229068241.01221117,11592.962562152676
28,-0.9728169014084525,0.038787056001585746,101572468.56191657,48.91596130592503
29,-0.9943970588235296,0.14772927724451548,121951859.19473685,3.1403508771929824
30,7.026315789474683,12.326035942243475,140938569.40049934,9160.077691290939
31,-0.9975839080459766,0.04463681266105546,188686044.6287189,169.54293758798687
32,-0.9980000000000002,0.14621507031107522,3404454.43556701,2.4381443298969074
33,-0.8827692307692447,0.15582941902179467,25258143.520202953,26.625
34,-0.1899999999999702,104.85880079859781,1294164.4144692738,4.4636871508379885
35,-0.9901666666666658,0.21758422234934852,818700.9564315353,4.068464730290456
36,-0.9990121951219513,0.2607800402286753,300312.93529411766,1.4248366013071896
37,-0.8432865731462831,0.03779233234101707,16934621.83869239,164.96177206145052
38,3.3749999999993108,28.43475407478117,318272.2363565892,1.627906976744186
39,-0.9986013986013984,0.08458421635184285,3570302.8671411625,7.091340450771056
40,-0.29556390977436064,0.565489799324865,4369100.154936061,4.075021312872975
41,-0.7540569780022046,0.3028446041649565,11151985.41341469,142.52766155276615
42,35.7111111111068,6.041367594207792,5389266.4801622415,607.2421828908555
43,20.900000000002255,5.995947341634548,122319656.14316851,6021.9312463428905
44,1230.5789473682837,580.356749857284,1269264.1726679301,17.903348073278586
45,-0.9544444444444408,13.136380213927028,3930083.7636598176,26.15819558164684
46,-0.9999612142857143,0.050191291569785995,67228952.51613423,159.65537270087125
47,-0.9961111111111108,0.046291369791819706,33112166.590753425,13.543949771689498
48,3.2222222222228893,765.7488970544739,6530412.13062201,21.907655502392345
49,-0.9920116279069764,0.037236449149420876,26123635.99267721,8.824253075571178
50,-0.999625468164794,0.19486944804912404,125381005.72414893,2.1595744680851063
51,-0.7604166666666549,31.219673653550775,44055188.802083336,10.695075757575758
52,-0.9965723612622411,0.037540225606291555,49213376.098493405,30.75612052730697
53,-0.9974823529411764,0.04496866950255075,4825669.857882213,32.6918500892326
54,-0.8981961064475762,0.6464567878625075,12595216.840081967,31.314590163934426
55,19.066889632107028,1.0973919793858835,540255.3846153846,1.5384615384615385
56,0.6949152542374992,125.57922035197309,499314.60834092984,3.617137648131267
57,1.051633986928088,3.2426486328763255,16380152.606351247,185.67909488300333
58,156.0370370370198,209.73975821615312,1180950.4287583688,6.195374315276933
59,-0.9593333333333435,1.3819917670446678,6738.893260869566,1.5
60,-0.9984262295081966,0.061487131084594124,16249226.897527471,7.898351648351649
61,-0.24174757281542003,6.200473825492945,221515187.52076632,4072.223457151214
62,-0.25622641509429867,6.302192543918397,309806680.8512284,3169.7053231939162
63,0.06486486486493104,5.1354652448953235,7806267.674288567,252.82226660009985
64,-0.9997613636363637,0.13233525851086453,1376215.1831685393,2.404494382022472
65,-0.9997818181818182,0.0787083645078638,5879846.979676007,5.51138353765324
66,-0.9644676258992754,0.056052255893630484,20743188.761503566,53.42773817239144
67,128.99999999998715,14.238479578346784,5263028.3930476,37.48291526762789
68,-0.9975829268292684,0.17068681102391395,303824.0966542751,1.8698884758364311
69,344.7999999999688,20.784283315168974,629645.6888888889,6.344
70,-0.958620689655178,0.06383594520053912,1705403.7653276955,10.161733615221987
71,42.09090909090664,12.912719743247235,2517016.8253128007,146.91369906961822
72,56.08428246014191,14.833985267247469,10177607.866707427,166.86163949275362
73,-0.9988705882352943,0.17357309709107455,2110076.423076923,1.853846153846154
74,-0.9980634920634923,0.07759532182611113,3286477.623529412,6.152941176470589
75,-0.48437500000002665,3.4385845641722987,23717365.366579544,7.134090909090909
76,-0.9608333333333281,0.12345105308803514,406473.28896774194,2.0731182795698926
77,-0.0621118012423294,0.0397554074228361,1004833.4528429264,18.863636363636363
78,-0.9944444444444439,0.07135073611962027,4960905.05334728,8.341004184100418
79,31.599999999997898,56.400409357069314,526747.5315789473,2.2263157894736842
80,25.900000000000645,33.33446039019841,3110354.0845714286,2.8285714285714287
81,-0.999985,0.13924694429922324,3968565.4794124844,3.616891064871481
82,39.83885209712557,10.765029599679568,1914746.4844036698,4.757798165137615
83,0.25827814569548324,136.87190577642323,2792123.468418988,119.54648881914476
84,-0.7458333333333618,0.8140993802957958,13768542.138221093,2232.325031766201
85,-0.5523165751302249,1.030534522070737,24201379.495168217,29.677523264137438
86,35.956521739132604,39.15367766651503,191089.33128834356,2.165644171779141
87,9.479166666666929,16.6507373482548,27463998.767166764,101.65897287939988
88,2.1217391304347855,0.055690747836451754,62677043.47826087,6.826086956521739
89,-0.9971428571428573,0.09640664098196385,6342340.189585366,2.292682926829268
90,-0.5170547720563485,16.300578670680746,67986215.2721562,931.1062319221667
91,-0.9218367346938715,0.027240921597480913,94880468.64918561,10415.863976522378
92,6.891566265060984,12.890433119407396,606234.3802401102,73.75634717575281
93,-0.10000000000004339,40.96156815677187,2223246.6856947606,3.6264236902050113
94,-0.9976941176470587,0.043111629379436064,20649788.221354377,28.335030549898168
95,-0.8172000000000214,0.154225544137622,385037.51862959843,31.17495085650098
96,-0.9945692307692301,0.12915835638982212,229809.74481132074,3.2735849056603774
97,-0.9998189130434783,0.0431529336307281,64674415.26692205,90.84810126582279
98,-0.8825000000000116,1.2864851948785783,10761402.762376238,1426.1686642348445
99,-0.8860784313725463,1.1852120804759323,45959070.82981082,5167.47664794561
100,-0.9978813559322033,1.099920389576855,183991.7109120521,1.778501628664495
101,-0.9936052631578953,0.047828424147443226,7930562.490238612,10.017353579175705
102,-0.9919658119658123,0.2091741252630322,593749.2515395895,2.6744868035190614
103,-0.9994628363733369,0.05998623407490704,5664282.754382207,5.091433278418451
104,-0.99995,1.0781926086290492,829155.3958208956,1.9402985074626866
105,0.5873015873014891,51.13787649104977,227916.2658472222,2.5944444444444446
106,0.7424242424240497,46.17622657882259,181224.3936039604,3.0554455445544555
107,-0.9999979104477612,0.23086097519319898,16979600.69414013,8.86624203821656
108,-0.9999985833333334,0.1400242265022996,170046781.79454082,7.1020408163265305
109,-0.9883137254901955,0.05320957198366397,3168426.757184751,13.648093841642229
110,-0.2187499999998913,3.202362719900161,244818.40539726027,2.6205479452054794
111,2.345112781954684,5.092086576153023,6687693.221223543,9.472600753841693
112,77.12499999999324,1.6526612752439445,137440.6738940153,9.566569997363564
113,200.21686223381522,190.45625770554864,1145727.8817238626,12.968874700718276
114,-0.9984166666666665,0.057135058125421016,10471051.211055277,12.938023450586265
115,-0.9993588235294119,0.3359980700490329,1482158.1355825244,2.174757281553398
116,-0.9991698113207547,0.15811560816299758,131056.60819571867,1.8868501529051989
117,-0.9990699999999999,0.06318927224501755,187933149.67089716,22.166301969365428
118,-0.9930232558139526,0.08503746296589247,20583210.6414375,3.603125
119,68.99000000000838,232.4253102132149,108819.50464212679,3.8404907975460123
120,25.48039215686118,242.188033300062,216313.69403215832,7.57452071737786
121,-0.9954666666666664,0.2074553055562677,1078035.211610487,3.5692883895131087
122,-0.9967928571428574,0.05625153614258802,5787070.15908159,18.23739237392374
123,13.391304347826866,27.185144733863815,2074732.2845528456,3.2997967479674797
124,187.33333333335423,2.381929755422231,1806674.4924942132,317.20862268518516
125,-0.988325203252033,0.04452206538906614,29107238.656342182,11.570058997050147
126,-0.9975827338129494,0.09711612885600165,6421037.183387271,4.748651564185545
127,0.46000000000021646,30.65673042939195,26946413.647649232,45.316428948758585
128,-0.9819419354838718,0.04595462697990075,39358530.35556537,17.375
129,-0.9815999999999987,0.18009091981522155,2509047.078817734,2.6798029556650245
130,-0.9817857142857146,0.05942176013149796,19100485.204705883,30.6
131,0.2757847533631861,1.180488392847814,127013119.21516441,8270.857310628304
132,-0.27217847769027204,1.1983732754444414,795651064.8136377,19153.051799824407
133,-0.9967441860465114,0.038132928119565895,97919378.98480392,61.72727272727273
134,0.4614541468760387,0.3438777456546211,222562.7238973799,3.0294759825327513
135,0.030000000000004245,0.05930859338704436,5439664.861856492,3.007972665148064
136,-0.5757575757576219,39.751776391792156,3829492.9549135803,5.182716049382716
137,53.36046511628414,208.53884421931417,238549.5052173913,5.258695652173913
138,57.43749999999361,337.4860177590985,309011.4736842105,3.164473684210526
139,81.26804123712495,12.909662719332065,14417713.956019318,2196.598827181787
140,3.6853146853146868,0.06315969351002648,29951050.463414636,16.682926829268293
141,-0.9483809523809524,0.05309174989662453,65646.66165994623,7.660618279569892
142,-0.9678333333333314,0.0635482275951923,292658.44694708276,3.4568068747173224
143,-0.958749999999999,0.07343516451068866,97095.7775106929,2.313088109495295
144,-0.9718309859154918,0.04107135849608309,97416.04600923663,5.392828035859821
145,-0.9649268292682982,0.06578526057357525,264837.16759373713,4.256695508858673
146,-0.955365853658541,0.04396038164042151,284652.57571669476,2.267706576728499
147,-0.9736097560975611,0.0535860071027984,301558.0986715064,2.965880217785844
148,-0.9961427193828353,0.07628660316672446,50494332.7588015,19.319850187265917
149,-0.6818181818181869,2.94794033605131,110456416.26434013,20.616474756421614
150,-0.99790625,0.06773834902435193,5669610.541946309,7.248322147651007
151,-0.9956187499999996,0.13783694161707405,7819268.853689169,3.41287284144427
152,7.733042231925616,0.18319197353617075,37778.89939148073,24.32941176470588
153,-0.9994242424242423,0.06209090107343318,8184490.806535948,39.36143790849673
154,-0.9962222222222227,0.14286527283229347,918862.0794764399,1.7696335078534031
155,-0.9959732142857141,0.11188743814761638,2712419.0221311473,2.4344262295081966
156,3.18888888888905,3.055370326151207,124246939.85068072,6051.212560386473
157,-0.7656249999999658,44.37166186589315,6566911.780136986,2.221461187214612
158,-0.8984374999999973,31.912869209289347,136543327.58586308,58.583333333333336
159,-0.9999621621621622,0.1424199837359901,2486665.1496859505,4.168595041322314
160,-0.9879519650655018,0.02996042308164024,23273529.178064216,1180.0707126948776
161,-0.8576271186440648,14.948769685787711,128666.94168012924,6.393861066235864
162,9.416666666666718,4025.96258560437,1365527.2333419756,41.326160228156596
163,1.2456140350877316,16.691898074533622,5590755.7055570185,32.307874637872004
164,-0.9926082608695661,0.06423411802740629,2119345.9799613897,6.464285714285714
165,-0.9922875816993468,0.05600005373838963,2908144.276983435,6.482999128160419
166,6.05882352941123,131.3433023491452,63013646.9106267,75.62597638510445
167,1.4805077062556897,115.55674124808469,1730043470.0794256,391.60419109026964
168,-0.9914800000000009,0.0548687242009865,1441802.0056701032,7.806701030927835
169,-0.9904347826086968,0.04888325781656957,1530792.2375267607,24.344788732394367
170,-0.9998876404494382,0.057125954506775975,6779103.038918918,5.718318318318318
171,-0.99984,0.04836682633262806,20560064.38008268,91.36040856031128
172,-0.9972273333333337,0.04839502877209641,7228285.877857143,73.75989010989011
173,-0.9983901052631581,0.051760436623689295,28667358.647733517,35.69505494505494
174,-0.9983027522935778,0.053935555724988545,343364478.2571723,203.32601235415237
175,48.10000000000363,236.73306296421364,1185230.8907563025,3.5943977591036416
176,-0.9962500000000001,0.31322951704558427,30826780.724603172,14.534391534391535
177,-0.9993333333333332,0.15444825629904027,90504496.67291667,11.270833333333334
178,6156.232704403143,4.36598367322647,384338.0179732795,22.03529115200403
179,6002.82165605092,3.162707409203042,5142802.186159929,253.14674868189806
180,10.802575107294656,281.1591871660193,332737566.97683704,166.56549520766774
181,13.13793103448345,13.178699802409083,1150594.1627619048,6.714285714285714
182,2.503521126760453,1.4507842534253612,278087667.7406587,10390.214221556886
183,-0.19014084507049067,3.749180429103706,1100391709.4627397,193.9187214611872
184,-0.9827118644067818,0.1976237859385273,1775029.14185945,11.758620689655173
185,-0.9966818181818181,0.044965234459635454,23566129.324333042,4.945074106364429
186,-0.8707272727272559,0.03994886070591025,4873776.023846154,5.87492660011744
187,-0.9986666666666665,0.37258430449006624,1058375.487364621,3.068592057761733
188,17.716959565654168,48.46625195015805,32686751.364262924,48.220165922144226
189,0.002842105263286765,172.8324830966557,14923120.858995687,24.026494146642023
190,-0.9999286301369863,0.22979592437295146,162195299.80952382,9.285714285714286
191,-0.9972857142857146,0.06622984665919002,18569143.341825902,4.063694267515924
192,-0.08471698113214932,1.615359014045587,2558431.48798252,7.630007283321194
193,-0.9976969696969697,0.13526917997317475,254041.63617241377,2.6879310344827587
194,-0.9998916666666666,0.05421751004231835,2180933.0124401473,5.585635359116022
195,-0.9980000000000002,0.07999086078381837,11272833.678244973,4.440585009140768
196,-0.9986136363636364,0.06037834670200761,13188983.99040884,5.392265193370166
197,-0.9962962962962965,0.087898551995396,28772237.745783783,4.354054054054054
198,-0.9584874066838766,0.043340632523465684,4547274.955223881,7.6182835820895525
199,-0.9996083333333334,0.1251820080252799,148058.3347972973,1.6587837837837838
201,0.509166666666538,5.8388422246389045,757550.9963800516,3.1951848667239897
202,2.4210526315789496,0.06573375796288024,47960660.416666664,3.8125
203,3.360071301247772,0.06194081486236282,30659414.893617023,4.914893617021277
204,-0.9977777777777778,0.13368913491655843,965085.3921176471,2.623529411764706
205,-0.6839999999999575,41.227086982498875,221798.02404761905,3.437728937728938
206,-0.9818749999999988,0.044357000255232565,3949930.796106048,5.249378624689312
207,18.000000000001116,34.78836056181329,230539.20571146245,2.0731225296442686
208,-0.9900000000000002,0.06298450290860146,344839.99728949857,29.195837275307476
209,-0.9998125,0.058509466569109214,42078547.67125628,8.678391959798995
210,-0.9997769516728624,0.06450067631303477,11819119.88242142,6.30267753201397
211,-0.995,0.12948017797809908,772365.145,2.4358974358974357
212,0.11764705882352922,0.04855075110927199,579047.8571428572,1.6428571428571428
213,-0.9921400500178633,0.2341795979377376,972007.9265315315,2.0315315315315314
214,301.5830258302253,1064.0450200812447,159090.49698675497,1.5430463576158941
215,-0.9945945945945952,0.16595571693245992,126911.88124542125,2.1684981684981683
216,-0.7100000000000304,0.9506103647569261,1443653.0231683168,5.378877887788779
217,-0.9995806451612904,0.1303798191017883,2692237.0311999996,2.52
218,-0.9885714285714273,0.1993930158556682,648239.3204983389,3.2325581395348837
219,-0.8196428571428377,26.01225959706272,2554950.696236559,3.639784946236559
220,-0.9915254237288145,35.02471998494137,123241.47397058824,2.073529411764706
221,-0.9905389610389614,0.20657875885109145,1011706.8635074628,2.373134328358209
222,-0.9039423076923014,0.8535902819412109,3208616.7150271414,110.07931242460796
223,-0.9986111111111111,0.047432197379436505,1334674.9226006193,9.183350533195734
224,0.6810810810811678,77.11014381921315,6619.082380952382,1.3571428571428572
225,40.20000000000381,29.12419374708683,106146.10008045053,3.096540627514079
226,-0.9977777777777778,0.0653942087771383,10216661.473173277,6.093945720250522
227,-0.9995526315789474,0.2995385303537617,134332.6984269663,1.550561797752809
228,-0.9960396039603967,0.4560274525615605,282107.22214285715,1.4142857142857144
229,-0.9940298507462677,0.17767803306882723,424479.6670503597,2.0575539568345325
230,10.891891891891541,28.270131928284954,469280.50479233224,2.22444089456869
231,11.12500000000074,18.04592080045386,6485501.349821022,14.852912463390822
232,-0.9967651098901097,0.131907041515846,1123573.7975083056,2.1461794019933556
233,-0.5867241379309951,17.870682957464997,4991368.829657709,9.544465770953295
234,-0.9338857142857189,0.0308612837890995,2674260.072455667,133.94063222821896
235,12.750000000000705,15.261415552657313,187742.135534318,37.63423110338836
236,-0.9994333333333333,0.6439052404593624,57646.10803738317,1.5981308411214954
237,-0.9891666666666656,0.12937611282065323,3210306.8593491125,1.9408284023668638
238,-0.9763157894736855,0.0973869688562486,3913519.850488889,2.8533333333333335
239,-0.9996296296296296,0.25267274839890735,513356.28777777776,2.763888888888889
240,-0.9616442953020177,0.034420539443288545,2946978.918153846,22.50676923076923
241,-0.999345162601626,0.07960169351681268,3914100.4872033894,3.351089588377724
242,-0.3126666666666973,0.3865098351152849,63681.31337696335,7.960732984293194
243,-0.9807999999999999,0.0592718281796784,951632.3323117078,3.16331096196868
244,-0.5070370370370252,6.28395248870376,34479908.11995619,4405.655083849524
245,-0.05272727272726929,13.194238576571449,6779.620081967213,6.375
246,6.916363636363653,3.57505295213549,199406.4054397135,67.49781138081974
247,-0.9996385542168674,0.2188314611065583,441971.2862592593,2.2074074074074073
248,-0.9988505000000001,0.0856480932787961,8812420.78209607,2.3231441048034935
249,-0.9876190476190487,0.0509187480257108,1951667.1289473684,4.372319688109162
250,-0.9995414634146341,0.1715931324533735,1597829.747694704,2.218068535825545
251,2.0357142857142856,0.048077773993812724,64539488.333333336,11.416666666666666
252,-0.9751898734177206,0.11512584594097552,6005725.909090909,5.169421487603306
253,-0.9773333333333322,0.6719789613861342,770256.2903389831,1.9830508474576272
254,-0.9939759036144572,0.11159348350269734,14497306.95413534,3.481203007518797
255,-0.9747386666666693,0.06264378069963478,159440.62081160847,3.6448598130841123
256,0.8093750000002065,1.4310899206337035,2787108.2996063903,22.5336883537856
257,-0.5549936788874825,0.058914040281948486,4923142.486749482,5.273291925465839
258,-0.995361988999811,0.05918143486667875,1767466.4036602052,3.451539338654504
259,-0.9563749999999976,0.06626825862254539,265145.99609538785,8.165618448637316
260,-0.9935714285714295,0.15920530055229143,808689.272421875,2.953125
261,-0.988251879699248,0.042683804570423305,15920922.466886394,4.943899018232819
262,-0.9747393857652642,0.03273400029834472,1890441.4049219375,7.027021617293835
263,0.13793103448262056,306.53905511020486,919682.1029645697,542.6435285610991
264,-0.9997012903225807,0.2305566722301592,1136444.382379135,3.590330788804071
265,-0.9155172413793105,0.08679918237721948,2696071.6647877013,31.3103953147877
266,0.3333333333334534,3.428423379109155,2597570.670335329,23.265868263473052
267,-0.9929899999999997,0.2207419918603012,22879031.356525823,7.404694835680751
268,0.522857142857186,0.4192285333894539,73719.07569832403,17.30167597765363
269,68.99999999999015,256.9807011070249,46061.27004888268,12.85963687150838
270,-0.9805882352941181,0.479101403466272,66003.4938,1.32
271,4.655555555555555,0.09703752604749444,20316384.615384616,10.461538461538462
272,-0.9988000000000001,0.12468512748822873,226498.3343971631,1.6595744680851063
273,-0.9979,0.17751729103498032,6802975.897894736,1.6105263157894736
274,-0.9965833333333332,0.047942750697641076,36477992.53514539,9.852085967130215
275,0.5000000000000921,40.35100813775626,15712685.190467626,2.3902877697841727
276,-0.999934,0.3207341067989034,892598.3165486725,2.1238938053097347
277,-0.8968421052631679,0.3987965409517567,897698.8341213554,9.473601260835304
278,19.723684210526944,57.87527280730137,414975.47159577504,7.602340850699401
279,-0.9852910052910053,0.0385772851838033,11471250.316132573,20.708516242317824
280,-0.994615,0.11024264452685853,439397.9035335689,1.9187279151943464
281,-0.9973625766871164,0.05010262330683021,2896052.331629756,11.971039182282794
282,-0.9799999999999984,2.414439059338889,1192809.2272280245,7.707136640557006
283,16.735849056605943,41.24851551758496,599079.758586165,7.162014563106796
284,-0.8755555555555558,0.1213121000283021,469505.86879268294,2.3621951219512196
285,-0.9981857142857142,0.07480990038870064,1083524.3901808786,3.231266149870801
286,28.218181818184526,36.59637517885804,1301575.897260274,3.652641878669276
287,-0.999040909090909,0.168367557386665,22496977.333333332,4.955555555555556
288,-0.9956648648648645,0.061363718793229965,8281953.708443272,3.4828496042216357
289,-0.7447826086956728,0.0625065858057939,200806.50011262597,11.178423236514522
290,-0.9027281816883301,0.18875060902837582,71184.07839506172,1.271604938271605
291,3.289855072463112,198.17755497884534,130582.98404074703,9.372835314091681
292,-0.13083769153120184,166.6558701797774,21752306.790808193,164.19208878770633
293,-0.9948809523809516,0.056913034829304224,4946824.839122449,5.0653061224489795
294,-0.999915,0.08374740665714787,394840.82263229304,2.6974219810040707
295,-0.9904400000000011,0.11821424490765815,12142093.014974618,2.532994923857868
296,6.5666666666673255,27.521450769142362,2870728.3045647056,15.638588235294117
297,-0.1276923076921863,236.0723506707329,547401.539097493,163.26685236768802
298,-0.9995975017349064,0.12798205876965482,488632.83622754493,2.0239520958083834
299,-0.9961153846153851,0.12124238563523304,259102.67729629632,7.810185185185185
300,-0.9080000000000046,0.24871400176210445,6978968.0171949295,3.845483359746434
301,-0.9998275862068966,0.18107264147329707,8837403.549263567,2.2635658914728682
302,-0.7152554744525544,2.643817994304232,877866.4887096774,1.8387096774193548
303,-0.9700500000000001,0.03623070285985447,4915059.871708728,216.05603148877054
304,2.11111111111111,0.041907834893477755,220755935.3846154,5.0576923076923075
305,-0.9957746478873238,0.1293493693416546,129886.39845360826,2.020618556701031
306,26.272727272726865,13685.62993253005,75402.16666666667,1.2222222222222223
307,-0.855909090909078,2.24791675669887,899570.784500515,16.52574665293512
308,-0.9990435614294411,0.1765780781266506,133976.61390804598,1.9367816091954022
309,-0.9949494949494943,0.03942158923687954,7581812.43568202,8.158104517271923
310,-0.9998604651162791,0.3145062896387964,4169185.6016666666,2.303030303030303
311,-0.9740052631578976,0.07812903523696955,2530804.3159340657,3.223901098901099
312,8.999999999999773,1.3523963424603194,2234379.5420682556,290.1361687532156
313,-0.9758823529411791,0.18897792989591608,103279.05208333333,1.7135416666666667
314,-0.9988994082840237,0.07476099457732298,98477.21229621125,2.0367393800229623
315,-0.9851063829787226,0.6376817803933544,1532942.120115875,11.135573580533025
316,-0.4782608695652414,17.201708604670827,520782.20588235295,1.411764705882353
317,-0.9456928838951314,0.3695377346822428,13040.055,1.5434782608695652
318,-0.9941176470588234,0.19587020567412153,786540.282051282,1.435897435897436
319,133.32835820894041,1026.8605990505075,69710.74701149426,1.5517241379310345
320,-0.9953604651162797,0.07778487497041452,1747171.582795699,5.610752688172043
321,-0.8876923076923108,0.11910581350605545,111040.37951417004,10.203778677462887
322,-0.9132231404958729,0.07300965605478693,360160.5401306533,4.704522613065326
323,0.6666666666668126,14.335070542550442,1326802.5803549818,15.791649858814038
324,-0.9970410958904109,0.06808477584564987,81202170.82148997,3.464183381088825
325,-0.9884166666666666,0.29372227365805276,2249600.8695652173,1.826086956521739
326,-0.9957333333333338,0.08963169669365925,396178.7151736111,4.8125
327,-0.6421111111111169,0.2311911927400402,66246.02506265664,3.080200501253133
328,-0.9990619047619047,0.17371039688442466,1322422.6067521367,1.6324786324786325
329,-0.9913684210526326,0.1417392791169381,573937.3870869565,2.9260869565217393
330,-0.977878484848484,0.1405797846487828,879340.4486180905,1.8190954773869348
331,-0.664761904761902,0.05982041173625821,3686284.788045326,6.736543909348442
332,-0.7399999999999776,6.430858842652566,17472154.362689078,1.2605042016806722
333,-0.9591700000000009,0.23041079729309794,1121144.5634920634,1.492063492063492
334,-0.979785714285712,0.07431854799617839,644889.7403111111,4.591111111111111
335,-0.9989538461538463,0.170213578057276,548948.001506442,10.879088206144697
336,-0.9882882882882876,0.09768169759732266,92597.19051355206,2.4950071326676175
337,-0.9888,0.07740135718526416,260763.23883089772,13.130480167014614
338,-0.9928170731707322,0.05627997700040132,1128513.2692618805,5.072800808897877
339,-0.9825218476903878,0.4351958946628547,8105.41633802817,1.3380281690140845
340,-0.9988000000000001,0.21607933435792265,30384.399486301372,1.7328767123287672
341,-0.9993982905982906,0.17348188072106577,137699.0282894737,2.039473684210526
342,-0.9969999999999998,0.3378673705392195,464305.76560747664,1.8130841121495327
343,-0.9973770491803281,0.11988945878335537,16374300.505916031,2.8931297709923665
344,23.70000000000103,584.1456330182707,9953.721224489796,5.465986394557823
345,-0.9785744893586613,0.5891961101635418,208225.88235294117,1.6176470588235294
346,-0.9785744893586634,0.5411464281574411,391288.00166666665,1.6875
347,-0.999840003199936,0.20027033403750152,281800.3856880734,1.4862385321100917
348,1.2434782608692196,64.50375732770225,448175.3012477396,14.009041591320072
349,-0.903908293583639,0.07469815924880284,353417.46430290164,3.112526539278132
350,2.274999999999643,57.09131024561938,560137.70036,1.808
351,-0.9921163529411765,0.09240691164616997,960298.4261802576,1.8197424892703862
352,-0.8923076923076936,111.01410726059734,208610.25,1.45
353,-0.9979152173913041,0.0653687640045764,22137183.963297002,4.513623978201635
354,0.462545454545396,1.5686896007704514,331953.16767704673,26.284781516825717
355,-0.905941176470599,0.03610082005790003,4771374.797422785,571.8142769482512
356,9.513513513513818,19.767658740021208,6497361.763992173,6.046575342465753
357,-0.9975555555555554,0.32135731795883865,2589950.899224806,1.3410852713178294
358,-0.9879999999999997,0.09142155229581946,130094.04162679425,1.667464114832536
359,-0.9900497512437821,49.96267640261416,73952.5254385965,1.4210526315789473
360,-0.6406818181818392,32.953314037759185,2279833.594536532,18.84732824427481
361,-0.9913244897959188,0.05116074732959631,3796008.2219330855,5.912639405204461
362,-0.6545454545455358,0.678627084862109,4098291.44,2.8227848101265822
364,-0.9995174825174825,0.1802868031430146,85298.8365882353,1.8058823529411765
365,-0.9472871035172251,0.035107709332678615,149839.35221257625,7.70976067573909
366,-0.9739188400966599,0.056249797680706745,127144.16184814351,3.1752190237797246
367,-0.9989558823529412,0.2107386062998615,148988.29268292684,1.170731707317073
368,-0.9999742857142857,0.057155187886919305,1201673.8996246834,149.61201934146902
369,-0.9972055888223555,0.2656582127499452,119421.34818181819,1.4545454545454546
370,-0.9955156950672639,0.17733069294556855,2557296.5581395347,4.406976744186046
371,6.750155989720952e-14,46.813931109565935,69913.7350241546,9.801932367149758
372,0.4200000000000821,34.82278797455429,26452.126618705035,7.705035971223022
373,-0.9866666666666662,0.1399928862347371,98620.51720394737,2.2960526315789473
374,12.981249999999406,17.337731891537217,5308499.416752844,1121.6558945191314
375,5200.675977653734,6.298067098891433,46192.520321572134,7.815542652970076
376,-0.9999175789473684,0.2666442722901768,32957160.2516129,2.967741935483871
377,-0.9916666666666665,0.16927790031026882,2996939.011204819,2.072289156626506
378,-0.9995360824742268,0.1645450271743431,51300.94825,2.4
379,-0.987790919496375,0.9384254088911406,660713.3333333334,1.8888888888888888
380,-0.99915,0.06369249721079148,20804940.854356915,3.4742765273311895
381,6.000000000000688,34.802840352606815,151498.0995,3.3466666666666667
382,69.41666666665915,280.6889061351432,29178.18901574803,3.806299212598425
383,1.2544776119402972,0.14661534229985257,1868511.3333333333,1.6666666666666667
384,-0.9973888888888887,0.1450158347356669,121032.67854063018,2.2504145936981756
385,16.431372549020086,116.44638721465849,169415.5256756757,1.3783783783783783
386,-0.9798181818181813,22.979301381444813,530527.8125,1.4342105263157894
387,0.24093959731558123,46.9887864626981,1389376.2545033111,2.2560706401766004
388,-0.9945454545454547,0.2149550430019158,8759311.098076923,1.4711538461538463
389,67.74999999999235,14.642134610934704,55557.281272727276,18.12
390,-0.9993403693931397,0.3954761510174683,2653101.3384117647,3.876470588235294
391,-0.9949999999999998,0.1279994570366735,1016552.7421800947,2.1492890995260665
392,2.5070140280561093,0.0426034659532077,18400167.692307692,2.282051282051282
393,16.74074074074048,62.57476322964388,262726.20220052084,3.1354166666666665
394,57.00000000000094,0.8066198318785531,144396.23082954544,39.94772727272727
395,20.567567567566375,31.757904450006468,4800559.951421801,2.7535545023696684
396,-0.9944444444444445,0.39367367206082815,10708.075913043478,1.4086956521739131
397,1.0351724137928726,1.5782423955312341,2990759.4806397306,19.17368125701459
398,-0.999,0.23720939979642125,101530.71711864405,1.5677966101694916
399,-0.9950333333333328,0.1006384541324165,512159.7527047913,2.6105100463678514
400,-0.9935535535535535,0.060450982935153656,6237594.889447301,6.193444730077121
401,163.4000000000102,23.77319231120541,253769.1690300624,3.575723199092456
402,0.6000000000000003,0.1338962147344147,42061000.0,1.8
403,6.56111111111106,94.85620828036791,2329177.9591836734,2.193877551020408
404,-0.9305714285714287,0.05452780899412346,232369.42445244215,5.406683804627249
405,-0.9959319999999997,0.1932143579849286,465566.7988981289,1.9812889812889813
406,-0.9963503649635036,0.30671377964881824,59133.16904761905,1.0476190476190477
407,-0.9500285714285678,0.06948257047051623,1861780.3868287741,3.1124620060790273
408,432.3333333333206,188.28181749367894,80763.61580796253,2.740046838407494
409,-0.9979856998978567,0.2587086959140802,62538.10562952243,19.49710564399421
410,-0.48571428571434205,1.836814080688738,773653.9547347869,10.684022128213472
411,50.25714285713903,138.58124329121884,11128220.858459765,689.7422700211254
412,1.1506451612902744,4.869976468438147,314333.9754216867,1.9879518072289157
413,2.733333333333333,0.06558009580287497,267151817.6470588,9.264705882352942
414,0.41176470588219805,73.72695343188911,2842.7316417910447,1.507462686567164
415,-0.9954906832298135,0.05765680643719125,7686345.35929885,5.733333333333333
416,1.3887561802122104,37.277868332897356,158331.10467200002,1.936
417,-0.9959999999999997,0.10608073751744007,610831.6102257336,2.8261851015801356
418,0.29411764705874455,241.07264315668635,191169.6474477958,2.4245939675174015
419,8.000000000000009,250.36956054032478,13226.33020408163,1.530612244897959
420,-0.9999328671328671,0.2925191509896372,2595565.0103604808,13.433911882510014
421,-0.99855421686747,0.20847821041380696,959111.1209523809,2.5773809523809526
422,11.038834951457877,2.262819847435576,58827.674099071206,10.704643962848298
423,120.1200000000075,3.8308601294066094,96164.53054459064,28.35014619883041
424,1.75,0.184558152145215,2701000.0,1.6666666666666667
425,-0.9979166666666665,0.09665320003090075,112580.28542857141,4.765079365079365
426,-0.9645348837209258,0.06255043255240095,2607391.556308385,7.619020821609454
427,4.259259259259259,0.06186604138919297,347712175.4285714,3.2857142857142856
428,160.91304347824348,5.123601055993564,246631.74655994977,24.023854362837415
429,1.7934782608694397,25.56608123178234,2916343.4879061813,557.8231126313218
430,-0.9995900000000001,0.13333982915663822,514037.5103114186,5.411764705882353
431,-0.028571428571490642,24.749226448894593,154662.29241863434,17.849393746011486
432,-0.9915384615384621,0.10627452899598407,953804.4109243698,2.1470588235294117
433,-0.9957264957264962,0.18437819419473853,131207.26654761905,2.4007936507936507
434,-0.9981,0.346965133986414,7595.267,1.1
435,1.49999999999973,95.91341298471538,100803.00147692308,3.0876923076923077
436,-0.9628571428571447,0.3696435838338622,2161603.7297297297,1.7297297297297298
437,-0.8751000000000008,0.46324129243980017,842577.3712156863,2.1176470588235294
438,25.737142857141567,28.094169040489557,75135.11109704642,8.369198312236287
439,0.7727272727272565,54.67391185034447,65455.25893048129,2.588235294117647
440,-0.9800625,0.18599202928766256,183940.40807272727,2.0036363636363634
441,-0.9973417721518989,0.07645756287153375,2438682.3553333334,2.476595744680851
442,-0.994176706827309,0.10787705615602226,6741991.822972351,2.8294930875576036
443,1.327586206896631,2.280005459298354,542840.0249523305,6.958686440677966
444,-0.9993846153846154,0.24045957355036765,79684.38607843137,3.6901960784313728
445,-0.9714444444444408,0.21920233133049233,433044.0990808823,125.2765231092437
446,-0.541395348837163,0.28595023448592083,152858.63033489286,14.007879832553558
447,3.333333333333333,1.0501812502783576,405000.0,1.25
448,-0.9945042866564082,0.24649670887426045,1828580.0640758292,2.023696682464455
449,-0.9962500000000003,0.05520479421784881,1618050.7554669888,2.859098228663446
450,-0.996288888888889,0.0935769551311538,1585540.5214005602,1.834733893557423
451,-0.9929999999999997,0.41605512186592625,598988.272413793,1.7586206896551724
452,-0.9863499999999995,0.18292225162093675,207189.34210191082,1.8343949044585988
453,-0.9993631368631369,0.13929227202808683,547001.5140462428,2.884393063583815
454,-0.9964183673469389,1.3335028420877184,4211170.0,1.0
455,185.39068046597933,26.864458578543996,247130.73323699422,2.1907514450867054
456,18.99999999999779,40.966113923955284,28391.141287128714,3.0594059405940595
457,-0.9878260869565216,0.25014121547371937,6384.752777777778,1.5555555555555556
458,1.0000000000001772,55.758266275328104,180030.06121118012,1.8726708074534162
459,-0.9982352941176474,1.5308147208162122,32014.5,1.1666666666666667
460,-0.9943333333333326,0.26855765539147813,5692.750987654321,1.4938271604938271
461,-0.95477076923077,0.22849375298530347,184091.1284671533,1.4306569343065694
462,1.2427983539094645,0.24350099050215976,222792.85714285713,1.2857142857142858
463,-0.9931598513011161,1.372750104530005,1460992.7491066284,140.41882804995197
465,-0.9411904761904797,0.22293202272556056,688377.4340336135,1.5798319327731092
466,-0.9964999999999996,0.14508799042935594,18713.674523809525,1.6845238095238095
467,0.5459302325582969,12.48689287291826,158962766.74867445,18438.71155885472
468,-0.9613725490196108,0.11032898690252865,73628.59823627288,4.391014975041597
469,-0.9985799999999998,0.0715930978117418,14743865.630843522,3.41320293398533
470,-0.6176470588234799,13.776506473255708,6409344.731707317,2.2560975609756095
471,-0.9991249999999999,0.9727379235997705,61384.29172413793,1.1724137931034482
472,-0.9769374999999996,3.070060261758358,796356.3874530612,3.9151020408163264
473,-0.9966666666666664,0.24410552338995312,113774.23311111111,1.4111111111111112
474,-0.9981818181818182,0.22229947411917858,83912.27585365853,1.6341463414634145
475,2.3522727272726787,53.57788473059303,1486818.7196531792,1.6329479768786128
476,76.36700759956567,4.877163228646468,158749.229001554,16.22843822843823
477,-0.9985000000000002,0.6267046585932524,152303.1636170213,4.297872340425532
478,-0.9984615384615384,0.15740531437234215,5202010.553703703,1.6481481481481481
479,0.4000000000001489,3.6395945619739423,239434.68006993007,8.552447552447552
480,-0.99475,0.40316954884798534,1894261.183880597,2.1492537313432836
481,110.53061224489672,173.69850437007662,308841.75957767724,58.72337858220211
482,-0.9977493606138108,0.23168435209643595,638821.7275675676,1.8918918918918919
483,-0.99859375,0.37945856260647776,11540673.045454545,1.3636363636363635
484,-0.9987500000000001,0.28963665313547554,146867.9956115108,2.4964028776978417
485,-0.9986216216216216,0.3428208903596436,143811.71108433735,1.7951807228915662
486,19.83333333333563,180.9089635883216,1092933.776388889,1.5555555555555556
487,-0.9998241379310345,0.2389725118574681,1168091.358490566,1.2830188679245282
488,-0.9968333333333331,0.35994238870027373,2106225.3695833334,2.4166666666666665
489,-0.9936181818181818,0.7274148061029346,5330.043333333333,1.3333333333333333
490,-0.9942806394316165,0.05991285310391844,17289039.328212004,11.25925925925926
492,-0.92267857142858,0.147456276071131,40929.88486140725,1.6780383795309168
493,2.582089552238805,0.07605271978934679,227638634.6153846,2.9615384615384617
494,79.84210526314877,19.057195424055568,1513358.9971818181,530.2334545454545
495,-0.9961111111111113,0.29765990601089337,421486.66926406923,2.090909090909091
497,0.019999999999970708,21.830199148352296,34537.134710743805,2.3608815426997247
498,-0.9974997499999998,0.8264266736854292,390182.41592039797,2.2786069651741294
499,-0.9587666666666652,0.4470231102637919,11276.767706422017,1.724770642201835
500,-0.9961538461538466,0.7164823730795351,9111.3765,1.25
501,1.450000000000096,61.16647117238103,4608.0867109634555,4.604651162790698
502,-0.09502262443438414,12.51462827392731,666102.4788530465,7.516129032258065
503,-0.9918627586206892,0.06712892340332147,134174.99508092203,5.149583128984797
504,-0.7916666666666804,0.6494096691168025,405680.0040209509,16.199435938759066
505,0.7000000000000053,1494.9914696529388,100925.41675854466,9.897464167585447
506,-0.9933333333333331,0.23728233537841525,24516136.575757574,1.4848484848484849
507,-0.9789285714285704,0.23748442232624242,1014536.6067415731,1.6179775280898876
508,-0.9986664073785976,0.44983446440408903,188055.2689473684,1.4210526315789473
509,-0.9632823529411805,1.3245745372397881,494263.23256410257,1.641025641025641
510,-0.9479999999999997,0.1559127869134997,61364.94967177243,2.5470459518599564
511,2.166666666666666,0.14636283291363344,245988.75,1.625
512,0.6574285714285908,2.99739555741625,55347.127271062265,2.5054945054945055
513,-0.9870967741935482,0.286748043578243,11744.917592592594,2.0185185185185186
514,-0.9798994974874371,0.38587058246547795,9028.754909090909,2.690909090909091
515,-0.9992307692307693,0.8702244547879089,176498.8552631579,1.4736842105263157
516,1.1817777777776994,202.6794936808212,50619.17615384616,1.3846153846153846
517,58.523809523806264,53.8031811537331,3321432.9326923075,2.0705128205128207
518,-0.999988125,1.1389469825424625,93331646.04257143,1.4
520,3.4555555555555904,1.5775032617205804,78567.1721109652,21.392974392646092
521,-0.8771425714285851,0.2463712680355283,34704.893486842106,1.5592105263157894
522,-0.8942857142857278,0.13547402358893987,65133.60269230769,1.4733727810650887
523,-0.2274999999999977,0.09279599566376552,25120183.522853535,1.9898989898989898
524,3.2857142857142865,0.5229871320011699,1067930.0,1.9333333333333333
525,-0.9358620689655165,0.9056483545610142,60904.350346420324,1.9376443418013858
526,1.9268292682926838,0.16955641864874185,749348.8210526316,1.3894736842105264
527,-0.999942857142857,0.24767088822032093,72450221.73913044,3.1739130434782608
528,-0.9983808571428572,0.10887433758376389,3002253.1022033896,1.9186440677966101
529,-0.9993333333333333,0.19764104667392918,29958.403571428575,1.25
530,-0.9849999999999989,0.2318087216804002,497887.38867469877,1.2650602409638554
531,-0.9801746031746034,0.09129032491343783,7824978.506476684,2.5155440414507773
532,-0.9900000000000011,0.6032199921380748,904727.7777777778,1.0
533,-0.9945000000000002,0.09767730999796538,590517.6381294964,111.08941418293936
534,-0.996322222222222,0.27721645713622883,106604.64583333333,1.375
535,-0.9968421052631582,0.0919697818174708,51728.66604545455,7.4787878787878785
536,4.02,0.6346777444386358,4503.504444444445,1.1111111111111112
537,-0.032222222222248575,17.28220417360325,46390.16693227092,13.764940239043824
538,-0.9936049180327869,0.17829053482088886,52174.04435483871,1.5080645161290323
539,-0.9934426229508198,0.18954144592414265,61873.26689320388,1.4368932038834952
540,-0.9135555555555684,0.2116867023924853,255215.8370556553,2.9605026929982046
541,2.442028985507247,0.1818519909346142,3919799.0,1.7
542,-0.9999625714285715,0.18223827228915193,4106694.714202898,2.286231884057971
543,-0.9992500000000001,0.5669625657402587,116227.12649999998,1.05
544,9.769230769230768,0.7703594836245794,4520625.0,1.5
545,38.84375000000033,17.991638264325772,84385.160894882,18.121973643885994
546,-0.998388349514563,0.16657349312030734,21634912.0,4.377777777777778
548,-0.9717284974093277,0.19094726998956882,204321.70195121953,1.646341463414634
549,-0.8891129032258183,1.05384990274216,329313.5341363102,69.18801410105758
550,-0.9973497267759562,0.11143569188277053,14121145.99009901,7.603960396039604
551,-0.9986363636363637,0.17039975550978442,155157.92492753622,1.4202898550724639
552,-0.9971999999999996,0.08022039903052862,420939.91315789474,3.0921052631578947
553,-0.9980833333333329,0.19747597567337655,84709.8101604278,4.17379679144385
554,-0.9927714285714279,0.7573400332921942,494121.6931818182,1.2727272727272727
555,-0.9904,0.7670547126842278,761255.8398333334,1.5
556,-0.99764375,0.35035725725273575,1432501.0161290322,1.6451612903225807
557,-0.9624999999999986,0.17348938695728672,123245.74389380531,1.5575221238938053
558,10.111111111112216,73.44395728958246,56375.220806451616,1.489247311827957
559,0.22692307692294023,7.798918268093359,2129630.3773006136,3.558282208588957
560,-0.428927680798013,0.20063871575346287,197190.39878863233,18.82486678507993
561,-0.9948333333333333,0.19389983640337713,231676.26933333333,1.4533333333333334
562,-0.9958294573643411,0.07600832557341532,45935.90405904059,2.625461254612546
563,9.534883720929061,57.944257438924794,126178.68486352358,5.121588089330025
564,-0.9901,0.27122932315978476,449014.7453416149,2.0372670807453415
565,-0.9772222222222222,0.2277734037314462,8645694.720541181,2606.9128974916057
566,88.46296296296224,37.65833248594116,94557.86235294117,2.3215686274509806
567,103.16666666665542,33.856917834152284,37751.919936305734,2.232484076433121
568,-0.9624999999999985,0.13337185461991763,138280.50415584416,1.5584415584415585
570,-0.9941176470588236,0.5127343578237786,421244.29952380946,1.7619047619047619
571,-0.9986250000000002,0.35102849860954827,3145934.015217391,1.6521739130434783
572,-0.9950941176470588,0.5845143237059762,14587.55,1.25
573,22.333333333333336,0.6864669016633775,901966.6666666666,1.8888888888888888
574,-0.1217443973348703,7.639780959087158,1236437.388676081,46.646072374227714
575,-0.1444444444445354,4.007983813638227,85380.56491773309,17.888848263254115
576,-0.9966459627329196,0.18090203186471757,17289239.989130434,2.5760869565217392
577,6.272727272727272,0.560267598363766,1409182.3966666667,3.466666666666667
578,2.5772357723577235,0.07751163653309343,16906470.588235293,1.6470588235294117
579,-0.99875,0.464622436707501,73932.60405405406,1.2702702702702702
580,-0.9999756127301549,0.16829948574171824,1604275.6177083335,4.697916666666667
581,-0.9937999999999996,0.37779645828848063,359207.28540178575,23.035714285714285
582,5.279452054794574,7.518550382827767,2606150.071493418,434.62482977757605
583,-0.99995,0.804487602409487,38552.958333333336,1.0
584,1.79999999999993,21.043689471660503,254982.79848484846,1.4242424242424243
585,3.363636363636364,0.30385289358391326,696775.0,1.5
586,-0.9762499999999991,0.33604735469191427,95949.21929824562,2.0350877192982457
587,-0.9866666666666668,0.8415783368404456,214139.44444444444,1.1666666666666667
588,-0.9888366627497077,0.8138788546949574,3458366.326530612,1.7448979591836735
589,1.0512820512821537,299.8888907728712,44482.33666666667,1.5
590,-0.537777777777774,3.387553384318234,89141.06279248178,7.453778289221328
591,1.5450000000002468,538.9520402595994,1347953.0605590062,441.4321946169772
592,-0.999,0.2379736131001227,399522.0,1.2580645161290323
593,-0.9972727272727273,0.7124508015519716,672.388,1.0
594,7.0357142857143025,140.9799083487095,5152.926666666666,1.0
595,-0.9989343707713125,0.6971581844565503,54430.001000000004,1.1
596,7.333333333333826,86.91882566038103,97268.81429629629,1.8592592592592592
597,-0.9937142857142857,0.5571535792035786,8646.085172413794,1.896551724137931
598,-0.9968260869565219,0.10294881895115819,14392496.734361703,2.526595744680851
599,-0.8219554888721746,93.56266251000952,5930.764347826087,1.8347826086956522
600,-0.9990947368421051,0.1906525242003549,3398091.1611016947,1.6101694915254237
603,-0.9996666666666667,0.4659615805753659,7999.227272727273,1.1515151515151516
604,-0.41192052980138905,0.16966477739382238,55935.706044543425,9.711804008908686
605,-0.7928607142857175,0.7281329014680903,117600.96736842106,1.9298245614035088
607,213.76470588236987,144.852737872856,487244.11035234894,3.0243288590604025
608,-0.998166,0.1283251572713011,243051.02953586497,2.029535864978903
609,-0.9972384615384614,0.2716068272129696,77536.79618421053,1.605263157894737
611,-0.9951165371809098,0.4027619717391606,960478.7227777778,1.4444444444444444
612,-0.9995,0.6715396367244955,4287.1498039215685,1.4705882352941178
614,-0.9999738,0.11485934758737197,648723.4537878789,3.606060606060606
615,-0.9578026533996692,0.10016808394543548,36044.2875,1.9261363636363635
616,-0.9950000062499921,0.4948771032957776,182831.2809090909,1.1818181818181819
618,-0.9998312500000001,0.6866884244368793,6827622.839534884,2.186046511627907
619,-0.9972049689440995,0.6220292179424087,15764717.666666666,1.4666666666666666
620,-0.9994736842105263,0.5543186250634802,4250.996666666667,1.3333333333333333
621,-0.7927499999999708,105.7791213774742,55607.72282608696,1.3043478260869565
622,-0.9989403973509934,0.24656614011301423,14861.169302325581,1.7906976744186047
623,-0.9966666666666667,0.3299367337662901,12177.558148148148,1.8518518518518519
624,-0.9971428571428573,0.128810564421302,356352.1284916201,2.0279329608938546
625,-0.9914285714285713,0.148825036010735,372959.0131097561,35.576219512195124
626,-0.9918918918918928,0.2010055501497573,351584.1449640288,4.010791366906475
627,-0.9998421052631579,0.15443284046071162,850272.5159235669,1.1528662420382165
628,11.400000000000427,125.58332113815652,15225.849261083744,2.3014778325123153
629,-0.9971867007672638,0.6224423544124595,57408.07433333334,1.7444444444444445
630,-0.9982222222222221,0.8161337338971709,720320.0,1.0
631,-0.9983786413014105,2.5600287708615195,11130411.673333334,1.3333333333333333
632,-0.9985999766662779,0.19369954950143498,2504996.6709815245,374.0923787528868
633,-0.9865000000000003,0.47106234300175787,10719.505376344086,1.4408602150537635
634,-0.9940298507462685,0.6367842115218115,56261.28571428572,2.142857142857143
635,-0.3333333333333305,109.88592668907027,5757.037228915663,2.180722891566265
636,-0.9993594306049822,0.5808285940279126,71591.19897959183,1.510204081632653
637,-0.9972926829268293,0.3633450702962188,163484.4915,1.275
638,-0.9962500000000001,1.0404353816756622,972420.002,1.0
639,-0.997625,0.3752151487887776,334170.55454545456,1.8181818181818181
640,-0.9800000000000022,0.48395316031493674,189425.8330769231,1.564102564102564
641,-0.9992857142857143,0.5208508835932151,350666.6666666667,1.1666666666666667
643,-0.9928571428571431,0.4439154119390182,149331.83,1.4
644,39.40404040404344,66.52510093395627,126742.0,2.5123152709359604
645,-0.9990033222591364,4.159331845248347,1029.0333333333333,1.0
646,-0.9994999999999999,0.26616893492850885,27333.248983050846,1.5593220338983051
647,36.43916136278137,185.06419970235532,42174.27109756097,2.2439024390243905
648,-0.9983332857142857,0.21380470404330737,123011.04000000001,1.6428571428571428
649,-0.9976417910447761,0.5741652059632997,122730506.6,1.4
650,-0.8304838709677609,1.572163078818744,66735.04024390243,25.553658536585367
651,0.8206999999997995,2965.6117349314018,31089.666666666668,1.6666666666666667
652,0.37305699481865284,0.1320061994274548,79800200.0,1.4
653,-0.9998006666666667,0.7888441117478371,58625.050833333335,1.875
655,-0.9917054999999997,0.21105315951320633,836273.4987155963,1.926605504587156
656,-0.6928071928071697,9.716865015889985,86267.16176470589,1.2352941176470589
657,-0.9991680532445923,0.3124059248071867,20530.522727272728,1.3863636363636365
658,-0.9980000266663112,0.4308424827074052,924323.4838709678,1.3225806451612903
659,-0.9999306666666667,0.3807701222924341,422369.1956521739,2.239130434782609
660,-0.9840625000000017,0.24899926191556732,38740.57627118644,2.135593220338983
661,-0.8636181818181818,2.0890313049118943,950.0300000000001,1.0
662,-0.9995566666666666,0.2459323466234726,1375802.483888889,2.5
663,-0.9946633333333335,1.2064971723812847,28394.7,1.4375
664,-0.07444444444429976,217.98513132044687,259059.6590909091,1.1363636363636365
666,0.25288888888888894,0.05282561840064368,1749690000.0,1.2
667,-0.8618235294117678,3.930571814732823,46771.24545454545,12.122727272727273
668,0.0800000000000507,5.156156222401514,5942345.430916031,1132.1763358778626
669,-0.9999798,0.3654630496187527,20878.24215859031,2.9970631424375918
670,-0.884591679506946,1.6715451669155412,15918909.475379521,15.521667126690588
671,-0.9950000000000001,0.5683353976197091,2514936.25,1.9375
672,-0.8012000000000007,2.020372847509656,137777.47281471002,5.637906647807638
673,-0.9982499999999999,0.421195373793479,208844.48666666666,1.2962962962962963
674,0.18749999999999978,0.0512676345884798,75426187.14285715,4.190476190476191
675,273.8461538461851,10.469658952996154,13241.780407830342,2.9445350734094617
678,-0.9994991652754591,1.2098869938547039,386631.0,1.0
679,-0.9999480001559995,2.1804358973879463,17399.05894736842,1.4210526315789473
680,-0.9981891891891892,0.4823778663686403,138895.5,2.0
681,12.972055888221288,1.2312134122862988,14517.521497757849,3.283408071748879
682,-0.9157777777777769,0.43746087316767046,99608.66694877506,5.597995545657016
683,-0.965,1.7578674580297569,6993.333333333333,1.0
684,-0.9905940594059408,0.22482541507954118,156243.7857142857,1.6
685,-0.99875,0.7000773603473868,7803110.5625,1.0
686,-0.9961320754716981,0.17976968527190026,109994.94629941127,30.978132884777125
687,18.65999999999978,10.035402474781355,93488436.65512273,7876.0088365243
688,-0.9961538461538463,0.41780079799192865,77938.60759493671,2.5316455696202533
689,-0.9986250000000001,2.740818008166178,9184.82105263158,1.263157894736842
690,6.7788888888888055,935.2739420292772,592323.058,1.9333333333333333
691,-0.9998736842105264,0.923423013636259,399074.999,1.4
694,-0.9949678125000001,0.46564713025000753,36781.518,1.3
696,-0.9859979999999989,1.5952823292395062,8481.271,2.025
699,-0.996397073529412,0.14033001183354984,16740948.938194444,2.513888888888889
700,-0.9976923076923077,0.8160254488284938,1895.4417142857144,1.8857142857142857
701,-0.9988857142857143,0.6355206375292809,33134.113333333335,1.0
702,-0.34078212290506626,12.257901527572027,6229556.935811954,241.18774524600062
703,-0.9995918367346939,0.14380839739442022,207825.52307692307,1.6153846153846154
704,-0.9986721991701245,0.3020848222304596,18219.06866666667,1.2666666666666666
705,-0.9961,0.4801159477055251,101206.25,1.25
706,-0.9992064102564103,0.07202004373748898,5330658.154927114,4.411078717201166
707,-0.30468750000001366,3.9957320741728535,26454.41178988327,8.089494163424124
708,0.8333333333331319,354.17025416230507,2414.54640625,1.28125
709,-0.9990000000000001,0.9997500104192715,2350.55,1.0
712,3.7771144278607043,30.51194444316934,390427.513368984,7.168449197860962
713,-0.9994469273743017,0.1316221737779243,1782809.9907307692,2.2423076923076923
714,-0.9987661574618096,0.05219090631464496,9757155.338509554,6.593630573248408
715,-0.9853000000000001,0.24897346759208488,10698.170588235294,1.1764705882352942
716,-0.999990625,0.24125195479532158,1720359.538181818,1.5454545454545454
717,-0.9957317999999998,0.33721785918696,32861.79371428571,1.2285714285714286
718,-0.9679199999999978,79.24481773666683,24929.874074074072,1.6666666666666667
719,-0.9998363636363636,0.3573109330440108,15631.788671875,1.88671875
720,-0.9999,1.1731171264113793,43191.928181818184,1.1818181818181819
721,31.250000000000014,1439.1166998003266,7755.92918367347,1.2857142857142858
722,4.555555555554944,4400.183895617476,10808890.858538263,42.35081685296647
723,2.846153846153425,8464.933578601856,3416272.3832698413,3.5142857142857142
724,-0.9981750456238594,1.073253120476593,293822.0,1.2
725,-0.999825,1.482147945538464,7126.772222222222,1.1111111111111112
726,239.00000000003774,33.31848154168208,39913.724272727275,2.5727272727272728
727,-0.9990979999999999,0.4688054529911677,14338397.725714285,2.7142857142857144
728,17.27272727272625,5292.606395566944,101412.275,1.8333333333333333
729,-0.9978000000000002,0.1992157278169753,1741439.3909090909,2.0
730,-0.9995028571428571,0.6193677667754511,116720.7,1.0
731,-0.9985652173913043,0.6386062249005185,72854.14851485149,3.01980198019802
732,-0.999575,0.13984421802295474,7956015.76433447,3.037542662116041
733,-0.9608313349320499,9.06142022282377,179391.04328165375,29.179586563307492
735,-0.9957831325301205,0.47443162930786026,12249646.842105264,1.1578947368421053
736,-0.9993846153846153,0.17022407953211424,9104738.128653847,2.2884615384615383
737,2.2137931034483964,21.06180879009499,359357.98311861395,78.42292314526877
738,-0.9990923076923077,0.08061334626214545,279651.0072965993,49.733534222987515
739,-0.9873765779277596,0.697855752568881,154261.001,1.7
740,-0.9999714285714286,0.13444858146867683,638292.024691358,8.550617283950617
742,-0.99,0.33924059684040186,1761.1726829268293,2.292682926829268
743,-0.9998333333333334,0.3212159434539444,128113.84417658731,26.311011904761905
744,-0.1694352159468423,0.10395873881087388,71233.28138849931,24.868863955119213
745,4.64102564102564,0.3909894624041244,306939.9286666667,1.5
746,0.2257669107448146,0.10458454082043385,42976.07241379311,2.2413793103448274
747,4659.00000000001,22.50971064743332,45010.75253674727,27.231389284020864
748,387.9999999999973,1.2823541558728317,34286123.59559859,4823.854577464789
749,3469.9803921568637,145.57055600093028,11669.444117647057,1.3529411764705883
750,1745.6666666666663,75.31356268225532,9457.535209302327,2.372093023255814
751,7.352941176470587,1.5048922172662311,531912.9442105263,1.8157894736842106
752,381.5000000000007,6.348637424117804,12806.769308943089,5.504065040650406
753,1137.3233532934066,1.7062762576330839,675129.1836177693,25.906040268456376
754,3.3125522223120676,0.0795299739759991,19443.778852459018,1.4754098360655739
755,103.15322580645164,1.140874566058636,174009.5807675676,4.145945945945946
756,13.108910891089216,0.2992915839878151,356308.0503412553,42.89488117001828
757,5812.9534883720935,779.3797026599658,3405.3333333333335,1.3333333333333333
758,513156.8947368411,47.141585974274385,113414.57832512315,2.561576354679803
760,0.8336666666666668,1.2979111454908279,600.0285714285714,1.0
761,-0.11764705882352933,0.27953547375502347,996.1428571428571,2.0
762,0.5439999999999987,3.148637511106961,292590.98079673137,4.590398365679264
763,-0.7,0.19303342913056476,177.5,1.125
764,329.0,127.89234779484617,2602.3887096774192,1.6451612903225807
765,5.259351620947628,0.5526018094821316,5993.477777777778,1.8888888888888888
766,-0.40000000000000013,0.3582501212950406,34.150909090909096,1.3636363636363635
767,28.999999999999982,1.6235022032746877,305.4782608695652,1.3478260869565217
768,0.7,0.36341728457193145,6885.0,1.75
769,3.6153846153846168,0.22325651345302996,55508.53571428572,1.5357142857142858
770,-0.7426470588235297,0.06079833285750652,56447.134439999994,9.9
771,-0.46666666666666634,0.31786772406512787,23722.947368421053,1.6842105263157894
772,0.25,2.568052356061596,22.0025,1.0
773,-0.11111111111111005,0.0931375072123958,30163.2468503937,1.8070866141732282
774,-0.575,0.3183012124217088,34456.875,1.375
775,1.0000000000000022,4.094289107947111,19572.30295221843,10.247440273037542
776,1610.1111111111104,3724.6952628683566,80244.32653061225,1.7142857142857142
777,0.20408163265306123,0.1684619864105685,77465.0,2.0
778,-0.4666666666666668,0.32888957138886327,1166.5416666666667,1.3333333333333333
779,0.10607776519441292,0.051704616438553126,35466.1875,1.625
780,-0.00033322225924703464,0.04317041576579621,3173.0327272727272,1.4545454545454546
781,449.0,41.35689062774682,5420.391304347826,1.4782608695652173
782,15.545454545454543,1.2560681046213364,35734.41909090909,11.436363636363636
783,-0.639,0.2572642499560822,10756.01,1.2
784,0.021961295933899727,0.08013334564018171,357381.7581262328,2.998027613412229
785,365.7142857142861,0.5026908359993919,22158.891200000002,6.13
787,0.1880952380952381,0.14098947536285678,2588.2999999999997,1.2857142857142858
788,0.04571428571428582,0.07206794724474204,1324990.0,1.1
789,136.19999999999985,4.628770048575124,175001.53298611112,74.78472222222223
790,103.99999999999989,282.8339249124922,14012.773768115941,2.971014492753623
792,14.666666666666693,3.067867767462329,1727.2199044585989,3.738853503184713
793,0.10000000000000009,0.0010418473077270674,3175.0,1.25
794,-0.4,0.08209742404575385,38569.545,4.483870967741935
795,-0.912621359223301,0.5404642442271593,76710.90894736841,2.3976608187134505
796,74.99999999999964,0.5104202535466572,147410.21681850037,6.66082690960056
797,117.76923076923086,2.6238336085870166,151460.19003645203,5.001215066828675
798,1.0000000000000004,0.5952365333956828,195.39416666666668,1.25
799,1.1094736842105255,0.21030758483735812,182886.94444444444,1.1666666666666667
801,0.10000000000000098,11.408234353793443,1.556,1.0
802,951.3809523809529,238.3371234745886,5256.818181818182,1.0909090909090908
804,0.025454545454545174,0.03617621082292226,11186.666666666666,1.3333333333333333
805,-0.36363636363636365,0.27368723445048104,22584.45,1.85
806,4.388059701492533,0.7242261718993356,2897.7265517241376,2.0344827586206895
807,234.99999999999787,8.342996194922517,475592.1397496409,74.48737943771803
808,0.5000000000000007,0.5233335110356913,2064.0434285714286,1.8857142857142857
809,-0.9618181818181818,0.07267485107100881,40097.440126050424,4.177521008403361
810,1.666666666666667,0.6404295314048528,20075.0,1.25
812,-0.2104847623559135,0.32707014195918044,270059.7,1.0
813,2.357333333333331,0.7314509710083171,2435053.4188138065,312.2297034516286
814,-0.9120000000000006,0.06666356154598024,146296.0708003518,22.725153913808267
815,0.5833333333333288,0.04836371407248379,1368519.8834285715,21.607142857142858
817,8.914285714285716,0.2407551160326948,10386.79865771812,4.248322147651007
818,0.7427507427088988,0.0345335340098087,169906.60615384617,1.5692307692307692
819,1.20000000000001,0.04211966147558563,3250970.381836945,737.6114551083591
820,-0.6218978102189777,0.07738158948890983,144376.32404181184,24.097560975609756
821,-0.1331658291457285,0.056926081176140106,60180.332,2.577777777777778
822,-0.8083333333333333,0.09224426263964229,93148.76535087719,3.962719298245614
823,-0.434782608695652,0.40953553014971966,164022.44,1.25
824,3.4173913043478352,0.0540972514928021,547043.8942307692,1.9567307692307692
825,-0.2857142857142857,0.039949813055199714,27213.23076923077,10.153846153846153
826,8999.00000000003,27.5406539708101,245587.83283783784,69.49227799227799
827,-0.9923076923076923,0.20852985659512419,14489.925093378606,8.33616298811545
828,-0.5999959999599995,0.1479384554473726,152338.24692307692,1.7692307692307692
829,2.719999999999975,0.04937980054146527,349967.5850515464,45.75721649484536
830,341.8571428571429,197.58627013034885,1504.7931034482758,2.103448275862069
831,-0.034959349593496,0.009586183395354208,296956.6666666667,2.0
832,0.4285714285714284,0.10707008110379714,27.802,1.2
833,-0.9705882352941176,0.19472852525801576,2269.0384353741497,2.8503401360544216
835,0.19999999999999973,0.013823140083346019,1916.6666666666667,1.0
836,9.64516129032258,0.6764586461482874,320.044375,1.125
837,3.758874999999998,0.2299689246032043,4856.566818181818,1.9090909090909092
838,7383.615384615408,271.0206185881729,7180.955494505494,2.946053946053946
839,-0.4204545454545453,0.37217682132339763,1551.2,1.9
840,91.85714285714275,0.05985911692784732,862820.6053818509,1.789757412398922
841,-0.4117647058823525,0.1954214320637431,19229.013691275166,6.033557046979865
843,18665.666666666657,1742.6383744426953,4120.710227272727,2.227272727272727
844,24.56666666666665,0.2970773463503491,215618.42474226805,42.27010309278351
845,0.1764705882352946,0.924137718256937,2595.217391304348,1.3043478260869565
847,4.600000000000003,0.5083050443630086,12003.599999999999,1.5483870967741935
848,-0.07575757575757569,0.0317881107727355,55884.96875,2.34375
850,265.5760869565232,1.5333353607777118,629342.9465348669,166.81763719146898
851,-1.1102230246251565e-16,0.3181980515339462,76.12,1.3333333333333333
852,12694.000000000002,1110.2179944422198,514016.9371428572,1.0
853,0.7500000000000002,0.11724727068583002,1166.875,1.5833333333333333
854,817798.9999999987,16.788840628517136,263317.48960282106,6.333333333333333
855,1020.4999999999987,28.309518241030833,172109.96624821684,6.239657631954351
857,21051.63157894737,138.5207099411751,13273.605660377358,1.1320754716981132
858,0.5298507462686559,0.056227032767699234,234587.74891774892,3.8744588744588744
859,0.25,0.1767766952966369,115.33333333333333,1.0
860,282332.3333333343,31.705426877885134,34438.50512540894,10.363140676117775
862,1.0929999999999986,0.5386220383327864,3047.8969852941177,1.5073529411764706
863,2.4333333333333327,0.5611582373511456,3178.511034482759,1.3103448275862069
864,1.2289679098005175,0.2579382128743903,19703.16785234899,5.100671140939597
865,0.0006666666666665932,0.5899627577699761,7267.666666666667,3.6666666666666665
866,-0.8636363636363636,0.5450219774708235,977.0875,1.375
867,1.857142857142854,0.06275161219592658,258168.34130434785,4.653726708074534
868,4.041095890410947,0.047397988734997364,162993.97810015487,6.884357253484771
870,-0.9256756756756757,0.23085848417265425,3975.151515151515,1.4848484848484849
871,1300.9999999999973,31.88771827928841,33188.42195026178,3.149214659685864
872,13998.999999999989,39.718556351193236,29671.565197740114,1.807909604519774
873,0.45999999999999996,0.16348325349541046,1560.0,1.2
874,1.4016666666666673,0.8801897006619319,513.4866666666667,1.0
875,4529.973451327392,12.331883133369663,432592.2844653179,78.20038535645472
876,-0.857142857142857,0.5346468125790051,641.0968181818182,1.3636363636363635
878,-0.7151655119322557,0.09491514415583593,17652.77358490566,2.5849056603773586
879,2.367875647668394,0.7764080966252745,4434.802000000001,1.2
880,0.15909090909090917,0.08173093670440801,24593.75,3.5
881,1809.5849582172752,20.583770697851108,17815.781306042885,2.867446393762183
882,2.1521739130434785,0.23181652526749152,9140.491153846155,1.5865384615384615
883,3223.8847926267345,16.707956177880277,145995.5353863382,5.832026875699888
884,2.8757142857142846,3.764652063953478,26323.582666666665,2.2666666666666666
885,-0.09999999999999998,0.9607307943262359,144.33333333333334,1.0
886,0.4346578558386216,0.21664795071882878,5458.585277777778,1.5
887,-0.043333333333333446,0.03983524294896398,2963.3333333333335,1.0
888,-0.23913043478260965,0.2002656220267417,37611.431261770245,3.6308851224105463
889,-0.46666666666666656,0.5925937520869113,1233.8444444444444,1.1111111111111112
890,171.26415094339694,9.481635260810611,2216773.5284520495,808.2741742936729
892,0.34999999999999987,0.11786291472158097,12060.0,1.0
893,-0.12060301507537696,0.040538842619031824,11196.2,1.7333333333333334
894,-0.1351351351351353,0.03412337537583436,65208.63157894737,3.0
895,6675.851851851815,6.721287628136448,34809025.73678894,2130.704192265992
896,0.0,0.0007441271561477227,893.39,1.0
897,-0.9269999999999998,0.05253391553270055,719037.9305785124,24.791735537190082
898,87100.44927536082,25.618165457882046,1195717.6147476418,77.30117491312262
899,-0.8500000000000001,0.3005730930090433,11851.473684210527,7.326315789473684
900,-0.8400000000000001,0.5752063304228306,1860.5555555555557,1.3333333333333333
901,0.0,0.0,391880.0,1.0
902,-0.9615384615384616,0.23328789369264105,1546.3193277310925,3.0252100840336134
903,0.5107913669064741,0.053086890805510954,68422.51,2.8
905,4.901960784313725,2.1413791890613294,14020305.0,1.0
906,24.00000000000004,0.7082982963120219,10837.251908396947,2.427480916030534
907,0.5250000000000001,0.35348338002087903,521.4833333333333,1.3333333333333333
908,0.0,0.0,1845.386,1.6
910,-0.9998867924528302,0.1848716635673332,1794.9058196721312,3.1639344262295084
911,96910.76470588236,47.88103963007088,207303.51577408257,11.17144495412844
912,7.909090909090905,0.08884387063675787,174825.63442857144,25.75357142857143
914,-0.8717948717948718,0.6164520656498107,416.6666666666667,1.0
916,544.5041367397037,7.435882791466512,6703.83,1.7169811320754718
918,-0.9333333333333333,0.2817642559014397,275.8333333333333,1.1666666666666667
920,0.04999999999999982,0.0004311626714551338,3564450.0,1.3333333333333333
921,69999.00000000003,267.8082131938445,53805.43818181819,2.581818181818182
922,0.25,0.1767766952966369,1933.3333333333333,1.0
923,0.6702997275204394,0.07062831984817207,56282.97055214724,11.442944785276074
924,11456.142857142913,23.787759794841435,17851.100849858358,3.3456090651558075
925,66749.00000000007,18194.06598103617,30201.801614497526,9.274299835255354
926,3.0701923076923086,0.3842569952186705,20570.130701754384,1.4385964912280702
927,-0.10999999999999899,0.057982919994752066,3921453.492359932,217.61460101867573
929,1576.894736842107,23.140479458885387,118382242.30257511,9653.523605150214
931,5482.870967741941,62.90388627023523,47005.864,2.8533333333333335
932,0.37599999999999545,0.13531226672990815,254375.25521327017,4.233807266982622
933,1.0326666666666693,0.039910490697458764,333999.8414893617,5.4877659574468085
934,46.23618090452253,1.562290120481144,221661.24625,3.625
935,2.6299999999999994,0.20236510213651426,5465.217391304348,1.391304347826087
937,0.17499999999999716,0.09122009811456203,11788.525277777777,2.486111111111111
938,498.99999999999994,10.863642134490101,2874704.8345238096,1.8452380952380953
939,0.45454545454545503,0.07207150561605526,432487.0397111913,21.72563176895307
942,-0.47999999999999965,0.858759932547513,972.9548461538462,2.1
943,1.924999999999999,0.08459265694767457,7645979.464285715,1.0357142857142858
944,0.03272727272727294,0.04535126846982341,13835.098039215687,1.2941176470588236
945,4.102040816326534,0.400353906771366,2265.212151898734,3.4050632911392404
946,0.39999999999999947,0.02784411004115491,3638299.574468085,1.074468085106383
947,3.1249999999999982,0.3600709593098103,49935.142857142855,1.5714285714285714
948,0.5490909090909109,1.2559201749670796,14583.506639427987,5.150153217568948
950,2.053571428571426,0.05207744046801482,833252.6975609756,7.154471544715447
951,25.999999999999993,4.509503870269899,249.25,1.75
952,16128.032258064517,4599.379782610811,1542.8,1.8
953,421.5325884543772,18.776947353551485,458926.4747663552,18.05407209612817
954,-0.7,0.5843707705993381,2560.0,1.2
955,0.2500000000000051,0.1414230333487636,13062.937604636189,8.586606567933034
956,11.500000000000007,0.35576608614752553,4389.571607142857,2.5535714285714284
957,-0.6168831168831159,0.20555753765015145,11037875.858596679,454.69844670594534
958,0.5510869565217393,0.05699954244680142,461054.16708229424,10.441396508728179
959,-0.16666666666666663,0.03636964837266539,5692881.818181818,1.0
960,-0.7751999999999999,0.27553624650163916,24959.801629629626,3.0074074074074075
961,0.9672131147541019,0.06358258156595543,162399.42676767678,12.892676767676768
962,31.18500000000001,0.45315992992732584,14250.108695652174,1.8043478260869565
963,3.2079207920792125,0.04473717433539944,131140.75841584158,2.1722772277227724
964,-0.4285714285714286,0.4429339411136565,7325.0,2.0
965,-0.14369501466275658,0.3132628194541107,190029.33333333334,1.0
966,-0.9982551204819278,0.3162036612316452,33480.81294117647,1.0588235294117647
967,554.3719008264484,13.317320473506499,20612926.381468702,2295.636766880237
969,4749.000000000004,55.749997020306594,6905.048387096775,1.467741935483871
970,0.0,0.0,7000.0,1.0
971,0.22863636363636375,0.057335007948554575,866200.25,2.0
972,0.25373134328358193,0.057144464224530525,1206348.0625,5.5
973,-0.20000000000000073,0.1491368745561773,3607.240837696335,2.287958115183246
974,1332.3333333333335,1925.7422173861626,627464.7333333333,1.8666666666666667
975,18324.581395348934,139.42097368197096,26919951.848644577,3704.7356927710844
976,0.8333333333333321,2.0899933295099253,5621.078602620088,3.8777292576419216
978,7.080645161290322,2.958060787643784,9687.75,1.0
979,-0.8866666666666666,0.14492963171287265,11513.594557438795,7.6770244821092275
980,-0.8866666666666664,0.1336273972354417,31034.049636015327,5.890804597701149
982,-0.978730644886847,0.6920670759545723,9731.826666666666,1.3333333333333333
984,0.25789473684210584,0.024847307053381364,868335.3389830509,2.7542372881355934
985,0.22564102564102528,0.03009972795636153,522589.537037037,3.0555555555555554
987,1.5287356321839152,0.06164237448143396,240071.1417816813,2.8732747804265997
988,123.85776352539624,1.5944558372511695,33910957.450005,3587.249791562448
990,2.9090909090909087,0.48819561617804214,2516.8359375,1.59375
991,5.324459234608983,0.7839326849538523,2181.5120689655173,1.5862068965517242
992,7.7499999999999964,0.17696708668795108,2630.8048780487807,1.853658536585366
993,29999.000000000015,112.79258765785781,2575430.5986934206,69.3798413439104
994,-0.03960396039603953,0.05865265637073191,38352.2,4.325
995,0.6251015688480543,0.10287811014536669,116403.38516129032,3.096774193548387
996,17532.039647577087,119.39238003562703,26459010.0913884,1196.4736379613357
997,2.4065573770491695,0.1380314147864342,12612456.9009009,2596.2628378378377
998,3.5500000000000025,0.11584925296889508,12089.944881889764,3.015748031496063
999,-0.869,0.5014737527042683,32.948,1.2
1001,-0.5999999999999999,0.7161245924007252,795.6607142857143,1.75
1002,-0.6692307692307692,0.19910345519355574,7366.815461346633,2.254364089775561
1003,0.33485888634630134,0.04214045466650286,1703673.1659316428,45.19184123484013
1004,-0.0357142857142857,0.04598852373882444,25256.666666666668,2.6666666666666665
1005,0.1423105352406624,0.2647021940754295,11796.501063829788,1.872340425531915
1007,61.42187499999966,4.828194844183596,9510889.143235669,1552.2929936305732
1009,-0.7652173913043477,0.09031575710089344,104309.07894736843,1.5657894736842106
1010,319598.9999999999,21643.66489922165,35499.801177024485,10.992467043314502
1011,29806.692307692374,644.3015260116234,68812.00681681682,6.903903903903904
1012,22448.99999999997,58.269103921308655,53775.70483870968,7.874193548387097
1013,0.02272727272727315,0.09080336869588257,55980.577941176474,4.573529411764706
1014,-0.09971428571428564,0.34409754211352633,8663.566666666668,1.3333333333333333
1015,85799.00000000003,30.886829423538703,22124.399817987152,3.867237687366167
1016,140382.33333333352,67.75216706635494,19214.19589353612,1.88212927756654
1017,734.2941176470588,798.1709876080105,1135.0,1.1666666666666667
1021,9.852,4.929216718041846,964.66,1.0
1024,1.1592356687898087,0.363639743633141,33384188.75,1.25
1026,-0.24285714285714288,0.02224808736613628,36307.22222222222,2.2222222222222223
1027,1045.0251046025105,1262.2764758812002,1132.6666666666667,1.0
1028,-0.4258249999999999,0.1417744566144175,36983.2525,1.5
1029,9.780291970802933,0.03095156380132041,4819550.803423236,142.78163900414938
1030,1.3000000000000007,0.7258124005706948,530.7684210526317,1.263157894736842
1031,-0.4333333333333338,0.07601165373871831,62929.615853658535,2.792682926829268
1032,0.00454545454545463,0.014870949718000029,15049.8,1.0
1033,0.004184100418409997,0.019051634401407107,1457450.0,1.5
1034,-0.17647058823529416,0.10188534162169868,63100.0,1.75
1035,3.714428571428571,1.581139299467263,12395.813333333334,3.5
1036,-0.19999999999999996,0.1858476061754654,17050.0,1.25
1038,-0.708166666666667,0.06864630735389385,366149.12764632626,16.693648816936488
1039,17183.782608695677,13.925233370790693,166503.69190513526,15.59702077616621
1040,-0.3066666666666662,0.059301635243189425,400521.360338983,39.49378531073447
1046,2160.5201900237453,11.681025653189227,65229.08789659224,3.126909518213866
1047,2149.4126031507835,12.152779552992367,81368.33384706579,3.975103734439834
1049,-0.5103310375472114,0.1127193428018333,1751.86820083682,2.1129707112970713
1050,-0.35802469135802406,0.05875950443484446,42926.649404761905,5.779761904761905
1051,7537.461538461536,672.0330194642246,22162.13222222222,2.037037037037037
1052,13332.500000000031,342.1895521571186,268141.04658291454,9.894472361809045
1053,-0.3036809815950924,0.058459950242118315,101922.83687842278,4.355969331872946
1054,-0.5116279069767445,0.03405052805448207,408303.5276568047,15.818343195266273
1055,-0.5179999999999993,0.06508208150793096,164629.7493464052,6.787581699346405
1056,-0.5321637426900578,0.04985205203484825,1435965.3016638935,51.49750415973378
1057,0.20286525206108674,0.05081370875384415,617308.0187648457,25.007125890736344
1058,0.28971962616822067,0.0509723220576227,5617801.8890736345,146.95486935866984
1059,-0.14062499999999978,0.17357475270186634,304736.05306122446,1.8571428571428572
1060,-0.25004687207049436,0.074329351344818,65475.6248031496,3.3976377952755907
1061,37498.99999999994,367.42433571656164,246080.56701840492,3.1558282208588957
1062,-0.5423728813559323,0.29934387628962156,38377.19259259259,2.3333333333333335
1063,25713.285714285714,562.2944033604465,46922.452975609755,2.0682926829268293
1064,3916.0506912442625,22.341796181747398,74997.14510284035,3.3540646425073457
1065,0.78571428571429,0.03758560444480389,638390.3297297297,55.74918918918919
1066,0.3214285714285694,0.03467047559213441,295006.64654226124,26.29418221734358
1067,-0.1304347826086958,0.24679396461090436,21537.8125,1.4375
1068,0.28852695598391986,0.044064804794518894,50195.749228130364,3.399656946826758
1069,-0.8484848484848487,0.19947153280940935,274025.18781006377,59.03897944720057
1071,0.46315789473683755,0.03020280201006941,330156528.9590947,13407.651785714286
1072,-0.9000000000000002,0.05850337897276652,120316.55121042831,30.33705772811918
1076,1278.9999999999995,100.00753621625952,2489646.6687218044,2.9323308270676693
1077,0.6824324324324329,0.06699023249474859,39433.90489913545,4.172910662824208
1078,2.8846153846153855,0.14557839400639264,24573.245098039217,3.049019607843137
1079,0.9047619047619053,2.242723646302867,1409.6666666666667,1.1666666666666667
1080,0.6959064327485378,0.07290842670864972,1320.095238095238,1.1428571428571428
1081,1258.1304347826065,38.274751724302455,54527.8445482866,3.8935617860851504
1082,8.0,3.8072361145215896,18642.088333333333,1.0
1083,7.98,3.4746343940173854,24549.662857142856,1.0
1084,0.2762499999999972,0.0482032217157315,2146255.0859329016,97.38581518540317
1085,-0.33333333333333304,0.04085215640603923,9088443.524735965,411.8401889938855
1086,4626.218934911221,17.885423671156612,11404312.991836734,1141.512087912088
1087,67999.00000000036,70.71169255774163,5692098.036441586,274.7952840300107
1088,0.7415169660678562,0.038909982163349996,12289503.835345773,279.556531284303
1089,62017.18181818187,1153.407476844442,1142637.5436529191,142.71665773968934
1090,6.745098039215697,0.04292811775205008,2763849.273635153,218.06391478029295
1091,1521665.6666666723,942.237009701683,425058.80801850423,57.0497301464919
1092,1356.33333333334,17.446910053171344,62427669.509839,1548.4007155635063
1093,8789.909090909036,115.76880130982374,1308149.2970936492,42.22981700753498
1094,0.7405940594059421,0.06082514782971674,10792512.807142857,164.57142857142858
1095,0.7532934131736535,0.053931315033086874,184216372.2357143,830.8857142857142
1096,55998.99999999982,204.59166287671306,763855.6216752679,28.150456530369194
1097,44426.480916030436,184.26032766312804,3368465.927413412,245.05011053795135
1098,1205.6666666666654,59.543171889507434,15524972.68505624,599.7504017139796
1099,1604.1724137931049,17.46885627757966,8953271.354289254,354.4456488076804
1100,9348.999999999998,17.902979463242286,3423468.4079195475,352.85480829666875
1101,2998.999999999983,17.832635841109756,1397207.310601364,47.53378797272163
1102,19046.619047619,121.42269605834734,373507.620950324,25.399568034557234
1103,2798.999999999989,58.20180241843086,966399.5067168189,34.139172487909725
1104,5298.2518703241885,1.490016079266843,26643.872130434782,5.343478260869565
1105,77698.99999999974,70.72665912883629,703543.515902965,26.720754716981133
1106,159998.99999999994,1162.0752932798684,99648.35053885423,23.71695972773681
1107,5.270833333333347,0.046256343591756365,332758.88243152975,32.78891115564462
1108,637412.7931034478,1019.8121402751649,153675.99746835444,20.72658227848101
1109,1.4615384615384581,0.04336528552814808,2699953.5888888887,113.39111111111112
1110,4631.721202003338,17.503120430998553,11942546.239760837,411.7707025411061
1115,101998.99999999999,72124.18457424665,1083.3999999999999,1.0
1116,161665.66666666645,472.97447424794416,23088.834710743802,2.484848484848485
1117,0.40000000000000147,0.09624983919215868,14768.399507389164,2.7881773399014778
1118,386.21834026851,7.4428363893731655,4931502.44594017,417.94444444444446
1119,10260.29032258064,213.35192113984144,33345.354545454546,2.229090909090909
1120,1.8822115384615397,0.13218575591373144,5005.870967741936,1.4516129032258065
1121,52379.95238095233,719.4417618467886,132211.0979775281,2.752808988764045
1122,704.5999999999983,38.2536584812658,30420.439765739386,2.8067349926793557
1124,0.3320000000000005,0.07471191881561445,75134.8051948052,1.6233766233766234
1125,0.33199999999999985,0.061343084759732054,159363.7951807229,1.7650602409638554
1126,0.6292682926829272,0.06751148744816061,58832.77027027027,1.4662162162162162
1127,-0.1777777777777778,0.09249553001314136,24800.0,1.6
1128,0.19920318725099628,0.09812181446619068,47887.916666666664,1.3958333333333333
1129,-0.19999999999999973,0.05515371429077389,101036.66666666667,1.8333333333333333
1130,0.6170212765957428,0.0613268801530473,134132.51396648044,1.5865921787709498
1131,0.3551724137931025,0.050100429700827426,196403.37606837606,2.0598290598290596
1132,0.5894736842105266,0.06587631218058064,29684.6511627907,1.558139534883721
1133,0.33628318584070827,0.043360738288824675,97711.36363636363,1.7272727272727273
1134,0.3377777777777784,0.04688570098145548,166133.94444444444,1.8333333333333333
1136,0.2142857142857142,0.19972005513565277,274.2838888888889,1.2777777777777777
1137,4324.999999999994,135.73373516207394,154968.3424,3.528
1138,4.695238095238092,0.03512055189316622,87323036.65496866,7754.461772605193
1139,-0.3823529411764708,0.09420550865484721,16846.6704312115,3.595482546201232
1140,31869.00000000002,419.5884917864195,47202.706293706295,1.4265734265734267
1141,0.20930232558139528,0.14799909373671918,1789.3333333333333,3.6666666666666665
1142,0.0,0.052245073480253826,810.0333333333333,1.0
1144,3058.38812237554,1.9424876191592508,410718.9998569896,9.484805148373257
1145,0.08571428571428585,0.19981860554583092,8425.0,1.25
1146,6.49999999999996,0.052497005545516506,55423.95754189944,4.5486033519553075
1147,4.900000000000031,0.04728079281854128,162360.8118556701,9.987113402061855
1148,-0.3827160493827161,0.14291519422048043,25205.0,2.0
1149,17.571428571428612,0.05052355861337381,114716.63474100956,33.564500164962055
1150,1.0428571428571431,2.0042586236494637,8379.65176470588,1.8235294117647058
1151,-0.3696682464454977,0.2627555934530918,8403.87890909091,1.4181818181818182
1152,503.00000000000006,100.40230298522155,39513.977999999996,1.98
1153,-0.508982035928144,0.04402411917202417,6127389.123393316,56.70051413881748
1154,-0.7696907216494846,0.0498907323576216,72272510.04814306,199.8404401650619
1155,2.0000000000000004,0.2104711824221216,1310.6225000000002,1.75
1156,725.5968232510978,9.786493042301693,23569.427184466018,2.262135922330097
1157,0.4285714285714288,0.09521366955090109,350.24545454545455,1.3636363636363635
1160,0.521739130434784,0.03254115785319403,77141.3475177305,3.7375886524822697
1161,0.0,0.0,18000.0,1.3333333333333333
1162,1.7887139107611518,0.045646655174181025,139630.680864486,5.799065420560748
1163,2.6999999999999966,0.05091991660662543,30292.05146316852,3.5923309788092834
1164,8798.999999999953,20.607834072348695,57761.68524032327,23.305401956614208
1165,5.481481481481482,0.08258713751113567,29973.47564469914,3.6074498567335245
1166,0.42842567084991234,0.09869225160238267,8170.215957446808,7.960992907801418
1167,14.336666666666682,0.11061422462463558,18173.325648414986,2.6714697406340058
1168,1.7162162162162171,0.5904548983224855,8821.6,1.4285714285714286
1169,4373.999999999988,23.061252431342837,89049.02709847984,5.41044282881692
1170,4294.180722891551,18.666593756809053,128149.60116569525,7.843047460449625
1171,3290.5717539863285,3.979982670830943,2657608.960214231,313.5786789084417
1172,1963.6739130434728,4.054659925295484,6908482.169147497,958.4522327469554
1173,12759.000000000036,15.763842212844432,165064.9974226804,12.427262313860252
1174,7735.677115987403,13.069679753553691,13069118.760972934,1504.1847110460862
1175,3.2857142857142865,0.12650144396422014,8220.0,1.8833333333333333
1177,0.22249388753056243,0.15732693664541772,1616156.0,2.0
1178,0.21026894865525692,0.13143879293390792,1358.5,1.0
1179,1408.3023255813966,31.46322297985231,21192.141833773087,5.005277044854881
1180,1405.976744186043,41.405503560581664,19647.34381632653,6.506122448979592
1181,4.0,1.395652109859009,10.366666666666667,1.3333333333333333
1182,11.218481301149874,0.10146288939224994,3727617481.495146,163.09223300970874
1183,2958.016393442619,51.51050655857916,30996.285714285714,10.441558441558442
1184,1.734999999999994,0.2595916636530057,28109.85546875,4.265625
1185,0.6631355932203371,0.03493988507862832,2782025.4137423313,85.2760736196319
1186,257.76078169923665,2.558690019236967,3769353.681790123,142.60123456790123
1188,119.8333333333339,1.7035651116883204,7322922.198603335,258.7933293627159
1189,7565.462167689139,14.97118894808765,766045.3613080265,40.3608506745941
1190,1.247191011235952,0.050199194028835624,155987.02186311787,4.427756653992396
1191,215.91176470588184,8.251355841879212,79876169.09033613,2934.6890756302523
1192,95.44444444444389,1.6976222575997577,47421329.21305464,1735.4240071663182
1193,-0.3802479008396642,2.3242619578518746,4464.0287499999995,1.25
1194,0.02316602316602312,0.038650245742803305,66623.33333333333,1.6666666666666667
1195,863.9999999999993,3.274831655790272,169564.52976116302,5.009345794392523
1196,1351.9705441837225,18.752213618561857,8505935.949111188,398.35964310226495
1197,2.2470588235294104,0.14359466862359135,2831.5138181818184,1.490909090909091
1198,7011.500000000008,52.16915151697481,21808.185595567866,2.457063711911357
1199,4399.000000000006,113.79728795672875,37643.18419090231,20.85234899328859
1200,1.0,0.7071067811865476,1000.0,1.0
1202,0.09090909090909105,0.030679436687850187,981901.5714285715,41.095238095238095
1203,-0.1807909604519774,0.07094729364826054,16925423.666666668,201.20833333333334
1204,370.57142857142986,4.177199212219108,9451412.405418923,491.1700708628595
1205,1.7511627906976717,0.07379601131694948,17159.101893939394,2.0606060606060606
1206,23.624999999999957,3.9457843201123,121983.40565149137,5.75353218210361
1207,3.2799999999999985,0.15892577140778127,593061.304347826,1.2608695652173914
1208,2.220446049250313e-16,0.10245266265575559,299785.05263157893,57.43421052631579
1209,-0.1428571428571429,0.18421761589912777,6562.5,1.5
1210,4.92549019607843,0.1613276840481693,85745.56666666667,1.6666666666666667
1211,-0.08965517241379306,0.06125258774588273,104559.4,3.0555555555555554
1212,28004.277777777777,120.94500665036315,50539.67347826087,3.86231884057971
1213,-0.020000000000000018,0.011547005383792526,199.25,1.25
1214,1152.4413807619455,3.139617256938386,19440.32088681447,3.736289381563594
1215,-0.1363636363636367,0.5573044811137366,39553.096153846156,6.730769230769231
1216,0.06699999999999995,0.0005322309105706636,1060.3733333333332,1.3333333333333333
1217,32.20512820512816,3.0039834288671994,45436.780778985514,17.07246376811594
1218,-0.007385524372230834,0.02445800176294819,707055.5952380953,5.761904761904762
1219,-0.08571428571428541,0.03005915813566403,1770309.3444444444,17.37037037037037
1220,-0.04411764705882337,0.028312793816678537,221746.045,4.55
1221,-0.979203125,0.12825993005708375,1513110.2580645161,64.1774193548387
1222,-0.98,0.2285705616122615,30294.0,1.7
1223,-0.037328358208955636,0.045625899793954885,100604.61333333333,2.6666666666666665
1224,0.02985074626865636,0.029300299797781895,200289.64545454548,4.909090909090909
1225,-0.07142857142857129,0.031561257811480385,106830.12,2.65
1226,-0.029850746268656803,0.046582283722830284,41613.0,1.7
1227,0.0692307692307692,0.060617210386475405,24797.14285714286,1.2857142857142858
1228,0.06153846153846154,0.04539880674472524,28106.25,1.625
1229,0.0923076923076922,0.040915931278112064,84750.0,1.5
1230,-0.532934131736526,0.032032704487492875,126825.35751295337,4.064766839378239
1231,0.06766917293233066,0.04784933105773618,18633.333333333332,1.0
1232,0.5600000000000018,0.6592047144081297,40497.56167400881,18.70044052863436
1234,-0.47384615384615414,0.07691878779466363,13452.551724137931,2.057471264367816
1240,-0.008498583569405027,0.017143127605321322,576275.25,2.0
1241,27.488372093023195,4.924052198235414,749535.8474764281,179.2140876317249
1242,-0.09230769230769276,0.08585327341117585,1381491.8416666666,29.75
1243,3.6153846153846105,0.03880528616650201,336644.23895253683,22.7962356792144
1244,-0.1517857142857142,0.04516488951475,67923.36538461539,3.25
1245,5.200000000000006,0.05182985760074601,122921.94673768309,5.165113182423435
1246,0.0,0.0,43100.0,1.2857142857142858
1247,3.776119402985077,0.3245164857578812,41423.74,1.64
1248,-0.8738170347003151,0.043147010244206266,1196840.5676274945,8.037694013303769
1249,3.3801652892561957,0.13383624421775547,50783.42142857143,3.369047619047619
1250,-0.5545390570021127,0.14980884500665467,913699.8174620629,124.93248295579502
1251,-0.4818181818181827,0.06366703511346603,21450.756983240222,1.458100558659218
1252,-0.9794117647058824,0.10864841002295839,372349.29095607233,122.99018087855298
1253,0.7595056218350353,0.14599475830155545,12252.021428571428,1.8571428571428572
1254,46150.07913669049,680.2465532106562,39724922.82369886,4219.581908968696
1255,46519.000000000175,685.2459210503039,611214.9619586422,48.24756145142411
1256,1.4746268656716417,0.07014376019236146,271624.3243243243,2.472972972972973
1257,-0.6444839857651243,0.17718680785346289,12235.406068249258,5.341246290801187
1258,-0.938235294117647,0.16542905106787398,12898.890736478712,4.42692750287687
1259,-0.2846153846153846,0.09414915529826424,75030.0,1.6
1260,-0.9999988461538462,0.36688066179330314,4287.685185185185,3.074074074074074
1263,-0.5,0.19376224779466777,2831.896551724138,5.085457271364318
1264,-0.9666666666666667,0.2984066323077592,3695.8457894736844,2.1842105263157894
1267,0.44433333333333347,0.20995121164229127,7437.071428571428,1.2857142857142858
1268,0.0,0.0,3300.0,1.0
1269,0.2686567164179121,0.030847093716071475,16982.327586206895,3.8448275862068964
1270,0.15068493150684792,0.03464261315663455,115775.06451612903,5.645161290322581
1271,0.4651162790697678,0.054752337045041816,19808.941176470587,1.7352941176470589
1274,0.3124999999999998,0.06259815356855072,41089.041666666664,1.9166666666666667
1275,2104.263157894739,6.6591398147859415,14480.547945205479,1.9726027397260273
1277,-0.12499999999999989,0.08838834764831836,7833.333333333333,1.6666666666666667
1278,5.100200000000002,0.19814377259175864,35871.49119047619,2.357142857142857
1279,20162.8,2599.0656059725916,53029.5,1.0
1280,4.349999999999987,0.02743828988725004,12307926.84476367,881.1964782205746
1283,22.21172638436478,0.0665139529497751,38548.18967741935,2.8141935483870966
1284,20.788273615635234,0.06557977630017806,44736.84726522188,2.457172342621259
1285,2.8909090909090955,0.0341849245058944,152471.31064572427,16.44240837696335
1286,37942.03797468353,8.269695709534329,188123.70212914483,3.8464223385689356
1287,1425.8172888015827,11.34584348652736,109012171.25736739,10926.95442043222
1288,1594.999999999996,12.233589980909192,2820027.6061331015,406.60787298825574
1290,-0.49985,0.010253048327204988,2653.6133333333332,2.6666666666666665
1291,-0.5692857142857138,1.76662355859892,235.875,1.125
1292,-0.6666666666666666,0.4375756335523686,557.9109589041096,2.671232876712329
1293,12798.999999999996,227.55666891324248,17748.666666666668,2.857142857142857
1296,0.21818181818181825,0.08050214884532701,2372592.8571428573,1.0
1299,-0.36538461538461353,0.03678463180763327,52794.496941896025,21.198012232415902
1300,-0.4399999999999967,0.03635157435963892,15548.22570772762,9.990053557765876
1301,954.1923076923093,1.4211934282713907,2807670.627109156,168.0231907237105
1302,2.2105263157894743,0.14727051082394627,17320.095833333333,4.566666666666666
1303,3.2166666666666632,0.09048940617612507,21562.56689189189,3.5382882882882885
1304,0.4285714285714286,0.16995134026587863,30233.333333333332,2.3333333333333335
1305,4.783018867924538,0.10142559752651022,13934.0969762419,3.2116630669546438
1307,12.000000000000004,0.6273403183756305,159.94736842105263,1.7105263157894737
1308,1424.6150839273457,24.936069415213804,183290.3574097136,4.418430884184309
1309,1121.8947368421077,20.26003464939566,10614733.224904215,375.1475095785441
1310,1023.634146341461,33.98289387125548,99409.81407563025,3.93172268907563
1311,3.750000000000006,0.10440204893257761,15109.595705521473,2.104294478527607
1314,3.810690423162587,0.278269065352632,3567.964285714286,1.2857142857142858
1315,0.3265306122448972,0.030753981895761475,19565.102272727272,2.3863636363636362
1316,0.8224845488257087,0.055816054470626916,1113508.6832911393,3.4968354430379747
1317,2.1910828025477707,0.43256056304718327,260661.9108450704,4.366197183098592
1320,3.865384615384629,0.026882796737000673,8029857.397944502,1613.5395683453237
1321,-0.2875633089476569,0.029940110825947264,57673395.826526314,9057.698315789474
1322,10346.50000000006,17.120434347182986,14035680.055539971,1642.0709677419354
1323,2957.33333333333,34.98790865374968,317732.21506682865,18.66707168894289
1324,0.14509122502172067,0.016851612101425283,2039776.8333333333,148.0
1326,4.756756756756773,0.05915023655558499,464080.76885165105,308.28831936914736
1327,4122.711340206187,139.8577298946436,3891.09375,1.671875
1329,2.95238095238096,0.03214355098834138,1462018.296555436,76.79870828848225
1330,2.1100000000000003,0.4798116205357945,59305.52777777778,12.069444444444445
1331,-0.15662650602409633,0.0802013581093538,83657.25,2.325
1332,0.08000000000000007,0.027423558651273796,1043.3366666666668,1.3333333333333333
1333,648.9350064993497,15.168085445089645,21692.08125,1.4375
1334,0.9285714285714319,0.024723318547070106,4760845.069450363,1073.476139752876
1335,-0.0588235294117645,0.15286113701755058,47919.22222222222,2.0555555555555554
1336,1268.0721649484517,22.63723125269085,563470.3590864917,54.7575315840622
1337,776.2357723577251,20.332193411159533,14234272.514121981,1055.9083094555874
1338,2217.0124223602497,23.454781624876535,6626331.178725702,261.02591792656585
1339,1223.1176470588177,23.22953859376308,12243305.200863931,558.7122030237581
1340,435.9999999999997,9.98184399556017,89394.32475247525,2.207920792079208
1341,0.8370000000000004,0.2759534802284586,73229.98333333334,1.8333333333333333
1342,5.043956043956044,0.22246051651852297,19368.503067484664,2.03680981595092
1343,448.9999999999999,77.37441144274659,2835.0222222222224,1.3333333333333333
1344,5262.157894736851,71.11025058784736,16458.606024096385,6.614457831325301
1345,2.220446049250313e-16,0.23452154076418963,3780.0,1.2
1346,8.94117647058833,0.3113232242450098,38085.54549509367,19.892952720785015
1349,199.51036682615538,3.7594621326088795,39631004.280150056,5157.3281886387995
1350,7.679999999999989,0.08690748839331976,35763.92405063291,4.317606444188723
1351,4452.846153846155,20.97739100800404,162423.13815789475,20.691611842105264
1352,207.66282332534095,9.577102901745778,15427.156277695718,2.6307237813884785
1353,206.30397422126626,17.891449118317286,120567.65836044242,8.82010409889395
1354,300.9201616978289,4.14327796490867,222961.33218186436,21.250698501397004
1355,18.64285714285721,0.07651779173986671,210818.59625511995,50.53188999414863
1357,771.0000000000038,31.220039090124914,89725741.54010272,9068.229948636903
1358,2.322580645161293,0.1458126939983721,25271.25356125356,17.085470085470085
1359,57249.00000000017,4971.926980001133,97489.81152542373,39.19661016949153
1360,0.5757575757575757,0.11659677155680061,13005.061538461538,1.5384615384615385
1361,32203.666666666686,475.60375667810405,527061.4092099323,3.3972911963882617
1364,176.81924820048002,13.27288928288954,46154.814002828854,20.775813295615276
1365,0.10112359550561756,0.010921825723578277,259783.73333333334,7.52
1366,-0.01255605381165914,0.030087648726269657,175467.66666666666,1.6666666666666667
1367,0.0,0.0,512.5,1.125
1369,6302.999999999968,23.232631546718476,627236.5324324324,230.03513513513514
1370,0.10000000000000009,0.04690451278342238,17458.333333333332,5.833333333333333
1371,46.27272727272728,4.9324218067758325,39734.184162062615,10.062615101289135
1372,33.7454545454545,5.402738558923691,78572.97380585516,10.631741140215716
1373,-0.6274509803921577,0.050740692150997205,3797512.1658640984,691.0866773675763
1374,0.09090909090909083,0.018532947004111736,3198.3333333333335,1.1666666666666667
1375,-0.07142857142857151,0.09943204361986206,3337.1428571428573,1.4285714285714286
1376,60.430000000000355,2.199518950144155,323630.3593196315,64.38766832034018
1377,-0.1265402843601906,0.027784333724095358,40744897.35142857,3930.518961038961
1379,-0.2635714285714327,0.040537376297789,47547640.252178006,5663.940899458441
1380,-0.9369061193462561,0.0482675415452915,867321.1745704467,20.924398625429554
1381,-0.9007500000000004,0.10523668346353113,16750385.426220806,3875.4251592356686
1382,1.2361111111111045,0.01851630274096788,3316836.9131054133,150.5911680911681
1383,0.5445906432748511,0.024583316460803913,30602356.759366434,5449.558635394456
1384,0.49,0.27546759613374117,5501.767441860465,1.744186046511628
1385,859.0000000000002,108.12689904933592,93202.71860465116,1.627906976744186
1386,4.272463768115935,0.028061158506649805,61433049.21201117,6598.817039106145
1387,0.684271619268721,0.02047226263583241,27965906.223444976,3666.485885167464
1389,-0.6851798561151072,0.024822107646816076,5693539.260158692,1412.4352007694158
1390,1.1600000000000064,0.0335699240198327,11100267.137424374,1180.4188994526073
1391,1.8807017543859699,0.02216806023853125,18981940.052110977,2221.771773220748
1395,9.460000000000003,0.1677132393362655,21804.612541806022,5.60200668896321
1396,0.010833575079775226,0.0029155506613602698,203775.06363636366,4.440559440559441
1397,0.4289494575284474,0.06474378261925663,60606.08867924529,1.6226415094339623
1398,0.4554114845197148,0.024713045003209578,563518.9786324786,6.6752136752136755
1399,4614.384615384613,174.53727659502158,21464.985582524274,1.6844660194174756
1400,0.21212121212121215,0.10895696610709737,32616.666666666668,1.5
1401,971979.0000000008,20.738433801732864,23393.760726846423,3.7221570926143026
1402,998570.4285714277,40.47116900271268,16712.537906137186,2.8231046931407944
1403,6149.400000000002,213.50307053348365,15277.124492753625,1.7971014492753623
1404,0.37602540354591163,0.08873523886889668,9265.745714285713,1.2857142857142858
1405,4.217391304347828,1.3377754041901233,5268.026190476191,1.5238095238095237
1406,0.4157184440328128,0.11505744888970905,122255.54285714286,1.7142857142857142
1407,0.899999999999999,0.1615381924171356,581065.644117647,2.235294117647059
1408,0.18962962962962893,0.09654525366716254,73689.93003342884,27.72063037249284
1409,20900.92926045015,256.3878715074017,54512.058437499996,2.3958333333333335
1411,-0.07599225556631184,0.03201402400621424,39690.90909090909,1.3636363636363635
1412,6160.599999999999,325.33970807831497,255506.37333333335,2.5833333333333335
1413,1.160493827160482,0.37271764985679756,245333.53052711414,60.660219946909365
1414,4831.528180354267,395.1210081868407,6359.850487804878,1.9024390243902438
1415,4124.412541254124,883.9806142355587,13606.678125,1.75
1417,2.8852913968547673,0.029407245002707583,21202738.00341297,385.5204778156997
1418,3041565.2650602255,2115.4673966819487,110959.89266960353,19.260352422907488
1419,-0.6428571428571432,0.1363126986465683,9992.721893491123,5.875739644970414
1420,6943.444444444442,2173.0871132489196,1260.6944444444443,2.0555555555555554
1424,60.53846153846149,0.2946534246200488,20830314.697453603,971.1497626240829
1425,0.1717777777777807,0.032313442212246364,24733529.796725012,1394.2732919254659
1426,63.16666666666676,0.8393536225653478,7098.839650145773,3.9679300291545188
1430,4.002608695652148,0.03128810475098225,72997231.82819493,6967.564893088016
1431,17.40712223291627,3.939264024158056,14653.125,1.125
1432,0.8195550672892062,0.30029269681981346,22287.5,1.25
1433,139.3026559604694,0.5648885532933812,4721.40625,1.75
1434,-0.051000000000000156,0.0037465905121431614,21863.59375,2.0625
1435,119.378331900258,4.3327077566228995,45967.86536842105,9.4
1436,107.09141445336627,7.982315308353533,3591.3222222222225,1.6111111111111112
1437,1.4941176470588258,0.0327855208411404,57341026.922361806,8483.885175879397
1438,-0.06646676661668727,0.02307032705797471,24883295.388359256,5376.269192172605
1439,0.03571428571428603,0.0298204294624338,6255928.208582292,392.8506246605106
1440,0.00395000000000012,0.003688500363659035,190546.01111111112,4.111111111111111
1441,1.629999999999995,0.08569181808599191,932730.4122287969,9.925049309664693
1442,-0.9044117647058815,0.366593128169857,1959239.746105919,123.2496105919003
1443,1.6162790697674594,1.8352527827912495,428079.8592777086,46.21129099211291
1444,0.9286694101508921,0.029437064321658615,11568128.528872594,363.4390467461045
1445,-0.5937050359712246,0.03172917945691516,55079434.72498717,5184.4704976911235
1447,-0.06571428571428739,0.025667534366446563,2426252.4696868756,128.88074616922052
1448,1.0000000000000013,0.022437059980116792,38117311.09695291,580.4736842105264
1449,18.999999999999996,2.592724864350675,4474.95,2.0
1451,8.318181818181827,0.11670090817744386,15494.93661971831,4.126760563380282
1453,8.801762114537437,0.0317225329681925,3252243.84375,59.21527777777778
1454,-0.41951219512195403,0.02705148829739026,15878665.329776159,1896.258979698074
1455,-0.8638830897703547,0.2054264519602809,29471870.662581485,4727.121512385919
1456,917.5493460166406,16.0371919859091,21165750.510516703,3609.934237995825
1457,-0.8763157894736843,0.03715386064338062,2486627.4852507375,92.23746312684366
1458,0.14941176470587592,0.02853144837463561,31535169.85011771,3775.2288778446245
1459,4.263200000000011,0.10494417010761281,2067276.786122449,27.473469387755102
1460,6.778981581798477,0.08915117145269721,26150008.976544175,1589.6989835809227
1461,0.10000000000000253,0.020501843146569918,2930093.4339285716,97.21339285714286
1462,-0.9756,0.030091074399217287,2084251.0405040504,298.45394539453946
1463,0.23028571428572375,0.029356560909897748,1406651.4730728616,326.0308870116156
1464,-0.9712569712569714,0.047968643122340546,5522960.779979145,347.237747653806
1465,-0.5267857142857144,0.039011177496393636,1401151.1245614034,63.17368421052632
1466,2.2467532467532476,0.07665898424445734,121961.1081081081,3.144144144144144
1467,54.5925925925926,1.3137886956723663,2855.134328358209,1.835820895522388
1468,36.03703703703707,0.4384488608715238,2903.7066666666665,2.2933333333333334
1469,7.761904761904756,0.030496801720205014,125552.64253393665,38.98670814479638
1470,-0.6862222222222221,0.051087420701287516,41267.58672615728,12.682097044060233
1471,-0.8711111111111104,0.06646268132029413,28082.512544802867,10.793906810035843
1472,6.000000000000014,0.03926519236096305,33842.66376042456,14.427217589082638
1473,-0.9920393120393121,0.42486205196414284,23656764.6,2998.5389558232932
1474,-0.8036000000000001,0.05230475055962208,5121724.004884005,458.53968253968253
1475,1770.0227272727248,24.09752279505023,94930.0605573419,9.511254019292604
1476,1390.8367346938653,16.7227638410748,32989560.4947651,3580.195436241611
1477,857.3333333333346,46.327440574880086,9464.364806866954,2.721030042918455
1478,303.695304695305,9.291453250254621,275930.2709884467,12.286264441591785
1479,321.64957264957235,8.038407292361722,23813819.69490085,1345.356940509915
1481,-0.47737556561086003,0.032434699017902885,4098663.874580067,120.498320268757
1482,-0.6446666666666665,0.042899287967302996,4588823.425790754,365.82968369829683
1483,16.68488745980707,0.3398704488476588,6218.0,1.3176470588235294
1484,0.5635933806146523,0.02346227540084013,15424019.507092198,1658.9781778505183
1485,-0.9070588235294118,0.031045743980288185,12033210.294757666,2869.404055390702
1486,-0.7708737864077662,0.028855568510428302,1828580.673582296,357.362102351314
1487,0.533333333333331,0.06878080916108696,35740.21978021978,8.307692307692308
1491,-0.9512605042016807,0.045146214148784426,14641712.325331125,1533.4561258278145
1492,-0.5940104970669944,0.027139863654297908,14088042.329030486,3087.138972809668
1493,-0.4159827213822901,0.039409086158510125,7836777.57826685,1381.1477303988995
1494,-0.8280777537796973,0.0340532814276539,3297688.978770334,682.5508684863523
1496,0.3333333333333328,0.04795615183002293,3942.448275862069,2.4482758620689653
1497,-0.7942857142857134,0.9227208706675383,46982853.88969114,7219.233854793421
1498,-0.6109936575052852,0.03128841640865434,2058687.0564971752,187.19915254237287
1499,-0.4641758241758207,0.02908558536897162,819641.0859419465,69.82555492316449
1500,-0.5370370370370365,0.15981622902836665,6851686.976117745,1772.2241044154403
1502,0.10446428571428434,0.02391660224550272,24320788.504031137,3272.4904086738948
1503,0.4336432797971215,0.02873142903065129,10762806.07011686,1893.5667779632722
1504,-0.025141097998974016,0.03568351185707373,40076.7,7.22
1505,1.5196506550218332,0.03159402077365382,28502112.356872637,590.329129886507
1506,355.2322946175638,319.6978514544128,4769.4,1.6
1507,3.540000000000018,0.03331429743760615,107935815.57927519,14771.869762174405
1508,-0.18378378378378435,0.030455332864300126,10414778.716090987,3415.557146868857
1509,-0.8741935483870961,0.029440421498784564,975485.8807984256,172.54877705931966
1510,125.25000000000107,0.9858797974652066,344755.8110651248,85.39227023737067
1511,130.37500000000043,0.9356075163160679,492504.80291808874,114.89192263936292
1512,-0.40379746835443164,0.02969574479785567,62697475.51405284,10895.378302417088
1513,-0.9312766967252014,0.04203779009546262,96564.96763421617,26.39513242662849
1515,-0.86041055718475,0.037288284296012525,1563063.341438356,186.08253424657534
1516,-0.16987951807229373,0.03292234361966308,9179559.500703631,2053.97213622291
1517,2.2512195121951053,0.29481668409690215,321561.25522218004,29.86745157614888
1518,132.4806629834242,2.0010576284000567,1507567.252,137.20184615384616
1519,-0.3575252825699007,0.023776599033867675,1289521.6140350876,208.51778093883357
1520,0.15157894736841993,0.3011064058135962,127739.42308975643,17.94361027694361
1521,-0.4154696132596699,0.05148304788641112,9492336.465217391,759.9144927536232
1522,1.63,0.35379876297381374,2393.9032258064517,2.3870967741935485
1525,65013.084507042186,45.4260778532468,34631.79710144927,4.780538302277432
1526,-0.6716417910447767,0.031215261792464106,578891.040560116,32.49106711733462
1527,79713.28571428577,79.0944077584816,15859.82456140351,2.431578947368421
1529,-0.8337129840546693,0.03956294417892564,4493516.955394191,466.7116182572614
1530,2.0370370370370368,0.6030959209286656,2322.8571428571427,3.7142857142857144
1531,2.7500000000000004,1.2125955060856781,1446.125,1.375
1532,1.987323943661952,0.02879050665368404,11227462.657834757,1633.4746438746438
1534,-0.0317848410757986,0.0732192073270341,4148908.5387906446,730.9575014261267
1535,1.686666666666671,0.02717601581996522,19488599.362054206,2882.5837375178317
1536,125.9999999999998,4.517335568104174,24988.800643086815,4.620578778135048
1537,-0.4902749832327292,0.027298529928913937,2042805.370524563,65.26477935054122
1538,29.81664098613247,37.47070965426168,54942.62605042017,29.96638655462185
1539,-0.48703170028818876,0.025202134789342915,2203231.462264151,88.02695417789758
1540,0.14199890770071355,0.03094668910107226,38652804.55028571,7722.346285714286
1541,0.11846153846153729,0.02663583788729595,694759.9839163651,25.207478890229194
1542,-0.31509433962263866,0.027988156780468905,4771656.2046883935,867.6549456832475
1543,0.049552238805967486,0.026917092637257077,69067081.30904908,3749.6434049079753
1544,-0.660949151896685,0.0401784654174482,2531371.832957111,6.711060948081264
1545,-0.5562499999999979,0.026675818359817315,19074924.033562824,4199.508605851979
1546,-0.6717557251908399,0.03307911533978449,2700134.8238410596,353.6569536423841
1547,-0.5622580645161308,0.034014241139952404,46835625.67919656,9268.499282639885
1548,-0.7031578947368435,0.03921574791601414,1805889.668297798,408.61481999300946
1549,-0.8474285714285713,0.15969617089520688,211612.10879478828,31.952442996742672
1551,-0.09166666666666723,0.026329825598926687,43879329.0284401,5833.085033036484
1552,-0.2973333333333301,0.023523547725610598,725308.2872763419,52.55566600397614
1553,-0.5455958549222828,0.0626176671755256,636702.0546690307,141.1911938534279
1554,1.7714285714285607,0.5409465511341676,787160.7702012616,113.46230099128867
1555,0.04127266659250162,0.017419301480557547,6888093.256410256,49.84615384615385
1556,0.2665310274669359,0.031678653853883396,5856276.086374695,195.1654501216545
1557,-0.3653846153846143,0.03708974842481832,50741692.54145729,3205.0150753768844
1558,-0.5866060355518814,0.03850382467208913,589769.1885714285,8.397142857142857
1559,-0.08358874338255762,0.04912119425344762,26827874.347826086,215.2608695652174
1560,-0.2479674796747976,0.03664512521565741,7618637.031437126,205.32185628742516
1561,-0.12518853695324272,0.030135878417856195,6813824.036363636,178.38787878787878
1562,0.06866757617098806,0.03872111551443987,2954229.8913043477,81.15217391304348
1563,-0.9236942675159238,0.031394623296572534,1665302.384817625,220.32448205427488
1564,-0.069551058385669,0.023739250009217644,4648136.680640244,266.1417682926829
1565,-0.1333333333333323,0.024682934992474488,4751827.870588236,61.78823529411765
1566,0.0954407294832813,0.029387948218871814,929176.5117845117,11.432659932659933
1567,-0.20403587443946203,0.03505413693819602,77352.83597883598,2.931216931216931
1568,1.1955403087478542,0.02511641671146565,2524499.9505664264,26.464469618949536
1569,1.3840148698884613,0.02168514868310672,1498370.4492992873,140.65380047505937
1570,1375.770538243626,88.5653374859622,848690.5241935484,23.387096774193548
1571,-0.20467836257309924,0.0378036994952363,63066879.74194485,4926.346008708273
1572,3.443965517241363,0.0801014030176179,1832983.4802955666,315.4750175932442
1573,0.38465182378019547,0.03021802081981729,3702022.9556650245,411.7771883289125
1574,16.9272727272727,0.5404988025180725,39813.59807073955,15.264201500535906
1575,2.3000000000000127,0.4810458781232569,129818.4916739702,41.185363716038566
1576,0.10134529147981719,0.02778824190621677,15279681.017945006,3307.963531114327
1577,-0.004834810636583975,0.03634531568085756,1841615.8170974154,73.78528827037773
1578,0.17573529411764732,0.023957013266812627,5134792.041291073,1322.5065425995929
1579,-0.019607843137254388,0.02581742112439863,33446968.380827505,4319.738636363636
1580,0.10743670886075929,0.028168217053151666,15920341.8,239.2
1581,1.3444444444444472,0.06083808629050032,17694241.44960293,2729.838729383018
1582,-0.288028802880287,0.033382021900847395,3370198.2941358024,904.7765432098765
1583,-0.22819237147595706,0.03316401943751945,1465829.846870839,15.894806924101198
1584,0.9658536585365842,0.028756916406993082,2247066.775417299,146.77086494688922
1585,-0.9820627802690584,0.10802329007211954,6763261.053662691,969.5741056218058
1586,-0.5510145755930274,0.0423941285911465,142022992.6161616,3404.6414141414143
1587,0.9791026429010456,0.026828207268614745,10943658.396184886,795.969185619956
1588,-0.9978981481481481,0.20025678954718276,3953832.871840094,1048.6760728982952
1589,-0.36538461538461275,0.026667188986277072,1784968.5772357723,171.6996951219512
1590,-0.315454545454547,0.07137761796657632,5689182.776670574,1605.1811254396248
1591,-0.9601706970128023,0.2844724997271473,12442087.697323266,1466.3493479752917
1592,-0.38697318007662884,0.075393128981853,31029.856102003643,3.5828779599271403
1593,-0.6400000000000003,0.029616471913472133,3304180.4486714974,362.7850241545894
1594,-0.5491803278688527,0.04307815885240292,98432578.7784091,3644.3011363636365
1595,-0.4857142857142863,0.026120399745858117,3811725.316378908,358.2865142323845
1596,-0.9953326713008938,0.04199958355014128,12010450.979930796,1082.156401384083
1597,-0.3941605839416017,0.030014218292492036,798022.9606458123,80.45358224016145
1599,0.5247619047618981,3.9459124212222925,14213.580891719745,5.492993630573248
1600,-0.13043478260869568,0.04814427665116407,531767.7142857143,4.571428571428571
1601,4.103092783505164,0.08261533468701387,3915482.769547325,425.00748222970446
1602,0.45197740112993956,0.024438550924854745,52883148.22004226,5502.137639601569
1604,1.0976047904191573,0.02515813258851056,59661479.95460048,8350.396489104116
1606,0.46296296296296235,0.11076528595125197,1825887.0532463072,288.69563723806255
1607,-0.37368421052631606,0.08600935017463478,20774.444357976652,10.040466926070039
1608,-0.9986693877551021,0.589820279024379,170558655.59597155,10372.80154028436
1609,0.41374947279628005,0.030374616729647502,40470560.17469658,5926.809121000368
1610,0.07515971439308622,0.010975010020309837,19911945.339805827,280.94174757281553
1611,-0.783673469387755,0.052493543408984086,16359657.001419445,3481.181689141235
1612,1.1478040540540504,0.02706065044162427,161426571.39654446,16811.906026127264
1613,-0.19999999999999718,0.11114092005256897,33430.39333333333,21.24
1614,0.6412213740458017,0.6671452904608103,52414.555555555555,8.297619047619047
1616,-0.8333333333333331,0.12948874460757567,5725.711340206186,1.907216494845361
1619,-0.6399999999999995,0.34450310299869924,94565.12517193948,45.448418156808806
1620,0.1512706736587317,0.019631275671802784,9382195.657001648,952.5110378912685
1621,0.031968031968028665,0.021119522949215857,494283893.07182866,27241.46985172982
1622,-0.6536585365853687,0.03843735810493714,329889.8501070664,30.637687366167025
1623,-0.13714967203339323,0.025238033179007018,153635297.8487395,6880.050420168067
1624,0.7078880407124684,0.017111730592352364,45893028.26635514,2058.058411214953
1625,-0.07004830917874383,0.028931527089709832,28465350.08955224,2608.791044776119
1626,0.3600000000000003,0.14982511694275957,3464.75,3.75
1629,0.33103448275862,0.01978144036236898,3757459.931372549,158.7450980392157
1630,0.8373121131741736,0.02249537589888933,55522228.52791014,7303.076582709326
1631,0.7007419620774915,0.025484358402870697,23323284.6026603,5383.097203274216
1632,3.2091836734693766,0.0165022183241527,46000204.76730245,4381.612534059946
1633,2.3466666666666542,0.023551657353584485,27910393.047554348,2660.991847826087
1634,1.4555555555555522,0.023767688176549208,61588867.70008873,6272.333185448092
1635,0.22523364485981223,0.025331041310744918,6678590.986509859,2154.298166724317
1636,-0.40395692461808197,0.0240922781500586,134237294.86493954,11931.91433506045
1639,0.3260273972602741,0.021724187794226815,23195550.8083045,4048.2134948096887
1640,-0.4542974079126879,0.1900417062176279,546656.4859813084,12.700934579439252
1641,-0.7937931034482769,0.04568892364781581,129333517.60816891,14178.375216337834
1642,0.10023041474654315,0.019401345927142984,1693886.0840400925,66.45566692367001
1643,2.1641961231470974,0.018450650367289895,7485675.124521887,1378.4708882277944
1644,0.6908517350157688,0.021295611887239597,12529720.221098902,1541.3736263736264
1645,-0.07692307692307643,0.03003382399930197,29612966.234567903,2901.8024691358023
1646,-0.3385826771653564,0.022356666092993527,19152962.308450703,3668.7933098591548
1647,-0.9866857142857144,1.7739643302906631,8708163.818348624,1064.5889908256881
1648,0.07368421052631269,0.02464552848043801,28231880.22395464,7385.615875265769
1649,-0.04761904761904767,0.03367175148507373,1406266.6666666667,12.666666666666666
1650,-0.3256013745704477,0.033026700963785065,7627288.125533428,1778.8936699857752
1651,1.4672675833936437,0.01833401157587724,4813323.938381862,479.6076372315036
1652,0.3424999999999858,0.0298518101773279,4339140.939415795,813.5441759826903
1653,-0.6468599033816431,0.031663342761254876,10931567.635409124,2343.618754525706
1654,-0.21733333333333227,0.17651085055561513,480305.6668145519,80.09094942324757
1655,13.94883720930238,1.1470253280795277,704729.0491694352,215.9435215946844
1656,-0.1655629139072825,0.028627040260141002,900152.0478654592,22.59379042690815
1657,1.5365853658536581,0.1463564504900207,19854.636363636364,1.3636363636363635
1658,0.6004123711340164,0.034826570009652995,2608558.901730104,249.76075135936728
1659,2.2597826086956574,0.08955618607605721,106806.59814528594,10.248840803709427
1660,-0.6581818181818184,0.06396124736932061,233122.6142034549,9.932821497120921
1661,1.4175098988121482,0.03742301409255714,412914.8006706587,31.525149700598803
1662,1.732452830188684,0.020952840592891122,274518.16384222475,16.170261066969353
1663,1.9186111111111077,0.03351840299188054,537234.1690909091,2.6363636363636362
1664,7.628400000000003,0.026027385878422238,358045.8050037679,8.485305199698567
1665,0.9619496855345906,0.0296214259287192,517011.8751041666,39.78888888888889
1666,1.1701754385964938,0.027501639347065128,784558.3086885245,100.25914249684742
1667,1.1082251082251031,0.026786657763230415,471894.322757177,34.66925837320574
1668,-0.9963581833761783,0.2834866256801731,25502809.958808064,2215.080631025416
1669,2.095238095238095,1.6942213897274248,56.6,1.2
1670,-0.989389534883721,0.4210959921950066,3688593.845771144,526.4084577114428
1671,-0.5487309644670052,0.02498693163607637,9677891.351310862,1889.7344569288389
1672,0.7935302390998551,0.03845834814774803,265426.9396444122,10.674165457184325
1673,2.205035971223018,0.10045130911148144,49742.94825765576,18.44139387539599
1674,-0.2897435897435888,0.036855322375186864,4103383.164319249,663.8615023474179
1675,-0.5041880572818156,0.033720007459293926,38120717.4440678,3967.840677966102
1676,0.3980645161290315,0.03018976810232223,1860172.707604384,185.3695198329854
1677,-0.07297420564536394,0.07856457097375102,311604.05898854963,23.408396946564885
1678,0.16858237547892752,0.02263050406743616,6824781.241935484,388.27016129032256
1679,3.359058823529396,0.024944996090869708,14439833.679418515,1334.8848508033666
1680,0.7587607922803428,0.017561022993620255,1918137.428367444,192.06520704426464
1681,0.48679245283018857,0.019468592529681975,2849423.6725082146,289.2990142387733
1682,-0.19668508287292952,0.030023395207995927,8058910.159348791,2497.689689195856
1683,-0.5263157894736831,0.02152267645071286,5378265.523383085,610.9771144278607
1684,-0.6899999999999997,0.05337798662390497,128805.25207468879,44.940871369294605
1685,-0.6687499999999976,0.032008637760368136,1648233.6044427124,464.7961808261886
1686,0.18844984802431353,0.1331771181168737,187729962.52367905,11740.233268101761
1687,-0.4923384410393057,0.033959061871361745,496653.92903973506,25.47019867549669
1688,0.017605633802812104,2.154695882024652,1283542.497032641,284.3293768545994
1689,-0.8927613941018768,0.10892028606398706,155546.0510948905,84.27737226277372
1690,0.006666666666666599,0.005071372080300461,1285.75,2.5
1691,-0.31568431568431465,0.22299501870405136,505306.79158316634,168.02805611222445
1692,-0.7878048780487812,1.1294280749880532,3670900.261166253,596.9950372208436
1693,-0.9994574064026045,0.181188968003081,179063.98566703417,136.63065049614113
1694,0.4385382059800629,0.027114597528483064,55759430.68695306,8219.114558472555
1695,-0.8219178082191783,0.0319433349412673,1673185.628685259,345.9406374501992
1696,-0.5445794392523353,0.0336250459092927,487057.29544799996,101.5128
1697,1.0459459459459435,0.018946689811181083,4571016.553435114,360.08396946564886
1698,0.36111111111111827,0.021654326234540562,52779736.96343913,10487.754921655283
1699,17.71074940657854,0.17034484191674967,266600.51943217666,26.761514195583597
1700,-0.6509945750452085,0.04188693380660341,142538.8949219858,3.7106382978723405
1701,0.020705882352939797,0.018738474781999623,10179440.254604993,1092.0884158821123
1702,-0.055416666666662895,0.01630328587073767,78975985.77093486,7893.946389011963
1703,19.967741935483936,0.8001025757789739,4024574.323224262,1407.1029529130087
1704,1.233030303030302,0.02366702924423394,326463.2454223968,5.132612966601179
1705,0.9992307692307689,0.02550390802405621,75617784.07682672,6742.171607515657
1706,-0.020988490182806352,0.04050598045724624,382980.09379647754,4.271037181996086
1707,-0.5897058823529417,0.04760498391086552,330643.03811034485,14.026206896551724
1708,-0.28808040770102217,0.031965029986049255,297690.99238627893,11.457867263236391
1709,-0.15588079703756208,0.026752058455119233,224015.57992711372,17.294460641399418
1710,-0.5153762268266094,0.04412278555579054,564133.3569287697,106.55781683626272
1711,0.5894845360824748,0.03402256394890287,355466.9638924339,7.2306289881494985
1712,0.2355086372360804,0.028053890760157685,377943.60222992493,21.127671865973426
1713,1.0117647058823396,0.024606963434206226,505410.9914857386,41.65006385696041
1714,0.5600220264317184,0.3229419118111424,193330.9,1.25
1715,-0.0944281524926689,0.0307520553230137,1415417.0222359155,167.80868544600938
1716,-0.6462492731149427,0.040372769155789724,3276289.238342657,269.07202797202797
1717,-0.9054929951426745,0.04322483859802232,789708.5169092272,26.3390847711928
1718,0.831084387890652,0.3944281835559243,224196.83333333334,1.8333333333333333
1719,-0.6633581013640906,0.040313378908001275,905362.0448788694,44.720053835800805
1720,-0.14712153518123616,0.38954880126987634,274948.0,1.8928571428571428
1721,1.86796956586603,0.17761438765406626,86843.85714285714,1.2857142857142858
1722,-0.10240770465489557,0.13177319112401217,113090.55555555556,1.0
1723,-0.44753363228699594,0.048155392420856834,273874.734515571,1.8235294117647058
1724,0.7792805755395649,0.03302776602445695,301441.2470306038,12.409429280397022
1725,5.163317384370012,0.051952406268099174,219474.2924155194,6.260325406758448
1726,0.3944572748267907,0.030246669102262484,787235.795701275,70.28415300546447
1727,2.1938461538461747,0.1777399048163019,128092926.0664723,17180.362682215742
1728,0.5753846153846152,0.21487126016250424,4318.772727272727,1.4545454545454546
1729,0.6922043010752705,0.04037557897008893,340833.35003957787,10.850923482849604
1730,-0.8928571428571426,0.2514326150441362,7650187.648023143,3141.702025072324
1731,-0.8979381443298968,0.2679448475532588,41810322.82256509,9688.171648987463
1732,-0.4352823588205903,0.05557435473758933,246105302.03882915,16472.710872162486
1733,17.774563318777297,0.033856586954109084,237713.68682203392,4.765536723163842
1734,7.653787555609718,0.04143395130239778,264182.0842702703,3.482882882882883
1735,-0.48759493670886045,0.029105574866338083,1036812.3434453268,106.53695784972511
1736,2.028235294117639,0.03214283742452518,17904385.528211806,2675.995659722222
1737,-0.5227344992050881,0.02292152467152466,26977144.713525835,1304.461246200608
1738,1.1571428571428566,0.03567617405929716,132722.87563049854,6.9178885630498534
1739,-0.7018229166666672,0.031597835076920884,865615.3616652212,246.7055507372073
1740,-0.7461979063796174,0.03472799819494103,381446.58225037256,27.10655737704918
1741,-0.13513014583717853,0.030437750835506566,432470.53135101794,25.99074645280691
1742,1.0460301997077415,0.027641577179532396,830139.5560249151,75.54303510758777
1743,4.367535466842621,0.03480536337773831,180069.79570302233,9.342969776609724
1744,-0.6996800465386854,0.04160913951594392,450424.90395348833,18.11627906976744
1745,-0.3901973265436015,0.030687524830029587,316882.467928,20.0016
1746,2.3140096618357524,0.03551920794741319,208990.00318181817,11.836829836829837
1747,2.2534464475079576,0.05698722780336783,162353.05723790324,3.405241935483871
1748,10.069819160765453,0.03402407859631796,311946.0483846154,1.893846153846154
1749,7.428860418071469,0.12811921360570852,212057.8063142857,3.6142857142857143
1750,6.882030929245927,0.03774653257915087,347832.81297263684,5.560945273631841
1751,5.009478672985764,0.020084775845233365,266075.22987917555,6.508884150675195
1752,-0.7696827262044659,0.26853033601093407,1187167.5261153427,269.1507072905332
1753,-0.3952671755725219,0.021672451674676543,35363257.68555896,5784.946076282332
1754,0.20469798657717986,0.06642676519370679,52131.03746397694,37.10230547550432
1755,-0.07407407407407651,0.03772884318273809,113069.93603313391,71.865623561896
1756,-0.035049627791566396,0.030747444414170516,766087.4240963855,11.496512365250476
1757,2.906249999999998,0.06347790214110413,39760.27374301676,6.895716945996275
1758,-0.5748828491096531,0.03570818077916016,2208799.9870689656,16.59698275862069
1759,0.6607553366174088,0.059099346688864685,288593.0575499093,2.7132486388384756
1760,-0.6107281785299942,0.08137002975730473,1221565.0919587628,114.16494845360825
1761,0.4507197011317434,0.02860986055813662,115342.70394557824,10.401360544217686
1762,-0.454688455824522,0.051534937268286445,569810.8242158273,27.11223021582734
1767,-0.6156583629893215,0.030568074672416727,542050.6806287426,10.671407185628743
1768,-0.4678362573099426,0.019660813059257414,13221051.561771562,1536.6142191142192
1769,2.188542650299022,0.05142538839432145,442959.4810126582,1.8987341772151898
1770,0.16875000000001084,0.029179209729268508,24702006.139478765,2823.1655405405404
1772,0.03263973888208893,0.020803965202306953,7345.166666666667,1.3333333333333333
1773,4.5606116433308825,0.025915033816858248,479738.3364377358,7.7222641509433965
1774,1.4841915085817505,0.02436404942488484,236952.74063800278,45.189320388349515
1775,1.5453692848769016,0.04940449602864665,188422.72555379747,18.765822784810126
1776,-0.29961089494163573,0.041521132434575024,407901.6045428072,128.05824111822946
1777,0.44400000000000994,0.017727711702494008,10872951.964147286,2099.1371124031007
1778,0.21626506024095882,0.01974453244403156,126268304.82775351,14854.832120329937
1779,3.0356521739130438,0.025539512871200442,33106384.33602875,3308.1006289308175
1780,-0.9739299610894941,0.04743394742910227,978445.3834482759,145.0
1781,-0.5390243902439027,0.05874956369052134,1137681.8379096545,506.6412754650133
1782,5.932791144244894,0.04333876259958741,429608.9119196428,4.558035714285714
1783,1.8909845046173133,0.024154290638488413,518497.8508196721,1.8442622950819672
1784,2.492873292047584,0.030508891297343625,250854.4634450402,6.882037533512064
1785,0.5383966244725682,0.019172412662026486,765171.130870382,14.405134627426424
1786,-0.5938375350140057,0.3326561342821161,155521.13692307693,97.27846153846154
1788,2.3915789473684304,0.6235721111323725,32733617.172888014,4488.16961362148
1789,-0.45965642894325476,0.03517134830325159,10011603.62409514,2016.6949327817995
1790,-0.7069531249999974,0.030085823268602152,1384926.4157729805,111.99233983286908
1791,-0.137951105937139,0.03200426848162046,12063455.912571132,2840.320227625453
1792,0.010344827586206362,0.017231567380518023,297666766.39553016,28491.029625779625
1793,0.4774193548387091,0.033133500746542206,55494141.75813221,6485.504721930745
1794,-0.414457831325303,0.03450217170285101,26638520.474590164,4846.481967213114
1795,-0.5458106267029976,0.026592937464503516,77846399.90623336,11909.458710708577
1796,1.0897747783096605,0.13654403942044926,563480.8529411765,1.8823529411764706
1797,-0.18998701145353902,0.03706277041747919,2604506.151218725,254.84665052461662
1798,9.105263157894772,0.2788964662220453,2202206.8250497016,778.3250497017892
1799,4.428160919540222,0.037015028868797165,17721958.436748713,2915.9622209502004
1800,2.3361897170187387,0.05635666814695901,356570.4880655738,39.12950819672131
1801,-0.016936104695920773,0.018645272834184833,7288916.502439024,715.9073170731707
1802,4.49523809523808,0.07890265414432016,6928770.941287879,1899.893308080808
1803,0.03471971066907398,0.02400437881590647,634342.8399029715,65.05700424499697
1804,-0.1256830601092892,0.04877668803074935,1505123.409221902,5.70893371757925
1805,0.596695329624009,0.039884860434189595,296542.58974358975,1.4065934065934067
1806,-0.3855177993527492,0.05027120807200968,164646.70613861387,5.2549504950495045
1807,10.383076923076938,0.05617232099634867,72353.43081761006,6.721698113207547
1808,1.6660590178876595,0.08673051241042215,324708.80305084743,1.7372881355932204
1809,-0.4196969696969707,0.03199317665143855,12021406.142676767,3201.693813131313
1810,5.183823529411784,0.4011852031004872,38215072.36174636,9851.39501039501
1811,9.714285714285744,0.03467621176930752,353192.8303341902,5.16452442159383
1812,0.38848920863309355,0.019907670841782323,5388801.006355932,1033.3898305084747
1813,-0.25,0.09710082856145173,110817.4479638009,59.10407239819005
1814,3.2999999999999954,0.11201459538439397,74141403.41338582,5996.157480314961
1815,0.4027615258600552,0.03892153974585109,51360.567943661976,5.101408450704225
1816,2.876361306854581,0.02717494880489028,119603.25600910469,5.482549317147193
1817,4.635514018691575,0.02462352856554267,381310.9734866469,6.2373887240356085
1818,1.2170681348933323,0.024338955662616426,114242.46994863014,2.86472602739726
1819,0.8652037617554844,0.033672340357944794,2860671.073512252,62.93115519253209
1820,-0.5259100642398283,0.07251194797169998,137531.79674725275,16.923076923076923
1821,0.5378432914942353,0.03917236121798639,147564.3725,2.217948717948718
1822,-0.5972273567467663,0.0369773408911096,555349.65894081,10.91381100726895
1823,4.145248762084407,0.030475555471569188,233530.1464044944,4.598314606741573
1824,1.0068441064638787,0.030751103196175335,95959.31995807127,8.29769392033543
1825,34.51020408163247,0.04114909100016281,466838.79069767444,59.11845930232558
1826,0.9759496987162697,0.04055449836447529,196292.97788395904,5.764505119453925
1827,0.8080161670596142,0.03725232066654728,127630.3046277666,3.0885311871227366
1828,3.739649249683586,0.034027341039789986,508328.7658890702,7.512234910277325
1829,0.8771791093059174,0.04168603444431102,183080.86304347825,1.790513833992095
1830,-0.042490118577075076,0.03720622785071652,8810755.666666666,3.3333333333333335
1831,1.616632860040566,0.03841658646932354,70579.8593814433,1.4879725085910653
1832,0.17226197028068269,0.04258177436550169,133871.31205128203,7.73992673992674
1833,0.5287049399198944,0.03349813429788621,58258.79575757576,1.3393939393939394
1834,-0.8335370751982114,0.03569423759393402,299743.85717416374,13.349480968858131
1835,7.344827586206884,0.06627001380370405,149396.89957567185,82.92362093352192
1836,26.315789473684198,0.0394400968590038,70814.83406113538,11.410480349344978
1837,8.334166666666668,3.129499537283352,24286.125,3.0
1838,-0.6169014084507041,0.050393184935175264,12572.015384615384,5.030769230769231
1839,0.22816901408450718,0.01977336018508315,19352267.387171563,4857.176197836167
1840,0.12140575079872673,0.025824371662381683,950963.3230519481,478.73376623376623
1841,0.12580645161290316,0.029872544746524426,316267.05258764606,300.2253756260434
1842,0.05759779338013904,0.039049263972183286,342546.5946969697,1.356060606060606
1843,0.20218579234973055,0.025636257131538703,280487.3999490446,8.080254777070063
1844,0.04647140864714028,0.02638081483541282,252003.92839662448,4.9985935302391
1845,-0.5419157088122598,0.047048386593961766,496700.86317939614,15.13854351687389
1846,0.8294153471376333,0.043853345608620815,214557.9498753894,5.686915887850467
1847,2.8434864104967312,0.03378826369022122,210510.82697974218,8.681399631675875
1848,-0.06298076923077034,0.050166621966373545,359699.4207053942,8.253112033195022
1849,-0.04406779661016769,0.029373445585051252,2844914.658051846,281.75098193244304
1850,-0.008262817322048921,0.03343890170623293,519000.6742143601,25.643080124869925
1851,0.14166300043994684,0.045494498902634385,345841.4090909091,1.5
1852,0.4669315260574889,0.03077584272560644,114265.42201834862,1.275229357798165
1853,2.291844620703681,0.032756144125098745,326193.854137931,3.2395644283121596
1854,1.1570741584408997,0.04893272090233282,110688.04277777778,1.4365079365079365
1855,0.09199076540578921,0.06379302932435693,114691.63829025846,15.984095427435388
1856,-0.5916749256689788,0.04561973691389949,1175228.455839416,80.06569343065694
1857,1.323529411764703,0.8325147585140729,396806.9463087248,187.99328859060404
1858,1.8520069172658582,0.03235747146664869,312323.2559081419,9.847599164926931
1859,1.0797674071865218,0.05784020258383076,85520.12930635837,3.846820809248555
1860,0.5269444049481002,0.038992901066752204,179318.97820945946,3.731418918918919
1861,0.9813409079778597,0.042625944211901676,185177.90837209302,1.569767441860465
1862,-0.5673868312757202,0.033555422616890804,700689.0767922606,17.08553971486762
1863,0.0321111111111112,0.01046530673418795,106225.66666666667,1.6666666666666667
1864,1.3975887107822995,0.02846885319633222,182357.10264957263,8.136752136752136
1865,0.7565217391304353,1.7999907849486536,355703.0740740741,25.85185185185185
1866,0.37391304347826093,0.9881200875756841,182836.88461538462,20.115384615384617
1867,2.8586956521739117,0.06492021180176327,210149.79542395694,31.052489905787347
1868,0.45652173913043614,0.057000135893179614,158246.9760319574,29.71238348868176
1869,-0.07226890756302529,0.017070998407105,52264653.94369548,6655.345757335448
1870,4.821262640065579,0.04884309993456682,97232.05784565916,2.5434083601286175
1871,-0.962640099626401,0.11033077531084806,55551.42657342657,4.8671328671328675
1872,-0.4784533648170015,0.08274845126934742,883590.3990373281,124.77799607072691
1873,0.9433870180575894,0.11620123670975994,47390.18297872341,1.6170212765957446
1874,0.27182718271827233,0.03928090458027024,99545.275,1.075
1875,0.6314706890641046,0.0634950272383951,206778.25549145302,11.527777777777779
1876,0.9856990899420897,0.046360105203754755,121246.17488839287,2.6450892857142856
1877,5.547008547008557,8.30975665302715,59488.329004329,5.796536796536796
1878,-0.3136181087988319,0.2124976592192702,126858.36363636363,1.7575757575757576
1879,1.9492753623188297,0.03177877609289973,14614868.539951574,4642.333333333333
1880,2.9993437243642256,0.0842160917207888,84387.21233429394,5.648414985590778
1881,0.7978723404255381,0.03650128307975778,127531.22352941177,60.38725490196079
1882,1.216643220430691,0.03351403620507602,332375.53472222225,1.1875
1883,1.1670521817540296,0.030210477534556118,118255.43820598006,3.637873754152824
1884,0.538317757009346,0.03174089825845023,201941.7684529828,57.61071789686552
1885,0.4874165382639941,0.04055337439394066,158340.54642642642,4.411411411411412
1886,-0.3489237577952128,0.04704759663852653,1007725.2056183745,133.70848056537102
1887,-0.2026041666666687,0.027260519187902375,5684941.739093959,1291.1870805369128
1888,2.680981595092019,0.03096202371622298,766208.133447391,94.30538922155688
1889,0.6161431701972238,0.029283663487481276,49557.07481481482,2.6481481481481484
1890,1.6835443037974698,0.0960022289357002,117842.90578887628,75.75936435868331
1891,-0.4081841432225052,0.07102886820607404,21131631.75972973,1534.2179054054054
1892,0.5756302521008374,0.06471461994791601,67073.39277456647,10.06936416184971
1893,1.61643835616439,0.030370763793908656,24823276.820124667,5389.363312555654
1894,0.11062801932367305,0.026599538357735823,10990865.64075067,1840.0974084003574
1895,5.300000000000008,0.5902602415451494,2171551.6357142855,649.2214285714285
1896,0.645714285714295,0.0392592804983999,149163859.4940639,9293.063013698631
1897,1.9149866407578364,0.06636617893531381,55562.140861538464,4.467692307692308
1898,-0.2590757908145206,0.05902860005346769,491797.03682382137,53.24317617866005
1899,1.1590389016018334,0.026083333224172757,157858140.5889292,21017.887477313976
1900,0.18647540983606414,0.061395310231390325,501750.81992687384,200.6124314442413
1901,17.550000000000026,0.36100285637240553,355915.5398089172,165.59235668789808
1902,4.358874878758484,0.07191293096096629,13274.272340425532,2.782978723404255
1903,-0.03499999999999914,0.03533643426817503,148348.76438356165,79.0054794520548
1904,0.7741071428571371,0.040507921141628364,160853305.60037002,13616.925994449584
1905,-0.10083333333333311,0.04628688487757072,115719.40056818182,62.28267045454545
1906,-0.25897435897435717,0.033349217987234864,15283139.728464419,3973.373595505618
1907,0.97751902236569,0.1047123098740848,153488.77852459016,5.032786885245901
1908,0.12249999999999917,0.01923241383668184,802701.9208416834,336.73446893787576
1909,0.6574999999999867,0.024618099926389532,388934.5667011375,204.68562564632884
1910,10.140000000000004,0.03559118484530505,37230.85016648169,11.819089900110988
1911,4.312499999999991,0.08514760860025679,22317.94472361809,7.5125628140703515
1912,0.26778523489932216,0.020253998276198525,73990476.79861796,10742.91707798618
1913,-0.6186285295196179,0.022802179798366188,4577967.266666667,910.4287581699347
1914,-0.8210993513144413,0.042711167038659056,196916380.54274353,16606.813121272367
1915,1.0690909090909075,0.0202158754367352,17072424.69085487,2314.1729622266403
1916,-0.43243243243243257,0.07398404348237173,5575493.529411765,1163.2058823529412
1917,1.1912738079157097,0.07469632597459051,183085.07142857142,1.0714285714285714
1918,16.257039055404178,0.960324501712884,13853.25,1.5
1919,1.2895622895622902,0.4550047163672118,338233.61122824973,153.935516888434
1920,-0.678362573099415,0.0808166819520466,7578.260869565217,13.195652173913043
1921,-0.8828571428571429,0.12166221237202657,3814.139534883721,10.581395348837209
1922,-0.41216216216216184,0.27178470924845133,7607309.618163055,2594.262125902993
1923,0.07230255839822086,0.02050692374622843,12337374.093360996,3957.311203319502
1924,-0.7538461538461539,0.03825141455193259,42753825.73063973,5192.231200897868
1925,2.0282101167315254,0.028972562828364728,301958031.3069519,22106.332620320856
1926,-0.671626984126982,0.0307264561000317,46388461.57158235,4790.916038751346
1927,-0.43909348441926255,0.03078765975242529,19772167.677277718,4568.194291986828
1928,-0.4549767047861071,0.04290655073938133,61632.00746268657,1.0746268656716418
1929,-0.04434782608695642,0.017434177394578365,682194.8333333334,22.77777777777778
1930,0.2555999999999965,0.028293441117599412,6002436.2860465115,859.7162790697674
1931,1.077102803738315,1.5245762132203267,754266.9137168141,366.94690265486724
1932,-0.45479345284489514,0.03522568910947055,519786208.4651712,33389.939787485244
1933,3.104197530864198,0.02910139106081478,199716848.58937198,13054.619565217392
1934,-0.4703639514731386,0.03914903681991092,113237938.03995158,12101.33171912833
1935,-0.13256756756757004,0.05696790687782296,122866842.1393597,6321.408662900189
1936,0.15271739130434647,0.056616422008528226,56188123.839263804,6676.960736196319
1937,0.5514285714285727,0.03207679001743009,10970236.486404834,2024.3232628398791
1938,1.2826666666666702,0.03838608610390497,2013952.9258698942,236.86989409984872
1939,-0.13479052823315296,0.04528128025119595,15134221.190095847,2939.6757188498405
1940,7.641196013289036,1.1968636787984863,4681.5,2.2142857142857144
1941,1.2829268292682925,0.04172248549729172,46505544.58264463,6314.5495867768595
1942,-0.01980874316939829,0.03587529094114148,20369139.05498282,5576.211340206186
1943,0.5698466780238511,0.04461004919592384,123770.32056179775,2.0224719101123596
1944,-0.6246984598255698,0.052735963417761544,17520845.65038674,2694.988950276243
1945,-0.6842881504355443,0.05146885078800239,962169.738517647,57.39058823529412
1946,2.3198721184586866,0.02753744728246711,186882.90673003803,8.060836501901141
1947,-0.8613778046663337,0.05646573432420725,330142.29250704224,13.664788732394365
1948,-0.8515127142238447,0.06450730992601754,2949658.306572668,250.72234273318873
1949,-0.6620020524302637,0.05459637493219139,1792360.222593516,199.59102244389027
1950,-0.6710533214491694,0.04722883073469012,823658.4163655915,44.15483870967742
1951,1.4751630303518213,0.03188806422990179,134835.58643939393,11.583333333333334
1952,0.10117603136083586,0.11170474275260907,71342.985,2.888888888888889
1953,-0.004413512137157127,0.0458795743563824,153726.9131880109,10.907356948228882
1954,-0.7674330426389993,0.0497582290219782,1056052.648125,94.31018518518519
1955,1.6562091503267982,0.03218848146049919,1094400.3596875,29.380208333333332
1956,0.6432341144184102,0.06958950133260862,45883.89242424242,2.9696969696969697
1957,0.5980392156862742,0.04083050805835755,3730.2195121951218,2.317073170731707
1958,0.22170172084130257,0.03596864799987486,145939.43964664312,7.692579505300353
1959,-0.6495609756097556,0.05144915473606148,551802.8653825857,20.770448548812666
1960,1.8191518255538734,0.033969895947197605,176791.04352380952,9.633333333333333
1961,1.5679417122040062,0.04178678170194183,105047.24856115108,10.870503597122303
1962,0.5832363213038414,0.09400574182292636,70515.8164516129,5.145161290322581
1963,0.6735119230061906,0.03646555602763316,232661.39234234233,7.81981981981982
1964,1.5796502744609828,0.049579941910520293,116434.14270676691,17.105263157894736
1965,-0.7747516717522556,0.05985000501062708,576293.1273015873,99.07936507936508
1966,0.4180930379082237,0.03456178611158628,118198.28090361445,2.8734939759036147
1967,0.5919398293668598,0.028512179334760863,116156.7755279503,2.0745341614906834
1968,-0.3912235278496975,0.07767594144566768,139556.7925,9.696428571428571
1969,0.3788191577208928,0.035555207118368584,273872.4761928934,11.390862944162437
1970,1.5293507092607563,0.03322771859048771,692593.5352631579,3.6432748538011697
1971,0.07660840461137841,0.043171957568526355,144530.3042857143,2.208791208791209
1972,1.803786663907717,0.03861015113164332,192568.38879310343,10.198275862068966
1973,0.31374466114341537,0.027448057999914264,133090.17167763156,13.634868421052632
1974,-0.4465200361554683,0.05041816528429311,310552.2368666667,26.526666666666667
1975,0.5597922420544947,0.038453206104721596,114466.5786516854,14.98876404494382
1976,-0.34180848882509696,0.06717646194837605,143517.8894117647,15.941176470588236
1977,0.9311884236453201,0.04589195154469881,117889.43352941178,4.9411764705882355
1978,1.9496306245802533,0.03422777044432555,137249.6250967742,8.55483870967742
1979,1.6065887063748465,0.03644174838803586,133679.25159722223,5.125
1980,0.5858602970241118,0.07174845333089293,50480.28912698413,2.2698412698412698
1981,0.882683693891168,0.035320623423234894,451104.2296787148,2.9759036144578315
1982,0.524480798236453,0.03738944836985224,112281.6658076923,9.173076923076923
1983,0.06249999999999378,0.02313732855594085,54856876.279329605,8592.217877094972
1984,1.8917197452229289,0.0614384550447378,256248.31482233503,8.959390862944163
1985,1.4282265018683535,0.029848020016078787,488371.48055384617,53.963076923076926
1986,0.5001778629087432,0.09630829879155062,60574.89399999999,2.8
1987,0.979394449116906,0.08338648535220036,348470.9677142857,1.8666666666666667
1988,1.445887445887443,0.07743926074870482,40261.71,3.076923076923077
1989,0.558580178373151,0.10681611776236091,96410.92361111111,3.5555555555555554
1990,0.638065522620904,0.09866375609595758,30024.210566037735,2.3207547169811322
1991,0.5252483156213117,0.1056156962463194,43489.12287234042,2.24468085106383
1992,-0.567770058575126,0.13593288878162327,33565.63553571429,1.8035714285714286
1993,0.663137789904501,0.09816749763360916,46621.5325,3.119565217391304
1994,0.585185185185185,0.07321365104633482,29949.28970588235,2.4411764705882355
1995,1.4126582278481,0.050031067856419864,17810.793362831857,4.9734513274336285
1996,0.2681772066283401,0.05593851993237755,73253.39671052631,55.06578947368421
1997,0.32667208490701327,0.08710334079962388,29538.317413793102,2.3620689655172415
1998,2.261889996660782,0.09472734578550536,58682.597285714284,1.8857142857142857
1999,1.136752136752138,0.03336147003322226,136791.74931972788,14.299319727891156
2000,0.9415609381007306,0.0817672293036181,91019.95734693878,4.244897959183674
2001,0.26361126449475436,0.043659869908439446,29565.513958333333,1.6041666666666667
2002,-0.11226149977813815,0.10301955136789495,128352.62834862385,4.963302752293578
2003,0.7201823854091673,0.09731518501436145,23845.440454545453,2.272727272727273
2004,0.1103284959621107,0.08759553869940447,21012.0975,1.6785714285714286
2005,1.5151394817829837,0.08844521303335773,656176.254137931,3.7586206896551726
2006,0.7208927130949181,0.06582141168635842,22193.82191489362,2.1702127659574466
2007,1.1018910819468863,0.048633187826244796,490554.79301369865,1.4246575342465753
2008,1.917378673957622,0.0659773421053673,69401.6488118812,1.881188118811881
2009,0.44813829787234094,0.05235906226980552,42227.67957746479,2.591549295774648
2010,0.5507733134303603,0.07351727803627299,35542.14823529412,3.4705882352941178
2011,1.080845199816261,0.06019801484177041,64552.50933701657,3.1878453038674035
2012,0.3987296182306328,0.03428803442639983,129382.62172413792,3.353448275862069
2013,0.2835061031711952,0.06497672670176997,101173.53272727273,2.659090909090909
2014,-0.18724895308093348,0.053470218467237145,23077.0,1.0714285714285714
2015,0.7506234413965087,0.08771342563123409,36985.198139534885,3.13953488372093
2016,0.3518184037100316,0.05633352321869699,75987.96549019609,2.4313725490196076
2017,1.9850928641251202,0.07501443540406971,48789.235,2.395348837209302
2018,1.6919960474308282,0.06393369032532074,42476.585789473684,1.8421052631578947
2019,0.4818689309002204,0.1378981269157031,73837.92736842106,2.263157894736842
2020,0.6923411662315055,0.0771103048301908,303911.6973584906,2.5849056603773586
2021,-0.23602484472049823,0.06203028973724168,9570978.734225621,2073.497131931166
2022,-0.18597206053550686,0.03827627128344779,109544621.81765835,14647.566218809981
2023,-0.26228571428571146,0.03566727089055895,47779106.497064576,6742.062622309198
2024,0.1840445269016704,0.011546605109936556,372233.72555555555,9.666666666666666
2025,0.16142842226166776,0.009442856813547437,467233705.9315217,41856.32608695652
2026,0.1636491651579164,0.009372541517069784,15339862.955434784,970.9021739130435
2027,0.16308154077038428,0.0095731939272364,93085885.76195653,2267.5652173913045
2028,0.16252274105518505,0.009607894756833825,171706.34130434782,17.880434782608695
2029,0.20346320346320468,0.009577600543813838,1706433.0673913043,116.3695652173913
2030,0.15351506456241082,0.010224155213531278,80429.5476744186,4.523255813953488
2031,1.2800000000000016,0.18615934856748645,9298.474576271186,10.288135593220339
2032,0.11406413384454583,0.012070681052870447,781697.9336956523,13.48913043478261
2033,0.3333333333333328,0.05976793529240745,49995.332717391306,87.56521739130434
2034,0.09523809523809401,0.03829969704338364,23696.058260869562,80.68478260869566
2035,2.5,0.1550638789163442,6165.287285714287,14.9
2036,0.29629629629629606,0.09903618434694977,6175.846153846154,9.753846153846155
2037,0.19999999999999774,0.05696617658966235,87817.55555555556,58.86666666666667
2038,0.39285714285714235,0.13073668630523855,12392.81690140845,17.943661971830984
2039,0.16937354988399123,0.01013867339800948,86093.1811111111,5.288888888888889
2040,0.2271386430678468,0.011791596334480623,143296.6426966292,5.696629213483146
2041,0.09125953898198391,0.010161289542065435,12099081.177173913,499.9130434782609
2042,0.2868327402135229,0.014796127196388936,163805.80326086958,13.869565217391305
2043,0.15767930236696914,0.009985641335111642,6821492.024999999,490.80434782608694
2044,0.262748727440999,0.010430804424936838,29475626.030434784,2148.6521739130435
2045,0.0885496183206107,0.00925166893779389,1370110.160869565,65.1304347826087
2046,0.16044585335923922,0.009230859085769195,343062.93586956523,4.923913043478261
2047,-0.019417475728155664,0.02177714614769128,108075.23217391304,4.608695652173913
2048,0.010200000000001097,0.009216047537013872,115836.69406976743,11.732558139534884
2049,0.09148900014378936,0.026598421356407005,178433.77777777778,1.1111111111111112
2050,0.6666666666666672,0.8352722597909173,7648.942,22.475
2051,0.4648013765242762,0.057821531247187384,30140.4155,3.06
2052,0.36540854417254387,0.04216193889309328,37236814.8125,5723.627155172414
2053,-0.6816901408450704,0.04191630679204732,274985434.9049676,35822.24838012959
2054,2.727260897852958,0.05748198726778353,533055.0022142858,14.028571428571428
2055,-0.8389292196007254,0.052889372273920064,299327.32786549703,8.421052631578947
2056,0.5930930930930933,0.057451588075610016,20043.852173913045,1.8985507246376812
2057,1.056862745098039,0.04419334093913192,124110.57214285714,27.81203007518797
2058,-0.6306463326071166,0.0537421400859659,1563709.6467613636,191.53125
2059,0.21875393329137705,0.02301463564733012,211085.06408637873,17.196013289036546
2060,-0.2695652173913041,0.03294645555752562,54926266.59090909,2851.3636363636365
2061,-0.4256319811875372,0.043571472580359,28976113.234513275,6606.907079646017
2062,0.008131241084164742,0.029190058495585123,13966.809418604653,3.436046511627907
2063,0.17016317016317095,0.03468442801785799,66974.19806930693,4.707920792079208
2064,2.1597033965874646,0.03448838475077378,807718.4198765432,29.126543209876544
2065,0.2441933458882617,0.02822258214583213,226455.64133016628,77.6793349168646
2066,0.09344894026974937,0.010684182416768237,1966498.0566666664,297.05555555555554
2067,1.1792583779496293,0.022047990437035064,383212.0927554179,15.529411764705882
2068,4.271428571428562,0.04190663617267023,1862003.0090702947,435.9387755102041
2069,3.915662650602405,0.04942119842616192,34168867.02494331,4292.063492063492
2070,1.2475670307845084,0.10601566502491105,85421.4832,3.42
2071,-0.49047619047619095,0.032652670410600736,10568249.574418604,3495.874418604651
2072,-0.9613360842866037,0.05417556645485227,6273940.054506023,808.9012048192772
2073,2.5054243671571736,0.031222881124792486,608582.960381356,5.114406779661017
2074,0.5173589584624902,0.03371315208889197,162780.41569948188,3.243523316062176
2075,0.6000237750876698,0.03867751264347869,1596410.9831800766,38.24521072796935
2076,0.4918824045634065,0.04884514771517033,9432.400597014925,2.029850746268657
2077,0.07526881720430123,0.04522840883949912,23016.62788888889,3.3666666666666667
2078,0.7176020250663708,0.0657605756919934,45945.17352941177,2.9411764705882355
2079,0.5190392675604201,0.0291741793485138,113832.60849397592,1.8313253012048192
2080,0.32090367011001875,0.023608188420666126,50772.001570247936,3.590909090909091
2081,0.34890275820414773,0.07479666654071893,75576.82790697674,1.8953488372093024
2082,-0.6148759126450923,0.06488867195695977,430700.23407114623,7.996047430830039
2083,0.20571428571428418,0.04000641319961716,18943.384343434343,4.252525252525253
2084,0.14726287537347416,0.0507075604465456,126251.43090909091,1.9090909090909092
2085,-0.13368760199171525,0.03537004226292221,187827.30272445822,9.811145510835914
2086,0.6456176961602667,0.02876570177945849,126398.57672064778,7.704453441295547
2087,0.44515940866585746,0.029197786598536255,380763.3258527132,5.290697674418604
2088,0.08927277120077304,0.030780857594836057,82626.43976331361,2.0236686390532546
2089,-0.1252485089463219,0.033124363537933646,35090.566666666666,20.82730923694779
2090,0.5549447717863711,0.021223870728115667,210254.0513868613,5.671532846715328
2091,0.7335640138408299,0.03492642743870899,249345.72661870503,136.3884892086331
2092,0.125,0.09334297512457262,24043.070422535213,6.070422535211268
2093,0.4708922742111017,0.03548785753250648,342748685.1534772,27871.58752997602
2094,-0.19999999999999996,0.06532130878258753,20976.952879581153,7.492146596858639
2095,1.066646014957735,0.03947058286808912,545129.314137931,2.1206896551724137
2096,-0.32307692307692293,0.037056529914339574,757622.0652173914,309.9009661835749
2097,-0.7011932500176516,0.05078284063357302,424340.2936789298,11.953177257525084
2098,-0.5664615138677962,0.056929580408451336,1011124.8635658914,95.63049095607235
2099,0.06693306693306722,0.18821535142659382,5460.615384615385,3.5384615384615383
2100,0.5709999999999988,0.09624151141239194,51997.47727272727,4.2727272727272725
2101,0.6914442236425156,0.029244765405337738,49319.26941666667,2.7583333333333333
2102,0.8271917808219162,0.05949160872853572,188321.45294871795,11.044871794871796
2103,0.3351712355362275,0.04811274974286191,332034.78042105265,3.0210526315789474
2104,1.824040767386092,0.033484262005768824,540268.8277077364,21.191977077363898
2105,1.7622137106229943,0.039308494843048714,327175.5371040724,11.995475113122172
2106,0.8041152263374485,0.04583352074581374,69762.4942635659,3.6589147286821704
2108,-0.4167441860465113,0.0704820596775784,796815.7601592357,37.93630573248408
2109,-0.2557416267942578,0.0693752295020861,61900.212841328415,7.044280442804428
2110,0.21744277821626,0.09873522738286995,31328.723157894736,15.092105263157896
2111,0.2884955752212395,0.03514514460203174,42361.731098901095,7.571428571428571
2112,-0.22087227414330224,0.059766270064761526,71662.2654516129,6.867741935483871
2113,0.29443337760070687,0.0288261520031496,118810.0106967213,6.807377049180328
2114,0.17208163265306076,0.03539938339690654,222759.3251408451,5.76056338028169
2115,0.2507841907151811,0.035720545653965326,163055.34546218487,4.109243697478991
2116,1.178996551340525,0.04268507665354043,96919.34622516556,3.8675496688741724
2117,-0.5272206303724924,0.08389358889573653,28242.685970149254,6.455223880597015
2118,1.1501053370786511,0.042078747044253524,173741.30014814815,4.681481481481481
2119,0.1411963434022241,0.04683316569192884,338449.0002409638,15.578313253012048
2120,1.2437498197756578,0.045539766773282614,238157.78784615386,7.994871794871795
2121,-0.13980198019802093,0.028249418048448084,95106.37288135593,5.11864406779661
2122,-0.5187499999999998,0.039142737054827716,10938551.520725388,2859.5958549222796
2123,0.9268156619364749,0.039117510551767744,451250.60489247314,9.338709677419354
2124,0.9508670520231226,0.0370417316638626,41834.93,3.5144927536231885
2125,0.17478787878787982,0.04716375054569172,53481.114705882355,3.176470588235294
2126,0.21213592233009915,0.05989560549154136,132107215.35584415,13185.898701298702
2127,-0.5196338736724431,0.061026190361407065,225122.6846014493,7.391304347826087
2128,-0.7619618371847733,0.05830161999943686,282696.6638321168,4.266423357664234
2129,0.09016873369883394,0.04100710033322925,299041.8099563319,2.685589519650655
2130,0.4968457156856727,0.03409928844725143,551779.0017857143,2.8125
2131,0.3507130325250818,0.031006553263639727,334320.76188481675,4.4136125654450264
2132,-0.5531841454294419,0.06387925026216514,400933.05775,2.625
2133,0.783234987851442,0.03823429585142631,189746.99851063828,2.0
2134,-0.3805665722379602,0.15619125534051603,470014.4429166667,1.9166666666666667
2135,-0.31217805423267564,0.10333359721328812,34118.12037037037,13.950617283950617
2136,0.3061622202808947,0.06176993223890922,167724.28241134752,3.9148936170212765
2137,0.11951451474118091,0.038653486038114346,181917.29108108106,11.91891891891892
2138,0.18798798798798888,0.09315063942163475,108681.04886363637,6.75
2139,0.05934020333356416,0.05814534061754191,144599.52658536585,2.1219512195121952
2140,0.1953603808944948,0.052124444701637684,187459.36444444445,1.619047619047619
2141,0.1711968861498545,0.04870919331287694,154492.13558441558,2.207792207792208
2142,0.5534587916384299,0.06876658771973208,38431.20444444445,2.1481481481481484
2143,0.6658851113716286,0.03133563532434283,92679.46101449276,6.183574879227053
2144,0.45633363279587713,0.050231628092091946,178787.40171875,2.140625
2145,1.3307400290575067,0.1133730511734531,747000.0713235295,2.3823529411764706
2146,0.4821118058381726,0.03745697052373501,272226.59212962963,20.574074074074073
2147,0.19845947756195637,0.046047940412165596,295364.9743478261,2.9565217391304346
2148,0.24809966999147126,0.05246481955370991,23572.700495049507,7.366336633663367
2149,0.20915185077236886,0.069912396899649,191639.7107142857,3.4761904761904763
2150,-0.06906250000000003,0.05105349559371322,237918.17093023256,3.7209302325581395
2151,-0.7767626008832038,0.06984248809252841,385345.96154255315,3.265957446808511
2152,0.4857558139534883,0.032551965057185855,90012.18842857142,3.757142857142857
2153,0.6523163841807913,0.0769476362122253,88769.82087719298,3.8421052631578947
2154,0.8631102164066475,0.04522230279612968,361903.00642384106,56.341059602649004
2155,-0.01464968152866275,0.04778842864136769,34642.42484375,13.859375
2156,-0.41342756183745544,0.20965314534032792,53701.64827586207,9.448275862068966
2157,0.6209873725848152,0.042802274157331836,49301.78123809524,2.466666666666667
2158,-0.07289146911788402,0.0888552522555529,82854.41538461538,8.0
2159,0.03131313131313096,0.052056965427241995,319940.0443037975,3.8354430379746836
2160,0.18284812183683918,0.0353686317780888,194152.17121951218,5.764227642276423
2161,0.5579986092254707,0.1406324790113855,55923.45181818181,3.090909090909091
2162,0.5448582310622063,0.0655993365728925,55479.017222222225,9.8989898989899
2163,-0.5562162162162155,0.04861280797423056,5474261.626315789,1619.957894736842
2164,0.3266507177033502,0.04726333513742737,22880.967638888887,7.763888888888889
2165,0.44203182566434274,0.06369115966722166,93937.01505882353,6.458823529411765
2166,2.208706786171578,0.05239717472619259,945336.4839024389,10.304878048780488
2167,-0.39850746268656734,0.03539851367027828,2664201.2433862435,789.0687830687831
2168,1.567124039517008,0.04750389347404999,44905.39692307693,2.543269230769231
2169,0.6966449207828518,0.039269220696712126,89537.019,3.52
2170,0.48362749209011513,0.03526302867207391,38454.03847619048,11.80952380952381
2171,0.2974910394265229,0.04727019407197935,53122.77626865672,7.029850746268656
2172,0.9364552873914389,0.034971873174875136,114620.37056872039,22.77251184834123
2173,0.24982007535667416,0.06634322058828387,116109.91853333334,6.24
2174,0.0999383096853792,0.06906310399152765,139101.17432258066,6.135483870967742
2175,0.028467884221067274,0.088006636018616,28349.369166666667,2.0833333333333335
2176,1.0845349340924555,0.05033843123104975,171445.60459119495,6.427672955974843
2177,1.3553208773355,0.04959927347985631,30883.088020833336,1.84375
2178,0.33446712018140556,0.10431926099054674,157126.80473684208,11.964912280701755
2179,-0.014932386571294365,0.04826599023285792,110086.89777173914,3.0217391304347827
2180,0.22929557353641017,0.08047923973293787,124239.0076119403,3.1044776119402986
2181,-0.02161974680617451,0.10591004933657404,308830.7995,1.95
2182,0.9519024872343933,0.028135162712460495,16757.200898876403,1.9438202247191012
2183,0.11192681932063064,0.09149116036949233,24124.165414364645,4.3259668508287294
2184,0.7704975937127463,0.035494013578692814,20229.337884615386,1.7884615384615385
2185,0.23312629399585938,0.055003331824985166,24878.609285714287,2.142857142857143
2186,0.14902482269503547,0.03220670429400768,45021.215000000004,6.1716417910447765
2187,0.6326219512195101,0.06125734020198153,340075.4358604651,54.93488372093023
2188,0.8768866099071213,0.09470740389173046,119129.7391891892,7.675675675675675
2189,0.26687074829931956,0.06768164687938798,53247.16545454546,2.3636363636363638
2190,0.15938697318007722,0.07703253139972802,86045.94635294119,8.858823529411765
2191,0.24250936329588058,0.051806320287551416,38327.67707964602,3.938053097345133
2192,1.0446325366344738,0.04152959656537114,45046.4368707483,7.156462585034014
2193,0.8342391304347827,0.23474000373522635,101069.78272727272,3.0454545454545454
2194,0.6074117647058839,0.02755170911192269,147422.1132183908,4.494252873563219
2195,0.5434739941118751,0.0383678755208482,19584.152884615385,2.0
2196,0.3759977724150776,0.02852025262654714,914996.7579999999,26.576470588235296
2197,0.4316647919010128,0.039747368206302605,94098.79953846154,9.569230769230769
2198,0.21655089096949598,0.06977322763510732,43295.041176470586,2.3529411764705883
2199,0.4075387123064391,0.041538573879905845,130905.17295454546,9.909090909090908
2200,0.2400990099009901,0.08255520043728189,69263.21862068966,110.82758620689656
2201,0.6944515306122472,0.02854946444721046,728539.2927710844,5.162650602409639
2202,0.431571359923113,0.05695281451567273,28675.501785714285,2.261904761904762
2203,0.1364246710231849,0.06701572210065485,57670.659589041104,5.050228310502283
2204,1.109595988054319,0.08620395011675229,91254.061875,2.1875
2205,0.2938726437373844,0.07650321283867081,214568.94208333333,5.9
2206,1.8694191343963533,0.07531997282751042,36725.15702702703,2.315315315315315
2207,1.009643201542909,0.0855984213716249,30529.22215189873,4.082278481012659
2208,0.3759598066167411,0.05875370052254724,42443.7296,6.69
2209,-0.04514967084834198,0.07638326951621192,22421.345625,1.7916666666666667
2210,1.0817251530302325,0.04622002834214766,346784.99351351353,3.9594594594594597
2211,0.435685427041248,0.1773320908647354,86374.30642857144,3.142857142857143
2212,0.836956521739131,0.08834449110510217,50441.17833333334,4.03030303030303
2213,0.5235738831615102,0.06792148655918474,56257.125555555554,2.691358024691358
2214,0.036335623033959985,0.08979871855341087,45794.98832061068,4.267175572519084
2215,0.33254472867070817,0.0713714908108578,41469.56888888889,2.802469135802469
2216,-0.13657276107644822,0.0740834111651501,114152.38487272727,8.432727272727274
2217,0.3883444740086972,0.055440417120351235,45261.62292134832,3.741573033707865
2218,-0.04914576836927498,0.057044888764443864,57941.142553191494,8.170212765957446
2219,1.7327024063708252,0.16844931175977815,62023.600000000006,3.0833333333333335
2220,0.2886435331230284,0.06383835399025502,227705.79588679245,13.641509433962264
2221,0.23988318731748048,0.05589053023707456,37584.38880733945,2.9724770642201834
2222,0.5081780144541648,0.10322188355046807,62767.58114285714,3.8857142857142857
2223,0.7230686261291628,0.05064338270622339,25581.535582822085,3.6993865030674846
2224,0.6097900152969002,0.0635153189332133,175785.2074637681,10.18840579710145
2225,0.5372565882425213,0.039389175678743636,47603.35525925926,12.577777777777778
2226,0.6195142437180647,0.07451914917383387,40704.21639175258,12.371134020618557
2227,0.5019576160586658,0.13511973525169593,48218.62964285714,3.107142857142857
2228,1.9364019484428936,0.03467742179522681,82889.77782608697,3.603864734299517
2229,1.4327973828913478,0.11524031849162884,34917.018620689654,2.206896551724138
2230,1.1181204136090694,0.0805508739947524,43719.96457627119,3.6610169491525424
2231,0.5880762564991309,0.1246334133192822,37202.4221686747,11.759036144578314
2232,1.0128971962616826,0.08162399300893854,40780.42366972477,9.79816513761468
2233,1.1734936182843563,0.09682978222723186,39236.216875,2.21875
2234,0.2866238212505252,0.026932109693663643,66299.76476190476,4.25
2235,0.7155446254739231,0.07130802280509674,82504.0087837838,4.675675675675675
2236,1.0004690431519703,0.06357943832005647,31456.572647058823,4.509803921568627
2237,0.5093340895127361,0.054660865316249814,44329.89137931035,2.6436781609195403
2238,0.48974311587507047,0.08271640474111741,88368.75059701492,4.701492537313433
2239,0.5157502631792052,0.1376793698105221,120745.24707317073,6.439024390243903
2240,0.1332171488323448,0.12547125060380854,55851.02296296297,4.7407407407407405
2241,0.9310014374700526,0.10073411652954688,49419.660208333335,3.0625
2242,0.4100810081008064,0.03806058076991992,14367.00802631579,8.322368421052632
2243,0.2484348755535195,0.06319836343248791,23554.284403669724,11.770642201834862
2244,0.48831060395212966,0.08053293448810206,122301.37416666668,3.816666666666667
2245,-0.7775110326566637,0.05931998210367647,319589.33700000006,4.774074074074074
2246,-0.0038177239866791224,0.04576418510399652,28447.923499999997,1.55
2247,0.3857505745736063,0.09701053082743828,103458.0575,4.875
2248,0.978202846975091,0.06538276900767105,57417.75795180723,4.506024096385542
2249,1.4392769723215957,0.10267960036886929,50557.979107142855,2.482142857142857
2250,0.35724078216321553,0.0447508580759188,36870.58663551402,2.616822429906542
2251,0.7680658436213992,0.09132015613606752,128395.55377358489,4.30188679245283
2252,0.39332161687170264,0.07380207505339394,19368.88233333333,2.8666666666666667
2253,0.4601403564106623,0.03530183018116184,97332.35073170731,14.946341463414635
2254,0.35090562440419304,0.08347086725698773,135968.0442696629,13.48314606741573
2255,0.7034643500370814,0.05900048022620797,799238.1575757575,3.3737373737373737
2256,0.5268817204301077,0.06288030561353845,22872.855,3.066666666666667
2257,0.7907091151872916,0.08263818110270889,38456.92016129032,11.209677419354838
2258,0.6184408459428374,0.06769573941533588,43244.22839506173,2.1481481481481484
2259,0.006889242183359956,0.08079682355725697,55081.7822972973,3.2162162162162162
2260,0.620297364271233,0.06302408286138002,44193.15873015873,3.3015873015873014
2261,0.4491646778042955,0.07100704367456213,17772.301395348837,1.9534883720930232
2262,0.12630484508213824,0.04623860079471454,33310.99325,3.075
2263,0.24031410889801896,0.07833328299828574,15015.28888888889,1.6944444444444444
2264,0.8638703188783055,0.0863596274724523,63266.51,5.717948717948718
2265,0.8583622903761909,0.0313611650717507,178820.91423469386,5.826530612244898
2266,1.0152306196665806,0.09766285078678932,79909.08689320389,4.941747572815534
2267,0.5260783907092492,0.28023255739898606,39424.204000000005,4.05
2268,0.8642908054169622,0.046207884790249246,73046.80738095238,2.8214285714285716
2269,1.0593692022263426,0.027635366543988276,60290.034,8.79622641509434
2270,0.5560962422276281,0.095403097288252,57920.03202380953,5.595238095238095
2271,0.040315759797012074,0.043732069560987956,10300.862619047619,2.4642857142857144
2272,0.5607381410619265,0.06019994132301933,78798.77094594594,3.4864864864864864
2273,-0.11851981148542468,0.059596617360637934,517254.48203124997,3.59375
2274,1.0652197213290462,0.07472247231337859,46230.03566037736,2.0377358490566038
2275,0.27168858242463223,0.058843583458145526,44329.346,2.272727272727273
2276,1.41789281495006,0.03503332664469042,105734.92384615385,88.7051282051282
2277,0.3952513966480449,0.06436702429838768,14815.655727272726,1.9545454545454546
2278,0.8973774230330671,0.11146273552315557,19582.53081081081,1.6486486486486487
2279,-0.07926801019226326,0.08429397146755188,43749.89808510638,2.765957446808511
2280,0.39234350031265186,0.060519220605010096,17613.299411764707,1.7647058823529411
2281,0.44063763978110826,0.07417836513114966,97723.36114754099,3.360655737704918
2282,0.9754366406540314,0.06677531280974741,19082.734166666665,1.5555555555555556
2283,0.6118167146165172,0.1602829135568283,54003.63375,1.875
2284,0.6442546841319845,0.07769007201738093,27981.891967213112,1.9508196721311475
2285,0.4205842391304344,0.02904960368042185,41014.72925373134,4.925373134328358
2287,0.734196999166435,0.30128379652346593,52491.5845,2.95
2288,0.3106977905380093,0.09126638458099234,50703.1492,2.38
2289,0.6780869808418408,0.039087837746228385,52524.44530805687,4.7725118483412325
2290,0.5537442689760566,0.08656898869744863,99874.53958333332,17.291666666666668
2291,0.43966265657943526,0.0706762045776418,38214.836883116885,3.844155844155844
2292,1.1313654489618172,0.07655515242097137,36527.563030303034,1.7878787878787878
2293,1.3798022598870059,0.059688818195243944,19119.262857142858,2.779220779220779
2294,0.11695552054296465,0.06036108549457843,30051.82511627907,3.4651162790697674
2295,0.6678623364032952,0.16039470075629392,95262.83857142858,7.190476190476191
2296,0.581112693246542,0.06421025227671391,51025.84611111111,2.2777777777777777
2297,2.3355728978241794,0.06541471460860793,34073.75134831461,2.348314606741573
2298,0.38137429882712914,0.07855380928222215,47662.90945945946,2.2162162162162162
2299,0.21746933891714004,0.0546077056438355,23382.12025974026,3.0259740259740258
2300,0.36078143480566105,0.12777853808522607,115799.12333333334,3.4
2301,0.671417711896616,0.08883651638405189,149164.015,7.325
2302,0.8019892325942146,0.1337448362159083,53860.816,2.6
2303,0.28471660663089104,0.05422758373186139,21431.1765,2.85
2304,0.7278164475380251,0.10476659844462041,77349.98333333334,1.4166666666666667
2305,2.230201283290851,0.078168151838494,139373.5393939394,4.0606060606060606
2306,1.670358019253761,0.05096480803211375,38321.57888888889,2.54320987654321
2307,1.0796045342197234,0.10645053135042663,49412.932586206894,2.293103448275862
2308,0.5938572944628251,0.26913943618977154,16879.819545454546,2.2045454545454546
2309,1.0597510077408772,0.03958265888302748,60959.27977272728,2.340909090909091
2310,1.0653966902570096,0.17645284454156485,52715.2105,2.8
2311,0.8529411764705863,0.059694052761441074,31429.274016393443,4.073770491803279
2312,-0.12732646377506274,0.0475864789837684,27458.26895027624,3.596685082872928
2313,0.2871174052078571,0.052014764626494916,16565.24838095238,1.980952380952381
2314,0.9268325487558828,0.10752096736722518,41677.09421052632,2.3333333333333335
2315,0.6406096361848579,0.07344969889109462,30342.863421052632,2.5
2316,-0.3456052509782479,0.08848081183880649,48987.48810526316,13.473684210526315
2317,2.1497058182610624,0.08249203537575775,60129.8425,1.9583333333333333
2318,0.44408182295005627,0.10944692264024165,30722.48142857143,3.057142857142857
2319,0.3851634060839084,0.06977518288977491,32954.90548387097,1.5806451612903225
2320,8.455036306088244,0.3129555963024739,50986.86348484848,4.045454545454546
2321,0.6414585531715329,0.10380757172120633,20977.523474576272,2.2966101694915255
2322,0.10099464422341153,0.05209522706947066,57786.57970149254,6.507462686567164
2323,3.895986639528209,0.054849441539825204,36854.307375,2.4375
2324,0.45596165368484143,0.15871911950076925,35149.927826086954,3.130434782608696
2325,-0.1735840740468667,0.05369002423893537,90336.03666666668,2.111111111111111
2326,1.3924646781789631,0.1206035344781691,32092.79046153846,11.446153846153846
2327,0.734256511704583,0.07316786703626571,45907.638399999996,2.64
2328,1.6135283100417803,0.1728146916529825,88684.95294117647,1.8823529411764706
2329,-0.16682180163408833,0.12032331379384108,83524.19661764706,18.441176470588236
2330,0.3984445109183381,0.04671811557223356,21271.143674418603,5.055813953488372
2331,0.9655762763680842,0.08217987954048964,715485.8734693876,9.081632653061224
2332,0.8692307692307699,0.12392592480873342,33877.63,2.0
2333,0.5046752120874352,0.11175376536303316,170908.72186046513,5.837209302325581
2334,0.746972429786138,0.08513070575676712,30116.486274509803,4.529411764705882
2335,0.3681788827897976,0.0872664211452783,46431.92259259259,1.8148148148148149
2336,3.924528301886795,0.058047313349155,38223.066,2.739130434782609
2337,1.5419970061540158,0.14084414561390957,26600.121,2.2
2338,2.8831607859708424,0.08778349911497803,50182.36044117647,3.838235294117647
2339,2.545140732873076,0.08439687549787002,69125.83983050847,3.6271186440677967
2340,1.1435910608785007,0.09284641960438625,42739.19857142858,4.357142857142857
2341,1.132118451025057,0.08361858851649107,15267.58564516129,2.0806451612903225
2342,1.0582143290586221,0.0428076364241904,136016.78862745097,6.392156862745098
2343,1.4169640034325437,0.10710512091759351,42092.77394957983,6.016806722689076
2344,2.3537518174347296,0.09849312312330649,41721.805483870965,2.4838709677419355
2345,1.2853735091023228,0.08570592930201267,39361.54826086957,1.826086956521739
2346,0.7693532050354499,0.10219949331074188,44170.56933333333,1.4
2347,0.23392612859097128,0.06241512983156601,40863.00611111111,2.7777777777777777
2348,2.3302331349206353,0.1419340177965938,63074.3375,3.25
2349,1.478943910160683,0.12736668673750806,23553.062307692308,1.9038461538461537
2350,1.650382577987049,0.21168515086631656,58968.892105263156,4.0
2351,1.195441801573665,0.11697750271317024,45087.24488888889,5.022222222222222
2352,1.6975609756097563,0.06305737741420284,35870.08873015873,5.373015873015873
2353,1.1710710617237856,0.07591954775848953,23286.57688888889,10.666666666666666
2354,-0.7297297297297296,0.08060550910826131,15034.426649484536,10.881443298969073
2355,1.1661425876164873,0.07730874844051486,18313.96888888889,2.066666666666667
2356,2.238341968911919,0.0660279917022432,27467.994852941178,4.323529411764706
2357,1.3751385706895287,0.11398498610329376,142468.18625,1.75
2358,1.7547809369624603,0.07058807125602706,28283.6925,2.0681818181818183
2359,0.4127408993576023,0.11198165986905945,16278.1875,2.0833333333333335
2360,0.5376695465329691,0.09931178689461893,23712.862,1.85
2361,1.4848150193263394,0.19374084554272847,70038.04727272727,2.909090909090909
2362,0.8116273746852807,0.043151057550560826,29480.296228070176,3.732456140350877
2363,0.6923076923076923,0.12188946664656648,22259.535454545457,4.045454545454546
2364,0.9917088059769477,0.10208165891563367,160366.12902439025,4.585365853658536
2365,1.8001826206056912,0.1107905378973372,52419.234615384616,2.6153846153846154
2366,1.7898973954222552,0.15822107751980455,82874.5365,2.3
2367,1.2362670845303398,0.1100430117597292,20029.186341463414,2.024390243902439
2368,0.7867681420655583,0.041831271229244044,54503.93045454545,2.25
2369,0.5130247749541941,0.03740929279799356,18742.12393258427,2.550561797752809
2370,0.7012372634643396,0.02609942698096138,45466.7221299639,9.819494584837544
2371,0.7361366816407684,0.06990038690346882,54332.74243243244,1.864864864864865
2372,0.41310036635935465,0.07367570379689484,22778.682432432433,1.6486486486486487
2373,0.7521486349848328,0.03777052660868675,100309.1235135135,4.297297297297297
2374,1.1976606932074243,0.05217887833348608,24756.47361702128,2.234042553191489
2375,0.35243260659435127,0.10181525309379272,63909.964571428565,2.6285714285714286
2376,1.4569922308546066,0.07237968214196995,38653.36571428572,3.0
2377,0.7761239368165225,0.03480280770020241,12371.213164556963,3.3797468354430378
2378,0.7849787175614451,0.03946306876440854,27365.193846153845,2.953846153846154
2379,0.3558521318058334,0.06567033546714429,39818.339423076926,2.019230769230769
2380,0.9051167793484931,0.06882423159495714,27809.783466666668,2.7733333333333334
2381,0.21916895044811513,0.06450390715807179,77221.68714285713,4.257142857142857
2382,1.0758731641496713,0.10805452663635703,64193.03678571428,1.9642857142857142
2383,2.2613801452784474,0.049809006356992834,44494.69161616161,2.3737373737373737
2384,0.4375795441397663,0.09219595364811678,40101.566666666666,1.4444444444444444
2385,1.0431034482758612,0.04240391315274182,39421.635625,4.05
2386,0.22855181880576603,0.033094721845586726,8211.115392156862,1.9607843137254901
2387,0.7118345281466687,0.06489568581562176,46855.315294117645,8.205882352941176
2388,1.6275386909352663,0.17986225004613302,58561.05,3.8461538461538463
2389,1.4975252177181888,0.05563963297256507,33270.7765,4.283333333333333
2390,0.9485066941297629,0.044483658516913355,100252.73018518518,1.5092592592592593
2391,0.8488745980707397,0.09481380307887254,59201.081935483875,1.8387096774193548
2392,0.06375394643039001,0.03136115207685577,30770.355901639345,2.5901639344262297
2393,1.0302463083459608,0.2119901380921901,40466.693333333336,1.5
2394,0.3692035398230087,0.03992144019115008,32291.47688311688,2.064935064935065
2395,0.30310559006211335,0.027881661241633108,143294.58112903225,14.608870967741936
2396,0.034883720930232176,0.04085605733532742,9269.884117647058,2.803921568627451
2397,1.065393430099311,0.038742218268981374,18113.790388349513,3.0
2398,-0.7889518413597737,0.057525912203879245,445076.6726744186,19.724806201550386
2399,0.5987565445026186,0.047754585981366976,77794.17239130435,8.826086956521738
2400,0.5082922824302138,0.039031506704122525,203387.48150943394,59.528301886792455
2401,0.2871483996120272,0.02560790245430135,23675.52269230769,4.762820512820513
2402,0.04730468750000005,0.06229324621275532,50667.68590909091,2.1818181818181817
2403,0.46311475409836067,0.055674510712457055,39687.57,1.8333333333333333
2404,0.6880402010050242,0.05358642624179164,45479.35057142857,3.8714285714285714
2405,0.5968248772504094,0.05367180900920381,30638.814821428572,1.9107142857142858
2406,0.6887329931972792,0.04591508048074379,37003.51192307693,2.519230769230769
2407,-0.30261780104711855,0.020238148305068208,899206.7084639498,202.24137931034483
2408,0.3376346563742154,0.039614952570662866,18596.746333333333,1.5666666666666667
2409,0.23065026879740658,0.025817437450405246,53471.00030769231,2.8615384615384616
2410,0.07422761048103332,0.03482328633645227,56544.6714893617,2.5106382978723403
2411,0.5423116615067087,0.05149040572095227,22154.548333333332,3.0952380952380953
2412,-0.03843509102095499,0.029725442128876945,14891.569444444445,1.9814814814814814
2413,0.6032454361054764,0.04445083705277612,44818.11901960784,2.0
2414,-0.08698395529114777,0.10084061045999029,32198.382127659574,1.7872340425531914
2415,-0.14253724916027932,0.046381915961243046,62388.22283582089,2.208955223880597
2416,0.6010361077302369,0.06025352195982598,72096.72863636364,4.2727272727272725
2417,-0.08440015011884405,0.06630940887982638,39648.822222222225,2.6666666666666665
2418,0.4164389321000632,0.05517175293735045,27013.43255813954,2.0232558139534884
2419,0.38252851823393996,0.04424893684219566,18548.675555555554,1.7777777777777777
2420,0.5423352902804957,0.03966116414724989,2822366.814814815,54.2962962962963
2421,-0.9233567160301377,0.0596166214344853,10565757.76496479,4935.380281690141
2422,0.7584864132735127,0.06249158950992853,29274.263333333332,1.6842105263157894
2423,1.1392491467576815,0.02462324080682867,22693904.254480287,2459.283154121864
2424,-0.030000000000000582,0.04723251522627759,1289629.1075268816,486.63440860215053
2425,0.02909068544543203,0.04637859270993361,36136.011875000004,1.9166666666666667
2426,0.7171350861287402,0.026735556611630077,32921697.256603774,5585.298113207547
2427,0.6360871271585553,0.023888095555264763,26700.301621621624,3.2162162162162162
2428,-0.5314505776636707,0.027450907571154346,4199451.8223938225,938.3011583011584
2429,0.6161063330727132,0.023622598115058097,33887223.922779925,6307.3011583011585
2430,0.48478831938420197,0.052579398449996255,31599.16108108108,2.2162162162162162
2431,0.5846108114994268,0.06833043279104842,34278.71083333334,2.0416666666666665
2432,-0.24888888888888827,0.024022105163773767,12531680.545454545,3904.380165289256
2433,0.23980582524271754,0.02069490444872167,10495022.301652893,3008.3347107438017
2434,-0.050579557428872546,0.02822605662683427,3659173.023809524,591.6666666666666
2435,0.692537313432835,0.025128012240669507,86115850.13983051,12183.351694915254
2436,-0.5521276595744677,0.02955080737369386,7040163.099137931,2165.271551724138
2437,-0.4693877551020409,0.05660641737283987,27209375.151515152,3713.3246753246754
2438,-0.11205073995771608,0.02130694010433996,9582205.747826086,3020.313043478261
2439,-0.36522911051212825,0.023323826862644066,28359269.438053098,6278.725663716814
2440,-0.3856287425149697,0.024186362782199093,4520180.875555555,1761.5555555555557
2441,0.11914600550964294,0.042053089592368566,38443.8024,9.266666666666667
2442,-0.11387900355871938,0.030723196165357677,16292971.237668162,2316.6188340807175
2443,0.7213114754098362,0.027274811316401158,23685549.711009175,3671.697247706422
2444,-0.14205816554809803,0.021514147825958316,41438356.14883721,9579.66511627907
2446,0.3121771217712197,0.036213818804952044,9265.204319526627,3.7928994082840237
2447,0.528642590286426,0.0195613915790524,75398.28908571429,10.611428571428572
2448,0.411220043572986,0.031044276292561204,16471.534776119403,2.3582089552238807
2449,0.29418369638446107,0.034879290680423336,31885.363999999998,41.72258064516129
2450,-0.21742752415861366,0.03609741719087335,6399.437045454546,1.4772727272727273
2451,3.8063617367076823,0.052080245580346796,9289040.599248827,413.1079812206573
2452,-0.12736842105263113,0.04043296301251833,8576.179115044248,2.2212389380530975
2453,-0.26437563797209984,0.04579242491683628,17477.039999999997,3.134020618556701
2454,-0.48484107579462077,0.0626353032225105,17740.054318181818,5.318181818181818
2455,0.09111704155547073,0.0355749298413574,55990.13914893617,7.0212765957446805
2456,0.6722166499498505,0.03865155490132086,39474.427464788736,2.732394366197183
2457,0.91429110817444,0.04062319673556387,24723.219714285715,1.8142857142857143
2458,-0.3809356622487504,0.03724692567161754,1484563.0017757008,172.6214953271028
2459,-0.5152632657242373,0.058271330547999815,69124.06323529412,7.102941176470588
2460,0.21749723145071975,0.030472103457483427,525951.3811940298,50.69402985074627
2461,0.18565336582394143,0.03876888127885932,255591.51366666667,64.79523809523809
2462,0.35411140583554457,0.04081713463277351,36621.672109375,3.484375
2463,0.13656166219839116,0.058626240643904835,5413.461509433962,1.8396226415094339
2464,-0.2559249786871258,0.03361682811045764,7167.882320000001,2.32
2465,-0.6254429482636428,0.03592659861064668,15725.11,3.446969696969697
2466,0.02899734531345821,0.02108073650074254,765288.4327619048,231.22380952380954
2467,0.7812293456708552,0.036864592739803886,20072.98335443038,5.449367088607595
2468,-0.10281065088757357,0.05230475874467215,20447.731680672267,3.2857142857142856
2469,0.4223107569721125,0.02949407060147756,115853.36815,46.165
2470,0.39749168159713366,0.025699299178489166,7432.744902912621,8.674757281553399
2471,0.013058239749281997,0.0159531710409292,59407.24710784314,21.941176470588236
2472,0.07946715663757464,0.05822546798761825,18939.52142857143,3.4642857142857144
2473,0.11216253826885558,0.02494821221731055,13230.846530612245,6.326530612244898
2474,-0.18920105355575045,0.029969891373390792,20470.255,7.884615384615385
2475,0.30885529157667424,0.03208175438917646,17584.290180180178,2.4414414414414414
2476,-0.9891735285147911,0.09636374506657153,109652.9712121212,67.76969696969697
2477,-0.6024193548387098,0.037482906818261386,5093.788732394366,3.3661971830985915
2478,0.058447937131630656,0.015449188951410377,45431.7207253886,4.409326424870466
2479,0.21263761122002656,0.03692359768913502,18731.2285106383,3.3617021276595747
2480,0.3026409707351865,0.02515919060810359,14315.929350649352,3.116883116883117
2481,0.5663536776212832,0.045311077268483296,43007.220625,1.53125
2482,0.4872211895910781,0.027709804366439817,44031.237733333335,5.8133333333333335
2483,0.24571173980842076,0.060307760424498195,6197.188181818181,1.7727272727272727
2484,-0.35311398354876533,0.01937993988668222,5632.0247407407405,2.3333333333333335
2485,0.6389610389610396,0.029962617699871446,6977.232435233162,5.181347150259067
2486,-0.23628993800667686,0.04874991430513533,34768.537702702706,2.324324324324324
2487,0.3497005988023927,0.02070317371188571,27352.644556213017,4.023668639053255
2488,-0.0010373443983396902,0.02187314230216828,25801.842974358973,7.1692307692307695
2489,0.8936936936936941,0.06647151191509043,13158.637948717947,1.794871794871795
2490,0.0003930817610056092,0.050157490643290725,171254.76472636816,13.482587064676617
2491,-0.1292178510340538,0.042399971027762225,23968.263902439026,1.829268292682927
2492,0.09636963696369616,0.02947646306820746,22497.916785714286,1.6785714285714286
2493,-0.07074735564418233,0.01550140590752879,8208.422272727274,3.0
2494,0.24534905139067886,0.04431699549003402,106156.30014492753,4.355072463768116
2495,0.49824561403508816,0.032795445110028985,8607.210222222222,2.066666666666667
2496,-0.1749521988527739,0.04067514613320186,21238.742097902097,3.1888111888111887
2497,-0.1565437929074296,0.029764733368200864,30568.218846153843,3.9038461538461537
2498,0.17581775700934554,0.04443713535703705,18471.83375,3.0833333333333335
2499,0.2671140939597303,0.03815106370792214,77548.07428571428,2.2222222222222223
2500,0.2635306019221051,0.04906867313040846,5602.3495652173915,1.4130434782608696
2501,-0.05059523809523858,0.03553658634796158,30597.64,2.04
2502,0.05955159193198889,0.03193168843728,67922.24636363635,1.5454545454545454
2503,-0.25273069679849347,0.050543633548031805,77615.52804511279,42.30075187969925
2504,0.2970165157165676,0.030019073120926942,20689.10881188119,9.306930693069306
2505,0.33532771280935525,0.025284582712758845,9454.546235294118,3.7705882352941176
2506,0.38490805326569477,0.02410998861473964,58685.5005,2.6714285714285713
2507,2.944710348242284,0.050897981651058855,4890893.383529412,305.8921568627451
2508,-0.028256880733944723,0.03690431531683204,227710.80385321102,4.08256880733945
2509,-0.07183239108746386,0.023497593573530744,84353.16711340206,19.783505154639176
2510,0.24665226781857585,0.022047468963692817,98075.25238372093,6.0523255813953485
2511,0.26361850330416203,0.04142062648066574,36571.9176119403,7.134328358208955
2512,0.356022267206477,0.029713221124332067,46621.257603305785,2.322314049586777
2513,0.35499911205824786,0.03076711490606395,23953.232105263156,1.894736842105263
2514,0.1412377450980391,0.028469031301310694,8098.828974358975,1.9615384615384615
2515,0.16213683223992525,0.021004722431023515,12355.908736842106,2.4842105263157896
2516,0.6161318300086744,0.03841403877245505,563136.6964166666,5.4
2517,-0.0569288389513104,0.030731630112862833,579411.2986394558,4.190476190476191
2518,0.6499105901053048,0.052361259346565624,507276.89445,74.04
2519,-0.10434120335110386,0.018172424783914263,16337.107914438504,6.459893048128342
2520,0.03713428357089321,0.04438991991088012,12268.894489795919,1.5714285714285714
2521,0.39880518723590175,0.03825735719624833,23518.15491525424,1.88135593220339
2522,0.48713384042725183,0.04041113305159992,165202.15788659794,32.81958762886598
2523,-0.30498096971702715,0.035980232630137575,658676.1081208054,5.89261744966443
2524,0.0934744268077623,0.036339399860781926,93710.65005405406,35.924324324324324
2525,-0.5074168797953964,0.03939211663206526,11459.62809248555,6.300578034682081
2526,0.07765351339945248,0.0352170999809809,12439.817833333333,1.9666666666666666
2527,0.015675327464033106,0.020593548757997505,14065.832833333332,3.716666666666667
2528,0.11714770797962681,0.025368979199656926,190576.6533116883,23.883116883116884
2529,0.634594594594591,0.025175155231961014,2597597.3883495145,544.3786407766991
2530,0.14638875424139597,0.04374332614961974,24025.690786516854,3.1123595505617976
2531,0.6392638036809817,0.030035035488839748,3643.6380104712043,11.057591623036648
2532,-0.30965517241379303,0.03825177693310338,34754.300614035084,58.35964912280702
2533,-0.08765176191886226,0.023009127987331096,20459.641754385964,3.953216374269006
2534,-0.3416666666666671,0.04355335860848027,18647.48006849315,6.554794520547945
2535,0.44250945685532805,0.06155394975377022,104307.1524,4.4
2536,0.12700400801603173,0.02889118497521397,7925.10389380531,2.230088495575221
2537,0.07910238429172534,0.04432755848323733,13164.378076923078,1.4615384615384615
2538,-0.06272994849153801,0.03821689566960655,5960.225,1.5
2539,0.2691781862372775,0.02567073355947498,14146.735655737704,2.3114754098360657
2540,0.120681265206813,0.050771373509568576,18499.4105,1.55
2541,-0.06735299249694715,0.02715101969900494,9854.492444444446,1.6222222222222222
2542,0.2341897233201582,0.04334457408336691,14166.978541666665,1.5208333333333333
2543,0.34657236126224067,0.04009509342483791,18120.84238095238,3.880952380952381
2544,0.13146551724138056,0.020625616778354904,6307.982624113475,2.9361702127659575
2545,-0.19451956012258909,0.030828621514445414,163427.52142857143,5.630252100840337
2546,0.20294018249408774,0.03475749096004344,6568.314477611941,1.7611940298507462
2547,0.22469874773568566,0.06881853132126628,103128.72571428571,2.2857142857142856
2548,0.19923696481560027,0.05130491539591447,12223.737142857142,3.3877551020408165
2549,3.4278074866310124,0.053960528740998506,119889453.28643216,11054.467336683418
2550,-0.04590163934426206,0.05356482338569522,30459.407812499998,2.71875
2551,0.5726165726165717,0.06349362973698787,35225.33875,2.375
2552,0.4472121095995403,0.028566014934780067,12322.440588235293,2.0588235294117645
2553,0.43380416566914026,0.04411236585635559,55828.403333333335,4.3
2554,-0.22831858407079664,0.03969884828625286,164221.90462427746,43.10982658959538
2555,-0.2858606557377049,0.045005225082128966,24894957.16751269,5007.340101522843
2556,0.20879830305266056,0.0327432091573831,24961.69739130435,1.891304347826087
2557,0.3030769230769217,0.03434754952534839,43143082.03076923,9333.374358974359
2558,0.06641509433962334,0.0398138103511647,4435.251764705882,2.3529411764705883
2559,0.7320574162679443,0.029385383219250282,43290406.28350516,4515.298969072165
2560,-0.42369942196531707,0.051180028724877896,37425.01430232558,3.5697674418604652
2561,0.48725490196078347,0.04953860061431561,76505.30769230769,14.942307692307692
2562,-0.07629427792915566,0.036033820551084325,17653.6106122449,1.9795918367346939
2563,0.12768621438609995,0.044341440413862426,43931.50769230769,4.461538461538462
2564,-0.042518961158354074,0.03290856748979225,25013.38157894737,2.789473684210526
2565,-0.9351494696239152,0.08854851471058629,104487.52840277778,28.82638888888889
2566,0.12475247524752464,0.03154977022196798,72502.35294573643,18.503875968992247
2567,-0.9068349106203997,0.10275187763733735,8762.122588235294,3.7058823529411766
2568,0.17295774647887407,0.033390525678174354,19995.82701298701,1.7142857142857142
2569,0.46618736383442383,0.04536215625668523,45332.4037037037,1.7037037037037037
2570,0.1074632563466309,0.045508477794938836,25542.71064516129,1.8709677419354838
2571,0.04433962264150937,0.053590653213332194,18839.875384615385,1.4615384615384615
2572,0.33140972794723744,0.03173811970393886,19407.22717391304,1.4782608695652173
2573,-0.007633587786260554,0.013979789994972342,3061310.0367032965,180.64285714285714
2574,0.1692963752665264,0.03911008061809077,4100708.298791209,294.22527472527474
2575,-0.441434262948207,0.04574951989763352,22817.126871165645,6.361963190184049
2576,-0.146976744186047,0.024353961212124825,390918.87812154694,69.50828729281768
2577,0.24277799762564212,0.014260616906920766,373553.49125714286,17.14857142857143
2578,0.02426184481574789,0.013481511623376765,869414.3376373625,98.1978021978022
2579,0.11080566716007523,0.022191298971133692,267200.25937499997,12.392045454545455
2580,0.0737476808905384,0.01461218889555583,60428.25119205298,17.960264900662253
2581,-0.11246748048829325,0.016343746022407724,319118.51855555555,108.03333333333333
2582,0.23126817266830657,0.019922748105674952,95240.62994011976,58.90419161676647
2583,0.11560805577072109,0.012859499529796432,1534331.5434857144,213.33142857142857
2584,0.08058891902363463,0.021683005234819086,32678.74888888889,14.045751633986928
2585,0.06241610738254888,0.01468444935085782,40185.506499999996,1.86
2586,-0.02200220022002164,0.08383806360229075,555498.6933516483,132.62087912087912
2587,0.16450048496605185,0.016537884681599765,582482.4735911603,108.96685082872928
2588,0.02800560112022321,0.0146137630655137,2274093.0320555554,132.26111111111112
2589,0.05438171111880874,0.013719923416851871,128718.23875,11.085227272727273
2590,0.18125897067869623,0.01837642811811867,791112.965819209,29.717514124293785
2591,-0.3586956521739124,0.04015305188635644,526704.6512921349,27.48876404494382
2592,-0.67913148371532,0.059669846566211146,287614.5167032967,35.68681318681319
2593,0.24083129584352148,0.017354436059181726,73984.58725714285,11.388571428571428
2594,0.023974427277569488,0.020839894123334545,510284.72241758247,64.33516483516483
2595,0.05432098765432247,0.015432896444434874,144878.1506875,9.8375
2596,0.22665148063781304,0.011580361868417691,9431389.745714286,132.54857142857142
2597,0.11823204419889577,0.011902854850144608,271533.1582954545,47.52840909090909
2598,0.15041782729805098,0.01095664311890355,1986974.398060606,59.084848484848486
2599,0.12460567823343616,0.012035320092654182,82410.6711392405,17.360759493670887
2600,0.04925258719815995,0.011414858609916768,369943.57240223465,32.18994413407821
2601,0.2554451995121101,0.014575118873092537,88177.18095238095,4.578231292517007
2602,0.2954343577900145,0.023398927352630976,73599.8396875,46.375
2603,0.06708203530633527,0.01085822098563629,462981.6832098766,11.049382716049383
2604,0.22293138819238667,0.012571113470431952,1061907.1144378697,160.18934911242604
2605,0.22067387687188122,0.012730875737475982,802161.7504117647,269.9529411764706
2606,0.17173321234119743,0.014045740585398337,97382.09553846154,2.453846153846154
2607,0.07340604026845665,0.020988959298804143,26264.115135135136,1.6216216216216217
2608,0.17007788444122407,0.014904334237521454,387770.70166666666,14.818840579710145
2609,0.11289971720687442,0.023075144647016935,28050.335483870967,3.217741935483871
2610,0.12294907308757685,0.013491624006516724,1340678.0958461538,26.43076923076923
2611,0.20875000000000088,0.013788603164605152,2819690.831357143,23.271428571428572
2612,-0.7898270600203456,0.06740763035421106,1202155.4583030303,23.515151515151516
2613,0.27104922279792754,0.03531900243180007,50266.555806451615,2.129032258064516
2614,0.18544776119403017,0.0572629121869124,7458.5779999999995,1.3
2615,0.22179487179487478,0.020183920260507783,169100844.0,9539.143678160919
2616,0.01861252115059231,0.03099683760985032,279689.511627907,32.75581395348837
2617,0.39086956521739014,0.028783606173448648,1675.6597540983605,3.0655737704918034
2618,0.34311512415349843,0.04707615621848071,47678969.24260355,9220.396449704142
2619,-0.4329380764163363,0.03300751048294151,34575.1851497006,14.071856287425149
2620,-0.4636363636363635,0.07032107502956096,48830.635,7.888888888888889
2621,-0.0036014405762303525,0.036682620524675844,49693.69056074766,6.392523364485982
2622,0.10723860589812362,0.03854097040233412,180918.61303030304,3.0606060606060606
2623,0.16343042071197456,0.036068865615656955,75359.23147540983,5.098360655737705
2624,-0.3433862433862436,0.02164653561704237,2316890.979452055,287.36986301369865
2625,-0.48309178743961356,0.0695792616514457,35362722.167832166,3616.951048951049
2626,-0.15212981744421816,0.03219493363757464,3825778.11443662,588.1760563380282
2627,-0.13965681601525248,0.026593727556261368,33439584.38028169,4731.5
2628,0.07293127629733642,0.0309573140201273,1988669.7239436621,578.9718309859155
2629,0.5075987841945273,0.025731436352643824,46305071.46043166,6179.604316546763
2630,-0.556818181818182,0.031777113872965154,8564665.282608695,1278.8333333333333
2631,-0.686923076923077,0.03918502407807812,45017404.8115942,5733.326086956522
2632,0.053097345132742335,0.021937154184506716,8989227.350364963,2392.102189781022
2633,-0.003194888178916111,0.03181036738593833,8791422.649635037,1463.5766423357663
2634,0.1088785046728975,0.0341179388135589,31618698.34074074,3733.9777777777776
2635,-0.2318952234206476,0.02553275678146181,8535433.649253732,2021.6492537313434
2636,-0.35462184873949554,0.03832992507640312,10784782.141791046,2571.208955223881
2637,-0.6035874439461884,0.04108823607709042,11590384.067669174,3009.714285714286
2638,0.01714285714285757,0.02813919869269912,6047282.537878788,932.6515151515151
2639,0.1295454545454533,0.020878036505398,8914006.765151516,1185.810606060606
2640,-0.05335570469798667,0.02006944818252593,165578.65027777778,7.402777777777778
2641,-0.1899999999999996,0.02202384229193207,77050067.75572519,11143.389312977099
2642,-0.7499999999999999,0.07450099024553883,143828223.3467742,8529.5
2643,-0.0975147430497052,0.030025581710934127,11959.698,3.3
2644,-0.07266407119021101,0.028324184718008436,39866.42933333334,4.2
2645,-0.11820330969267168,0.019499196492529007,13903286.14423077,3146.3653846153848
2646,0.39530480878455276,0.021814886579938644,34350807.88235294,4374.35294117647
2647,-0.38178340903657637,0.04046664252767927,9281.113035714287,2.9107142857142856
2648,0.2031539888682754,0.01535151301509465,176627.01653333334,2.3733333333333335
2649,-0.2835777969513946,0.03535673745271646,178143.59,256.34831460674155
2650,-0.887433155080214,0.10532515414265864,68120.76078651685,25.078651685393258
2651,-0.22212936653852577,0.05096759760296476,23906.400638297873,2.9148936170212765
2652,0.22888482632541307,0.03538661737350407,46153.60270588235,5.694117647058824
2653,0.0919881305637984,0.038348049276630713,39905.2176119403,3.701492537313433
2654,0.06378986866791769,0.034881714495810845,262595.25922222226,9.144444444444444
2655,0.13483535528596202,0.03305464093247776,29456.98,3.513888888888889
2656,-0.2238983050847465,0.03456834755605835,34640.97222222222,4.481481481481482
2657,-0.14189189189189155,0.03555090297810437,18325.019666666667,6.033333333333333
2658,-0.11844053298239765,0.02021672926014019,7619.473333333334,3.7435897435897436
2659,0.17728237791932044,0.04082685760874698,1321279.525595238,251.3095238095238
2660,0.7636786961583233,0.04430495394368382,11842017.368421054,1676.4105263157894
2661,0.27976190476190554,0.021673680130258857,15587469.120879121,2085.230769230769
2662,0.20291970802919668,0.022426780165079797,16427047.711111112,1409.2888888888888
2663,0.01619937694704121,0.016084444839452105,18238465.174418606,2099.767441860465
2664,0.48359375000000115,0.02719565949691214,20827210.93023256,2654.6511627906975
2665,0.022885572139304644,0.02475700842769706,57793667.90361446,11000.530120481928
2666,-0.013793103448275446,0.025098170457454768,11945053.746987952,2402.0481927710844
2667,-0.11699111699111708,0.03236541022399618,297.65000000000003,1.2857142857142858
2668,-0.46820349761526203,0.04587225155472294,631967.0333333333,365.6333333333333
2669,-0.2772727272727271,0.045384597502424094,989810.9166666666,542.5166666666667
2670,-0.13423180592991912,0.030066877313758268,15692295.81707317,2489.2073170731705
2671,0.038770315253572996,0.01584886257378986,5963.562833333333,2.683333333333333
2672,-0.16803360672134415,0.030847485077085724,6630.870952380953,2.0952380952380953
2673,0.016184760865611603,0.012262549217935821,16949.43323943662,3.9577464788732395
2674,-0.8237442922374428,0.102331684748382,12191.813188405797,5.231884057971015
2675,0.003372681281618606,0.015339347354007141,104102.76014492754,4.753623188405797
2676,0.07056834988379324,0.015661071633475444,8999.61359375,4.625
2677,0.06483126110124338,0.019649427722101143,6711.300909090909,3.8636363636363638
2678,0.03032258064516169,0.019214879166003097,9085.645319148936,2.3617021276595747
2679,0.04049602790157092,0.01502382723685032,74216.81276315788,8.710526315789474
2680,0.03190338860850783,0.010410897608451888,21522.15375,4.666666666666667
2681,-0.05351521511017798,0.013914772541146184,2678.693269230769,2.2884615384615383
2682,0.0038854805725976327,0.014808919342730759,1279.3688095238094,1.7857142857142858
2683,0.0065346534653469845,0.016757429453930474,137527.47428571427,2.1714285714285713
2684,0.003816027314721415,0.043094016396895855,30395.59012658228,42.265822784810126
2685,0.00872600349040109,0.018628947717255307,2256.6366666666668,3.1403508771929824
2686,0.025578562728380216,0.02318011465328474,5066.749393939394,2.121212121212121
2687,0.0750270270270268,0.017956102808148834,16636.805714285714,1.5714285714285714
2688,0.0537870472008779,0.01674380746309869,5418.385714285714,1.6666666666666667
2689,0.06756480914472363,0.015709032739084104,16437.00980769231,18.692307692307693
2690,-0.021872265966753734,0.015802303661497832,157939.9230232558,3.6744186046511627
2691,0.10209258084971484,0.027338970296128876,13353302.8375,2100.3875
2692,0.020837141290440453,0.01574920296163932,31959.92930232558,22.069767441860463
2693,-0.016760946993504833,0.013880968807238101,9939.281111111111,1.3703703703703705
2694,0.04289649744195212,0.028058093914381604,1522.6126666666667,1.2
2695,0.0749519538757204,0.02574562850395223,15343875.341772152,2763.4430379746836
2696,0.04114490161001916,0.013223478201026932,1428.7588888888888,1.4166666666666667
2697,0.024594546426661923,0.02300169518375458,4777.848125,1.4375
2698,-0.008474576271186307,0.017898785598872497,4004.4436111111113,1.5555555555555556
2699,0.0700729927007302,0.024654938338475672,1874464.4647887324,2367.6197183098593
2700,-0.060259740259740346,0.054172192775784465,7099270.704225352,1057.661971830986
2701,-0.2946969696969698,0.03568326579522695,2277247.6885245903,504.24590163934425
2702,-0.22511812223746386,0.10900445130345314,5814.5325,1.75
2703,-0.7287784679089027,0.10354194574028604,10825089.69642857,1652.392857142857
2704,-0.7435897435897438,0.10112382684726616,133237.45454545456,21.181818181818183
2705,-0.17538461538461514,0.0325166150993271,100596.2641509434,31.339622641509433
2706,0.027482499351827894,0.028884687609546603,150377.19620689657,1.5172413793103448
2707,0.4682779456193349,0.03724772514628246,18514196.914893616,3016.2340425531916
2708,-0.19774205564629332,0.03137097820148777,8859001.70357143,460.5
2709,-0.053263707571801544,0.014407338194573096,7880.896000000001,1.6
2710,-0.14958677685950428,0.023689423661042347,30540087.484848484,4701.515151515152
2711,-0.11612903225806459,0.022541109661031237,88286018.29032259,6380.8387096774195
2712,-0.005046257359125672,0.026104492078469186,22709773.066666666,3986.3
2713,-0.31492248062015493,0.036010603848931316,257169269.57142857,19930.35714285714
2714,0.0057731958762885505,0.025789273409166473,16359025.961538462,1733.1538461538462
2715,-0.27413127413127436,0.03817419653171022,48559620.24,6644.04
2716,-0.29483568075117395,0.04041936483431516,8806138.391304348,1580.6521739130435
2717,0.07469443186962477,0.0316985732168058,16668947.782608695,1721.8260869565217
2718,0.0556962025316452,0.031314126433746925,20303808.318181816,3060.2727272727275
2719,-0.006311992786294018,0.03879273539194144,41622957.52380952,5597.0
2720,-0.23968253968253972,0.07425679786006757,41544396.61904762,7653.285714285715
2721,-0.06963388370423518,0.01990054438278538,17746746.65,2301.7
2722,0.007017543859649145,0.021777690641594197,49202269.10526316,4443.578947368421
2723,-0.0019986675549631405,0.01989088358682316,1008252.8888888889,151.0
2724,0.08163265306122414,0.03651106712562422,48138.54923076923,1.9230769230769231
2725,0.013812154696132284,0.017237819264233276,136945304.4,21745.533333333333
2726,0.07798165137614688,0.03392621419764486,16217985.76923077,1566.5384615384614
2727,-0.08948194662480391,0.045127033074573504,60921279.166666664,5376.0
2728,-0.06716417910447736,0.02065389513309654,3785577.777777778,1251.4444444444443
2729,0.2708133971291866,0.08054440027561044,17864.95125,18.375
2730,-0.014159617506436017,0.05117468009144577,22213.21875,36.75
2731,0.036406216734085506,0.020112059890470085,1598.0566666666666,1.0
2732,-0.018237082066869248,0.013892949640718452,4205.86,2.0
2733,0.0631801692865781,0.011752182839358352,1485.7233333333334,1.3333333333333333
2735,0.030040964952207316,0.006555977791772805,5563.237999999999,1.4
2736,0.022114347357065745,0.016559626727207528,245.81799999999998,2.6
2737,0.08164832352188367,0.027444909113764803,5723474.9025,1.5
2739,-0.015735323784547228,0.012713840465006098,7141.47,4.375
2740,-0.01810584958217276,0.04504556720376075,56876.71749999999,10.5
2741,0.11111111111111116,0.0384721040444465,59682.9625,7.5
2743,-0.02896725440806036,0.015268460025835928,2870.5375000000004,1.625
2744,0.025787469712703404,0.026487990324213267,178408.0225,2.25
2746,0.06220546654099923,0.0297502310120524,356058836.625,46790.375
2749,0.14591836734693864,0.054764690654808094,1443.135,2.5
2750,-0.021565374754939026,0.010808636313354386,6576.456666666666,1.6666666666666667
2751,0.03260390659421386,0.010616619714068859,24180.68571428571,2.857142857142857
2756,0.13434614238903753,0.052484140871702736,856.7625,1.5
2757,0.025048169556840305,0.008568848985293285,34839147.4,6816.2
2760,-0.02370611653999266,0.007469059359610024,37940.409999999996,28.333333333333332
