cd_papel,ATR,Coef_Variacao
1,0.9573468074348382,3.0660682563546957
2,0.24762514205198988,1.6422851892137855
3,0.7416281592861864,1.5800355692497796
4,0.14246758560727663,1.939165725007135
5,567.0922448979592,1.2330707723063912
6,0.034345828065739575,1.5202346414691987
7,0.4330211251043168,7.204663839740782
8,2.4298599774882828,5.81596169615214
9,2.5099792030075188,0.8329079011254994
10,0.676540209090141,5.012260145201983
11,0.0917114285714286,1.5740390240844357
12,0.050041967401725784,1.6467485161961033
13,0.05257760743321719,1.160111826649831
14,0.11505164906258253,3.286714589736046
15,1.111111111111114e-06,2.4732930965436024
16,0.0005698962863834059,0.6254396760119825
17,0.008579568657750307,4.241376130163564
18,0.021795736832611833,4.315064932955611
19,0.01282650996890434,0.7783763897007573
20,61.62547866008225,7.0027284444571105
21,0.03569056295399516,3.0362808716623992
22,0.2840827761257434,4.664106281131179
23,0.2052389565951784,5.111054971068509
24,0.004501501238023468,4.950373414284568
25,0.1430755305166563,1.3613726858203463
26,0.6695745748623354,1.0794071384537267
27,0.7767984383045526,1.1207022353968228
28,0.6987009623922696,3.990231670308179
29,4.409610389610389,0.5400488303579983
30,0.6675729561506769,0.8639203345920453
31,0.08879079084041548,4.567540757947882
32,1.2402216811365427,1.8006737371330093
33,0.3987638425696441,6.043276687698695
34,0.03786768932874355,2.2762740155473606
35,0.005234208041425524,2.1340432567743863
36,0.013468663265306125,3.105437258644747
37,0.1274764460055379,4.645931077608332
38,0.011187615160349858,1.9478031442476813
39,0.033976779690189335,3.648241575390374
40,0.8056053386699508,3.077283370762054
41,0.9693539772840822,3.9904709254915183
42,0.3175172570668581,1.2401952513690597
43,0.38663900609283725,1.416654583010006
44,0.0439676817386583,3.5444558563752158
45,1.5718892443609025,5.8197485698126545
46,4.119997624988427,5.3348062171054735
47,0.025532703113447793,4.479905879935807
48,0.005673149460072908,2.2432527657157175
49,0.5364230258053634,4.244838316576944
50,9.734123218694885,1.14676092907762
51,0.15142957266127927,0.9237285794246809
52,0.958144780401976,4.580926479812841
53,0.027567076053442954,4.339400749021221
54,0.21208919054659814,5.354627277400549
56,0.16888766736953084,2.437924351434137
57,0.42239528674627747,1.7280459215662272
58,0.00795502059596845,1.4633808484016426
59,9.090909090909093e-05,5.802293458840401
60,0.23802979446479444,1.762349519972342
61,0.72558831711146,2.5871568884060374
62,0.7832642099424385,2.4052253846858296
63,0.5980750732232591,0.6972452795220808
64,0.1307976752645503,4.55803102568447
65,0.49277047323801093,4.022604881327232
66,0.022683274042950514,3.6941034598157527
67,0.1107938594059406,2.6456017806621186
68,0.010346138392857144,4.151512922684521
69,0.12878506896992145,1.1782572334827215
70,0.004005035982238554,3.0968501010951464
71,0.09136501527085678,1.260915924914934
72,0.35098245125077054,2.0645041052792936
73,0.0048518742368742415,2.108129067405673
74,0.013628608795630928,2.498302004452551
75,1.625464148953699,4.384973437562453
76,0.15718907869785084,2.854849173404954
77,2.4326239032195875,2.270873856542987
78,0.05711560369640965,3.244981795749574
79,0.05525927209030752,0.7056322617039419
80,0.0631242343387471,0.8559498588358909
81,0.7091300373134328,3.552800463324766
82,0.34125409255718897,2.161482492874769
83,0.22875173451327438,2.0327102900097107
84,0.7797996907554454,2.3540896568555882
85,1.0920828160476703,4.619562861220233
86,0.19503488710038,1.4466855434927754
87,0.24591112035083362,1.6564247945701371
88,0.14036796536796534,0.27170694645955124
89,1.0468275530766462,2.843183133111693
90,1.3872770162080663,2.3567372403202236
91,0.5025099275423195,4.975494386926275
92,0.08089940382230239,2.002549203652009
93,0.13265712608987257,0.960904512215514
94,5.039846242952332,4.467605099173558
95,0.1000098647125141,7.531023675122528
96,0.028644316996871748,2.6778642944037276
97,0.731258521005592,5.274967960095683
98,0.3820181036112216,2.918704523157539
99,0.4239517884114996,2.898187217020711
100,0.0030181924198250725,2.650576976112879
101,0.05490559842396817,4.77413870866106
102,0.0026896028187059578,2.7829608396179424
103,2.2187425365766624,3.63601220401412
104,0.0002596296296296298,2.9925719502543764
105,0.5280762234794908,0.6765569948980371
106,0.6617070683479008,0.6665261912971284
107,2.986594900793651,1.9702458815411488
108,4.486336029023747,1.8357149670113446
109,0.004571046521445458,3.944777680070363
110,0.21221138075313808,1.3468758287801625
111,0.2891873960585398,1.3760399294860466
112,0.31031981368102796,0.9245554082972547
113,0.09398896424273681,3.720077055054249
114,3.2437965755413085,4.749299535941993
115,0.05451911176905996,2.037198907732059
116,0.1647962170154686,2.654453582050529
117,0.579966398005148,1.7864618509921337
118,1.576999578873895,1.9355324221376937
119,0.5373558620689655,1.130578125113301
120,0.27660109992874954,1.4444827947728356
121,0.0056031052920208395,2.288162970935749
122,0.030584180308562005,5.495775839104082
123,0.0728536442548183,0.6759033908923321
124,3.269157554458322,1.0977164295193642
125,0.10585646792894375,3.7759628148105815
126,0.03832716864645201,3.110588040469351
127,0.23510418575593503,1.8201395798341884
128,0.1197470705083455,4.4969808595296605
129,0.0031726203007518806,2.1402738653421323
130,0.008559706434545145,2.8348965806463142
131,0.9875340180278613,0.9207905565067418
132,0.9886489999371689,0.988584914193599
133,0.11461859864250497,4.634648051624915
134,0.7406075320360702,1.2352073634104146
135,0.07129946820809248,1.6518303102064933
136,0.0014950364431486878,1.0151325525039048
137,0.03717375351364858,0.852785387116382
138,0.03480419427621422,0.8016130295143765
139,0.25194161019878997,0.7658164379228931
140,0.026135306122448968,0.4376306210131259
141,0.18396816595149704,5.461707645842241
142,0.21844741453269206,5.711929132187826
143,0.2438785565991102,5.061054099320617
144,0.24563744119021658,6.916792395233197
145,0.37586933838324066,5.422814012167321
146,0.3314286095803307,5.054263797460508
147,0.32037490882567465,5.475449556010785
148,0.009532873352063972,3.7311327082013803
149,2.4207547862263183,4.804409502129297
150,0.019667634158294534,2.4477952787210606
151,0.2721699828296703,2.8110078925888624
152,0.1168800978792822,0.3771588613170547
153,0.006271589132686693,3.8881073114441866
154,0.05624524077046549,1.5912925307264365
155,0.16568251638269987,1.2464167932321244
156,0.7504163435024934,1.3720012319638308
157,0.8790055899159664,4.146329944505237
158,2.4108282684852838,4.9414460556987025
159,0.7009105598455598,2.6277128110621177
160,6.131446362259137,6.211617450959776
161,0.1055462190599796,1.1845888525508677
162,0.03509267429760666,2.169054270131702
163,0.014337692540018121,2.082747482978787
164,1.1071030282083507,2.9778066160713115
165,1.0152833320735701,3.119009541382096
166,0.677457315315784,2.554170136237552
167,0.3743161077668477,1.8064506311836546
168,0.17752929453262786,3.698483061187708
169,0.19221847494730016,3.981306784330722
170,0.7325455391732965,3.932976758990293
171,0.9915095601706174,4.310497902879699
172,0.12577940074314173,4.212506169238638
173,1.3262853217503219,3.6733785384211064
174,2.2063617728531857,3.738341372041059
175,0.2672896759109964,1.4099147657249615
176,0.11210443248532287,2.673288345800125
177,1.7046122448979588,0.3074233481119552
178,0.3820196898258545,1.6578530372778895
179,0.27309130447542185,2.178130445423438
180,0.10947514470194858,1.5486848388405454
181,0.003625304568527919,2.069018485861875
182,1.3754337146714093,0.6777758878127782
183,1.1568257565355162,1.6549971192720903
184,0.1999404358459802,3.9514869671015584
185,7.462455448475687,3.834898686473791
186,0.17913643279797128,5.389660659796042
187,0.006176439393939396,1.4974096072190586
188,0.04697429904394191,2.157756039654103
189,0.3106243029472847,2.4623510417732355
190,10.739733990147784,0.5489717041758637
191,0.05708005770430442,2.7442811159764506
192,0.5374217417020389,1.740783167066186
193,0.004671521793902746,3.2384653549646267
194,0.6870491039808281,3.3391828879783882
195,0.20357600321027292,3.681190428604989
196,586.8476308456118,3.1814903801092673
197,1335.3591955662264,3.1104758901228005
198,0.007505685092934812,5.393443231120913
199,0.04807722362443211,2.7019138719894964
200,0.3884420593591383,0.9376867979518493
201,0.003213327950310559,1.7073083471214265
202,1.7726938775510201,0.29255699067192276
203,1.8598529411764706,0.3600139297628594
204,0.009456301652892565,1.8915706200614353
205,1.0948324845885822,0.9313507621894562
206,0.3470207388131132,4.643911500536847
207,0.17912994204578384,1.9075103574958594
208,0.0019750877133337865,7.359565669248476
209,1.0506220846668606,3.05824261897544
210,0.0699394714623438,2.890190741529704
211,0.027712332667332668,1.4313219306249236
212,0.3592857142857139,0.05427126993865875
213,0.25002948051948054,2.260020455857763
214,0.10575749382105779,2.6473679494634936
215,0.0005708516483516483,2.4254814731459784
216,0.5353611908707798,4.403952306906926
217,1.0789701808318264,1.4780828335281107
218,0.006546706349206349,1.941714644380192
219,0.47814737210205926,1.4619463492496767
220,0.0024890949887808526,2.343031490307415
221,0.07185458087367179,1.8181332890217683
222,0.45434031659530294,5.3012771643503545
223,0.030318681508539832,5.489377029545428
224,0.27606896551724136,5.937335424322591
225,0.5056735772357724,1.7512051110543574
226,2.4810389714898835,2.0831190504964328
227,0.12811093984962407,1.9910193779480783
228,0.17933817042606517,2.756124770070088
229,0.029806315192743765,1.8627944281475868
230,0.09266436527153234,1.5126419383118266
231,0.3432617740429505,1.5811008446547787
232,0.18172773561507938,2.1093543026013526
233,0.513727606810151,2.3736327589919446
234,0.21884283229813664,4.153507433906253
235,0.11389946262458472,2.112618075728627
236,0.00076113981762918,3.263476409270208
237,0.09658461538461542,1.9496492442560942
238,0.6753790566037734,2.4757866078332977
239,0.019068391977480656,2.013612778515704
240,0.005485324815746502,5.87476382791509
241,4.2003550869794415,3.2632395108420083
242,0.2541474909644284,0.9458950882554868
243,0.05598668889845096,3.855640499872134
244,0.6448770064011072,1.1621324096436942
245,0.08347067669172932,2.437266754513673
246,0.175342574,2.7064164555573895
247,0.03365564758199,1.6165077122797777
248,0.47862796296296295,1.3769638549517829
249,0.3597236313637005,3.663108269624279
250,0.04060116187384045,1.6410545105883267
251,0.25067346938775503,0.30318061733686275
252,0.057170988771054275,1.8448441427914983
253,0.17552173913043478,2.1023570103417106
254,3.169625571428571,1.0551714314341472
255,0.04432837446958981,4.886289255020323
256,0.12670159677526374,1.5058434174686426
257,0.10077440713536201,1.6042028505886239
258,1.1203861937830688,5.420874377689031
259,0.005225926498303807,5.952976120048554
260,0.028520559006211182,1.7588665245404507
261,0.6862156061065615,3.6101855829521146
262,0.2882340758579169,6.508216081137606
263,0.062136451367781155,1.929141134873658
264,0.21868062465348362,3.235401861197041
265,0.22068801712814584,5.476604331030544
266,0.02839989572471323,9.549311903287675
267,0.1277251887561108,3.432813335331726
268,0.09144022962812437,3.0204850280208766
269,0.20438048323769256,1.2797179177963993
270,2.3300492610837434e-05,4.346596781948715
271,0.14792582417582414,0.43322833519135395
272,0.19043924665178572,0.9355885954527294
273,0.15897785714285717,1.7747933831297966
274,0.1801160833639368,2.5760058249347333
275,1.5284960786635096,4.914599075077562
276,0.8557932142857143,1.6987439417741028
277,0.04679642885431401,3.8988063099868597
278,0.22610506058125254,2.0009789423494597
279,3.781666031535793,5.207238953525991
280,0.3543337513227513,3.4035317553809583
281,0.12882773291925467,4.278365300716343
282,0.3324808415129728,6.96196129695048
283,0.04083286675404107,0.5408232117315773
284,0.21576046025845283,0.5208289146099058
285,0.009106027782992304,3.235022853139166
286,0.03335386662891123,2.6761020465624683
287,0.7524107142857142,0.39604655176009657
288,0.2238418015340364,3.415200590668499
289,0.07175047875064003,4.7646237333109
290,0.0005166806722689086,3.052685749111653
291,0.2286661640031183,1.431478247453103
292,0.46694997878157257,2.1914738226337676
293,1.389595131875674,4.708519666607472
294,0.07688941988950276,4.622817532858942
295,1.7910618788819874,2.397042114330215
296,0.006706666666666667,3.9621185103224335
297,0.12710115039281705,7.280199344805718
298,0.4214743970315399,2.127344666487287
299,0.002817205783906815,4.232985269593758
300,0.6194807320141827,5.274857003126898
301,4.969730979591837,2.306279408516
302,0.021399620991253653,2.5989187539995675
303,0.5738153211465729,6.957271422903588
304,18.455384615384617,0.3401306842572042
305,0.012283287292817685,4.691787335143576
307,0.22740557283566615,2.8076597028409593
308,0.003387107364685005,2.453329198661789
309,1.0201252262169902,5.501172872863669
310,0.3353265498652291,1.8937800840080616
311,0.004510655344655344,4.252647952342936
312,0.4345034051956981,1.2631341066587747
313,0.0013365762170790124,2.809368041645498
314,0.0035371811521811534,5.145839330700475
315,0.6146484672268908,3.7533488227670633
316,0.15706493506493507,4.662272185169574
317,0.0012970562770562766,3.399502121391758
318,0.020909340659340647,1.3313908983481664
319,0.027490482625482628,1.8584267083484503
320,0.026116706700379272,2.0483296987560693
321,0.04113379120879121,3.8160180343427563
322,0.006310471341286005,3.607533481361167
323,0.23255089845442725,1.3713752272912538
324,0.8536156143707481,2.046924448675866
325,0.2,0.41601349932102294
326,0.0028177924384673934,3.37300653688951
327,0.4440488527017024,2.939204698301679
328,3.117845384615385,1.264941233686626
329,0.027370766951942075,1.811673067252347
330,0.2518651020408163,2.983671661506889
331,0.1362472193389784,1.491514131757487
332,0.005923853968253974,3.7125953231643103
333,0.0007987428571428545,1.6319900996333578
334,0.011693922531808664,3.588959119002985
335,1.1571811431440044,5.534634800737282
336,0.023836056893687705,5.009129735425979
337,0.013031431594860168,6.014783587504077
338,1.4608576522248244,3.7763457261470967
339,0.002629162561576347,3.322409587466147
340,0.00041375832053251407,2.928107329957175
341,0.44302396711202463,2.546514851511165
342,0.017812933130699083,1.7723660485127013
343,346.6711359724613,2.349691113153967
344,0.3031451499745806,0.9712693553718932
345,0.040680272108843535,1.7152383856225402
346,0.001285714285714287,2.772197330971823
347,0.0033920386904761866,1.720966293925381
348,0.06265720621419892,2.564194522466942
349,0.21188095408163263,4.425245434425906
350,0.009382266425557562,2.018733672084251
351,0.3246166201298701,3.285645120017844
352,0.0,1.0254558339327133
353,0.07377132058648703,3.3933698340731318
354,0.5453974264838211,0.9538986819662024
355,2.1542438726122115,1.9254961223553964
356,0.190182922895358,1.497556878975885
357,0.05246120689655174,1.8031130428395714
358,0.004595125220458554,4.113839208129005
359,0.025048928571428538,1.8580514719743049
360,0.6763838953855879,2.95696688375403
361,0.04461977825561082,3.8631587520964876
362,0.9020304486118772,2.472998786753678
364,0.0014257142857142864,2.4641383607180907
365,0.14305532192448644,5.593527593659665
366,0.2039508329338447,5.597986121479345
367,0.0,5.8043955528504405
368,1.159177334213131,26.597234515812342
369,7.816711590295688e-05,2.063650220122381
370,0.011525812133072405,0.7225189096099366
371,0.12943286426790168,1.4832414055821086
372,0.03954722873900293,0.9195311986318125
373,0.025253858615611195,4.54868357154367
374,0.40806228423198077,0.803151356476807
375,0.3938314593762033,1.3256649686378157
376,3.4648419841269837,0.8366980993328306
377,0.013971836734693883,1.130854025280248
378,0.0004982539682539819,6.211632626850879
380,1.7979506239737273,2.83178203341351
381,0.0006385531759552203,6.271864121333571
382,0.1594417467894079,2.404633433515662
383,0.11785714285714281,0.29357027277711023
384,0.0019673704600484264,4.35051766028058
385,0.029156908665105397,0.6603315394183968
386,0.0006587755102040821,1.7429711084026287
387,0.26113753246753246,2.275237879170188
388,0.1761715227629514,1.7795976726220444
389,0.18600135305223411,1.5566962502321642
390,0.03412138051550896,2.4451343129116245
391,0.01280758994062172,2.396912118920026
392,11.823406593406595,0.337576464137266
393,0.11258873982970671,2.704379639678117
394,0.07476683308617564,1.1247526727237265
395,0.04718330067044868,1.0288211258867108
396,0.00021039215686274512,4.522089945519347
397,0.2393784628072575,1.6058982086278017
398,0.0057750340136054415,2.046221815961489
399,0.001954664263181613,3.4271252401970687
400,2.852921958152023,5.583744334930934
401,1.2218158008163267,1.1402689934186718
403,0.017327731092436995,0.5355597987493721
404,0.05628990572315882,4.978839036030053
405,0.022306648351648355,3.2872260315276436
406,0.0,1.3785685680552107
407,1.7372604238779703,3.7826279927298967
408,0.5337415712587056,0.9707889741918938
409,0.06356621830324533,10.80162779495302
410,0.37496719654528476,1.8794750755446785
411,0.9453314150943396,1.1415136985723102
412,0.0045968621179815206,1.5400580779330983
413,9.160986394557824,0.39120231258937516
414,0.00018275132275132278,0.6705485787824991
415,1.5453083847307885,4.554996378989151
416,0.007623388188608776,2.3917828548443416
417,0.11542412458471758,2.8960056493774915
418,0.14717225905673273,2.781671606001557
419,6.914682539682534e-05,2.3317395221305746
420,0.016174070263975153,3.827192997810783
421,0.0029808064516129024,1.9149626744026074
422,0.574886377742108,1.0160976945442153
423,0.16030211111694034,1.4175522382649774
425,0.007183351466414383,6.014853772214968
426,0.22766644719792678,4.762248057761763
427,6.600909090909091,0.4764493056219522
428,1.5023958942133817,1.1931678003991322
429,0.3145561897759104,1.2306135197968844
430,0.20411940993788819,2.439748563323895
431,0.10548979591836732,4.90257921962576
432,0.5627938285714286,2.8498826243400703
433,0.0004559563658099222,2.4348206808969395
435,0.033520926216640504,2.8376810035369897
436,1.1126666666666667,1.793927573167669
437,0.11698355667060212,5.9225403401759324
438,0.7227264615228632,3.45999262286121
439,0.0025055172413793103,1.2859033554868353
440,0.03569242911668485,3.457306770405022
441,0.6997647006606111,3.8360110607633033
442,0.0930740617577197,3.1476057839516765
443,0.45024348799999997,1.1347922125531464
444,0.0021337662337662343,2.599561757444273
445,0.13804682815734987,4.57995258307649
446,0.29165814652738564,2.018012053889617
448,0.9191435786435787,1.9536148837411165
449,0.3032124410089504,4.075423400030242
450,0.013233363787375416,2.686986613187298
451,0.5375000000001039,1.437559599166219
452,0.14448213293650794,2.5319140564720106
453,0.526923955357143,4.255588264678896
455,0.14707902616902618,1.0123104544660055
456,0.19830063054187194,3.621756233846983
457,0.0016751552795031073,4.604288694599004
458,0.0016777623670827548,2.031071268724792
460,0.0015736764705882357,4.732058516507286
461,0.014467039170506913,3.2780359430161496
463,0.14421383419546557,4.191949242900436
465,0.003560168463611858,1.7117448043697165
466,0.0004994792626728107,2.6524711803412284
467,0.8256482227342549,0.23614405764020177
468,0.208507045675413,4.905182540259813
469,2.7985459751552795,3.246119336890337
470,0.8189513457556934,0.9837950729258849
471,0.015625,1.9663838498625237
472,0.33851512965582276,5.697369931375827
473,0.09966604823747681,1.7590449539271036
474,0.023902691511387134,6.2302405073274825
475,0.009644804804804808,1.2423538890853545
476,0.3220836475707034,0.7223473665885513
477,0.00021769841269841258,2.1991289258771953
478,0.0087595818815331,1.5179064117316328
479,0.7289809506772298,0.9269376689921939
480,1.1970899470899468e-05,3.309935443976274
481,0.18715476053474087,1.3502195096390377
482,0.0005061011904761909,0.8094459497479628
483,0.23809523809523808,0.8259631184364005
484,0.00036502834467120113,1.9771862829027222
485,1.7441836734693876,6.086682639521767
486,4.161490683229815e-05,1.8074062277039509
487,0.004313553571428571,3.1261950538467294
488,52.705844155844154,1.1705770863928375
489,4.006211180124204e-06,3.417420136298041
490,3.8730901858154723,4.712613203235804
492,0.1186199874686717,5.914283210941287
493,3.9301648351648355,0.2966255201604344
494,0.18673883970979696,1.61788016248705
495,0.0017468741808650057,8.164512427525466
497,0.5726768061224489,1.0066838793029358
498,0.3332063259878419,3.9974221114128
499,0.0012722172619047628,3.28739523840636
500,0.0,0.9534276319518312
501,0.11109463045634921,0.9907800895386546
502,0.4724530612244898,1.3082601663059517
503,5.255767874770837,8.491441921703627
504,0.190601811028178,2.721686416992752
505,0.010903326941514862,1.3149977038765108
506,20.00039285714286,1.3435452475989378
507,0.00894736842105264,3.258313523151377
508,0.0007142857142857149,1.765972592302783
509,0.00015093406593406593,4.117588141454011
510,0.3613819176319176,5.289957049011213
512,0.4287164093737589,0.9561095937224063
513,0.006637351916376307,5.476674251149057
514,0.008352585034013607,4.010276927964206
515,0.00042928571428564404,1.5836903247363356
516,0.0025108516483516486,1.539724020080652
517,0.009494042044911624,3.40809340663173
518,0.06811688311688312,2.912559848795767
520,0.11948219725872544,1.994541697530449
521,0.000863669064748203,3.800865242977493
522,0.013588663736263737,4.015119983361504
523,0.07678475568817607,1.6341343238387904
524,0.015714285714285705,0.3846922315193494
525,0.009082523809523811,4.372841970730367
526,0.40407665505226487,0.5006634201400684
527,3.273214285714284,0.4267991520451612
528,0.13389833839918946,4.695720141033519
529,2.325581395348581e-06,4.355558079849266
530,0.0018584489795918336,2.2919414009360852
531,0.0011114982119329944,6.678152492488753
533,0.03630877976190476,9.751620496440712
534,3.2591836734693895e-05,2.036538810612665
535,0.00014306044376434586,7.637647714161416
537,0.47251800579150577,0.8544593594165178
538,5.098455598455594e-05,6.9851253759228085
539,7.392857142857137e-05,5.60330876987029
540,0.07525582720588235,3.6996701045694835
542,0.001576621401412277,8.25552491159808
543,0.00035714285714284955,2.3629774246453836
545,0.18513578461538463,0.5141831562252148
546,0.019207589285714283,0.25593415857572394
548,0.0017855072463768109,3.234476733695552
549,0.39596212035995504,0.8286860158000238
550,0.012632581168831168,0.8820732271438295
551,0.004005102040816327,4.620967625812805
552,0.003084469305794606,7.932673957302033
553,0.0008998397309062129,6.270866320003358
554,0.12906451612903228,1.7735156889082975
555,0.11697589665653495,1.448564283592807
556,0.004761904761904745,1.8811928499040107
557,0.04123347142857143,2.6001933909274095
558,0.4134609000825764,2.2129986760440845
559,0.3359453543483122,0.6474908246062256
560,0.03442921892525748,1.0381941385586353
561,0.0021693548387096786,4.415097952735172
562,0.017944909532811228,9.75662898213349
563,0.2221762087912088,0.5503633582301687
564,0.07424710424710425,5.360441534827128
565,0.17067976888260256,2.419795233468182
566,0.5203335301062575,5.081730981982352
567,0.45258186995728517,5.329823328754754
568,0.0011852482269503549,3.543805407814709
570,0.009294642857142855,2.967951789187953
571,19.672342571428572,1.1563511123622379
574,0.34222605224779656,0.3391296591552508
575,0.10827796473181484,0.600382535256482
576,0.2842585895117568,2.173961409324454
577,0.007329285714285713,0.44541240213548733
578,0.5515646258503402,0.33524553994602135
579,2.9761904761904128e-05,1.5165120031177126
580,0.26902480206540447,2.7892023685040908
581,0.05771242383209209,9.455129757395316
582,0.35539784527332446,1.833577974754479
584,0.0007499642857142863,1.4513668871230543
586,0.0014103409090909106,3.526025102637174
587,0.0,1.9819670313594238
588,0.036184873949579775,1.4883967044125122
589,0.012819654135338348,0.7415533687633318
590,0.5132137349928405,0.8463103092065938
591,0.1565098347353532,1.404783292339778
592,0.06511904761904765,4.985554877141334
596,0.014581211943793911,3.6253282013147765
597,0.6484375000000002,3.595369355979711
598,1.5059726367346944,2.8065735027028067
599,0.0026174369747899136,3.2665228798059682
600,0.9066489795918368,4.380950603190732
603,0.0,2.0236047614194232
604,0.6066727841781874,1.943435005484127
605,4.544431818181819,4.071854202584473
607,0.3675732254937598,0.8938095051725086
608,0.021043392857142858,4.3100612356831265
609,7.79365079365078e-05,4.14146477056347
611,1.4285714285714284,2.209946157112334
612,0.00026503759398496254,5.998678882462975
614,0.000997332185886403,8.160583217080369
615,0.18237353765035427,4.442331637081488
618,0.006497380952380907,2.837160419964826
619,0.01721428571428569,2.3126193311307013
621,0.2404953526220614,0.7851287137341324
622,2.423809523809523e-05,4.508546380975778
623,0.0005085540069686411,5.424235142036684
624,0.010629922547332185,3.322081252336663
625,0.021398476190476187,5.61648455514507
626,0.1237347654986523,3.6613145791469117
627,0.00676730158730159,0.9720190883850729
628,0.12801143712574853,2.0274047817771694
629,0.00045771799628942515,4.693829445294356
632,0.08867191425221907,11.83474426753013
633,0.2601428571428571,5.091227740479337
634,8.538961038961043e-06,2.708017412097535
635,0.0018702244897959182,3.5568662854688897
636,0.0022346230158730163,4.475624140589821
637,0.09104047619047619,2.0250964198975865
640,0.019641593406593404,2.274037210530278
643,0.013333630952380967,3.7125613592004387
644,0.05176852255639097,1.6155798229135445
646,0.00039006211180124225,3.067052055063652
647,0.004964037267080744,1.5026400050742474
648,0.12987694352159468,3.876938673843095
650,0.23169128106067258,1.9978790142062293
653,3.0519480519480457e-06,4.879855329260561
655,0.12077038690476181,1.2258922485365153
656,0.00015571428571428572,2.524957804939071
657,1.6129032258064516e-06,5.531684534256643
658,0.20277777777777775,2.6189003329482703
659,129.87261904761908,3.9437037033145366
660,0.00020897515527950315,6.202844552089887
662,0.12257142857142855,0.2813838119938066
663,0.0,2.683118652139558
664,0.007936507936507936,1.0448150142993273
667,1.5460973084886127,0.6879416040299146
668,0.7420918954463258,0.32084429005488324
669,0.2646150556030796,22.98516631856402
670,0.21936447526711514,2.959109559860938
671,0.0008747619047619789,2.5725701044821228
672,1.0109297865275142,1.0044798747911299
673,0.0005408163265306125,2.6255765077576876
674,6.160982142857143,0.09112371324148491
675,0.3628942,0.8514293129355318
679,0.0041666666666666415,3.0841134329844055
681,0.39774618874773143,0.9318125569322925
682,0.23897207435301657,0.8727866929867998
684,0.013533834586466164,4.740408241722223
686,0.03778027453838678,7.54227729074455
687,1.6835133603616281,0.5222513150480652
688,0.2508766233766234,5.17142971929517
689,0.00014285714285714287,2.2704227561838985
690,0.03192785714285716,1.657483034385432
694,2.040816326529821e-07,4.151474370517001
696,0.0016582804232804231,4.989296210940615
699,3.166477644492912,2.964511587926336
700,8.97402597402596e-05,2.4938906163213357
702,0.43323147285649477,1.1584733257939615
703,1.194662480376766e-05,4.832808112601609
704,0.0,3.764495534270622
706,0.05596590476190478,2.8905713556705046
707,0.5642101511263188,1.0420812852050643
708,0.03627777310924369,2.4276172060366994
712,0.7974181740306583,0.9911991296501246
713,3.115870983227299,2.909277570169199
714,0.2611207156619873,6.33459858277436
715,0.0,3.2920687913777003
716,0.0059525510204081625,2.304264200580572
717,0.0004318181818181817,2.444607702278963
718,0.0002358163265306124,1.799680926686171
719,2.3406819517930628e-05,7.144402611010737
721,0.1293055555555556,0.5356073250089717
722,0.04686962173913044,0.690285353238829
723,0.023403748817407758,0.5964273055622732
726,0.247739322533137,4.320288473088477
728,0.10189440993788805,1.0249443104627434
729,0.2263933571428572,1.5506199405279724
731,0.11352272727272726,9.339367729917281
732,0.012085952380952385,6.597875363266504
733,0.43276779897626805,1.5349202299393214
735,0.14297619047619306,4.0469588280105535
736,0.002981227106227113,2.38102272538929
737,0.10942229477850121,0.8274616335767483
738,0.049216450216450214,11.425499507640074
740,0.0008138830174927113,6.2977569476894315
742,0.001095807453416149,3.2548889677080717
743,0.00963819592040511,15.428722902608541
744,0.04684187594783136,0.6428540874168823
745,0.005686930091185411,0.550870335560007
746,0.0018265625000000035,0.11501958585440303
747,0.11973316521264994,0.4464564420953293
748,0.519126907408808,0.38702013154848064
749,0.0,1.4291179726087413
750,0.08437597595473835,1.7293688812030878
751,0.0014726857142857146,0.6399775842998832
752,0.10801309401206415,0.43355759768919583
753,0.12920941225013752,1.9642546480917764
754,0.002203145478374836,0.35592534798671305
755,0.047555626020685894,2.252376806580058
756,0.1400297989774068,0.9342636133775594
758,3.0857135278080703,1.3466727377947525
762,0.10112312037858619,0.5190613532199662
764,0.0010203790087463557,3.839680048305128
767,1.4285714285714245e-07,0.8830731842212362
769,1.2047619047619027e-05,0.6512078459207364
770,0.00022353827606992166,0.35636900515968284
771,9.285714285714288e-06,0.48606783162007294
773,0.00011396265560165978,0.4863159884394251
775,4.026801296434804e-05,1.1680949865242427
776,0.0001517658730158947,2.3237268245514477
779,0.00017857142857142846,0.06992239840947119
781,0.11235714285714278,0.8304187341749889
782,0.8656204323308271,0.4869698915037645
784,0.004273496240601503,0.4164893891247965
785,1.282899320091673,0.8045308156890495
787,7.85714285714286e-05,0.24770935179900108
789,0.4830861532605938,0.5774282084455804
790,0.1437499999999999,1.0855667508567108
792,2.3640246796392974e-05,0.447617592252473
794,0.0036019096209912536,0.26877782892586466
795,0.00273000452079566,1.446106511331503
796,0.13798769852495452,1.0165894235969006
797,0.10432448079783047,0.6038113209480779
799,0.0,0.4649168539288652
805,0.00017346938775510219,0.2200642280519999
806,0.0022321428571428575,0.4988855194402268
807,0.46139236258083477,1.0134523979844388
808,0.22337662337662334,0.5217083282274525
809,0.04530579643998175,0.672570671744133
813,0.4780644093775037,0.9853888952673243
814,0.010235785163017798,1.196962799977472
815,0.005458422564638287,0.6200561420110979
817,0.8904464285714286,0.7542376570781383
818,0.0010973809523809528,0.23007592845208383
819,0.13689027772641543,0.7345363618460763
820,0.09451489686783804,0.5663234028688824
821,0.0006921205357142852,0.08079097020974564
822,0.0003857545952918413,0.7857877307872562
824,0.015604395604395603,0.45485064508862927
826,0.22135348833961738,3.914029489590038
827,1.0916418650793652e-05,1.4223328455253865
829,0.017200746534213062,0.6260358835231139
830,0.0005813392857142863,0.8477970679898739
833,3.917910447761194e-06,2.6889996330734993
836,0.0,1.077980691709595
837,0.0014319047619047638,0.3844367263606291
838,0.014894376084441873,2.357675686170717
840,0.011285919480519484,1.061598080585093
841,0.005356173887587822,0.707459750669104
843,0.7472635944700461,1.5548862917330084
844,1.6072276029055692,0.5144346096329101
845,0.000714285714285714,0.6892880476102539
847,0.0005474206349206347,0.5195284874336316
848,0.00027872180451127856,0.03707599557693961
850,0.2848081845810439,1.0160539551569514
854,0.19932507353332976,1.1465263763470994
855,0.0011849750830564781,0.4542685932811001
857,0.0,1.6686496420718253
858,0.013829144129812282,0.3173302703057074
860,0.4421612278761062,1.1779217337185468
862,0.07770034843205566,1.163496624515712
863,0.2717567567567567,1.0473274327955158
864,0.7875939849624058,1.0750039789019725
867,0.00032389404573239755,0.40698900349381106
868,0.032644047000297,0.6243319798414588
870,0.022499999999999985,0.48496266745917893
871,0.0837638035000951,0.6242876685293712
872,0.0080393031358885,9.19774846923448
875,0.12578829772546854,0.7644103343948482
876,0.6349206349206349,0.6687640694321935
878,0.14491071428571434,0.2986026545225633
881,0.08964900860245381,0.8484473181865189
882,0.4898587127158555,0.5471894604401888
883,1.2482304188311686,1.0526096185177003
884,0.3421428571428571,0.8515674236124656
886,0.9064596273291928,0.3270951779406837
888,0.03859624931053503,0.5692115800920138
890,0.2120396322857143,1.0152031177051897
893,1.4285714285714322e-06,0.05249550780787376
894,1.1666666666666681e-05,0.054077800984853715
895,0.9469911928480866,1.1496072880864212
897,0.0003903704150579151,0.5667158713028738
898,0.5570791160862355,0.9378818641859347
899,0.09225609756097561,0.5608901203533696
902,0.009811320754716982,0.6780338389246149
903,1.7959183673469384e-05,0.171505475162065
906,0.08636198547215498,1.8478068125102685
910,0.0004929357798165137,2.710997532997309
911,0.5005167165965172,0.6202973959342049
912,0.05783300339514234,0.6871950443766972
916,0.003939535714285714,3.0184037121926774
921,0.0466327891156462,1.2592888795539339
923,0.0002447417171357321,0.6799569608949481
924,0.24903285632746247,1.3231734173465242
925,0.0871582835732128,1.6746793401475568
926,0.12012987012987013,0.46872137490647314
927,0.6284727161250767,1.368191753542485
929,2.0160407962787765,0.4360882404249117
931,0.2785766357537491,2.846226817006638
932,1.9824596774193548,0.5067923297192328
933,0.3692853317009717,0.632466469404838
934,0.0032244752186588923,0.2500337767120028
935,0.0012857142857142776,0.5303616583072255
937,8.997941539728283e-05,0.42287037010356926
938,0.0,3.9639603662333887
939,0.48058417743625564,0.5361199023749403
942,1.8894993894993896e-05,0.7769319089868747
943,0.0,0.502597638176782
944,0.01240601503759396,0.13368793832679673
945,0.0002855844155844156,0.7572359785698566
946,0.0,0.11360729992814873
947,0.0,0.4003093664623979
948,0.12949423247559894,0.9608418639079749
950,0.26924181300427147,0.31679766090546413
953,0.24327939969350126,1.6552146624305415
955,6.188589981447123e-05,0.5618970418011371
956,0.00013936405529953917,0.4792865217622275
957,0.06417360147942672,0.7562659515895079
958,0.14603460972017676,0.286785118558694
959,0.0,0.08390470785361215
960,2.118266978922717,0.9869012315370415
961,0.0002639528699798276,0.4608494494188926
962,0.024805194805194837,0.7784926819019596
963,0.02442073170731707,0.40280313187640643
966,0.7857142857142857,0.9823300838954131
967,0.6442248443012372,0.9899696953955278
969,0.23825344023323614,1.8560907606784227
973,3.7455858747993586e-05,0.44923169113171374
974,0.04892857142857146,0.7744541296141134
975,0.7868142261754866,0.6183348328470192
976,0.17070304975922954,1.2083924378544113
979,0.03040038131553861,1.1795722472404666
980,0.03043716225578495,1.2144106857473052
984,0.006170068027210881,0.08212982670867064
985,0.011120300751879697,0.0876458867747892
987,0.15766854956268223,0.7508616597289387
988,0.742840435446906,1.0185069281669163
990,0.48120300751879697,0.39942547424181113
991,0.23214285714285712,0.365287657099389
992,0.012321428571428547,0.7033736173652739
993,0.6247103051643192,1.137766721421961
994,3.374499332443256e-05,0.23712892292185345
995,0.001975173745173745,0.3542876213012198
996,1.2265726933333334,0.4778884580923245
997,0.4672733873309884,1.137590711840343
998,0.09736842105263158,0.518978428185266
1001,1.1461794019933555e-05,0.5112458744390657
1002,0.02361192930780559,0.6987143658447105
1003,0.0034024360818152763,0.4775169186752614
1005,0.0009558823529411763,0.5292125534083941
1007,0.21741907318141981,1.4432763382330396
1009,0.0,0.1938590041663857
1010,0.1718915204957102,1.1112236315261468
1011,1.4380848214285713,0.8134651052251517
1012,1.1723015969215969,0.5280851589317509
1013,0.004090506493506494,0.21902667388718172
1015,0.5038559694431518,1.2106016737158958
1016,0.25937649714285715,0.938472743561709
1026,0.0034285714285714206,0.09626890321503118
1029,0.002001286087280865,0.9069187489152168
1030,1.8142857142857146e-05,0.3765117608636069
1031,7.929990539262065e-05,0.3626937920194155
1035,0.0031623109243697455,0.7879747320780198
1038,0.0006846871609403256,0.4835274556314701
1039,0.28673661623108665,1.7025895670093176
1040,0.0006522493446920052,0.49362802080702967
1046,0.5632354415123065,1.5718436165298757
1047,0.6430577338282983,1.5421673453953255
1049,0.00021074905183312263,0.27827370228775455
1050,0.0009413500145475707,0.2082174307055819
1051,0.03548630662020906,1.8157622998177458
1052,0.3471653411405295,1.962420574526794
1053,0.001927976984126984,0.34139000155665555
1054,0.0036029189028026236,0.33680777673304385
1055,0.000764268649439298,0.34184549202310555
1056,0.0016447679786200193,0.32912801887430226
1057,0.0023616176470588235,0.35554000252043105
1058,0.004334777661064426,0.297146195884532
1059,0.001550198412698412,0.29859844364110427
1060,0.0020789982216953174,0.3051944463120778
1061,12.356597299608124,1.2709470737389839
1062,0.00033612244897959206,0.3616407080873255
1063,0.2733213504464285,1.3550283120911941
1064,0.10053652186157856,1.3248808481187844
1065,0.00011603383458646616,0.43265683835461083
1066,8.746102449888641e-05,0.36346700522333203
1067,0.0,0.42831249839219837
1068,0.0009288370927318296,0.19471849315912135
1069,0.045387287962395266,0.7814062695041591
1071,1.3722210820618068,0.5712013824206859
1072,0.019935040633019676,0.5856202973430384
1076,0.0030833333333333325,0.09171794779169186
1077,0.00021209794696321646,0.3946418263292552
1078,0.6054749439042633,1.0801968467911756
1080,0.0,0.22842360289847635
1081,0.15517573258158465,0.9916733314883545
1084,0.0004449267778012239,0.6008977417805342
1085,0.0005080585774058578,0.7823661464562209
1086,0.06141872748153486,1.5374815278755847
1087,0.1302481813275769,2.722131237465695
1088,0.0009695426344257079,0.24153185831615656
1089,0.1424230798274002,2.9767025220283805
1090,0.00017607934375899454,0.374382039633753
1091,0.0722897052637405,3.0676326473915827
1092,0.5778201701800145,0.9304766722377731
1093,0.0767036473093302,2.8442742084199426
1094,0.0036234645669291333,0.2079803532745208
1095,0.005617935883014624,0.2047261959747097
1096,0.11231005814616346,2.739224858803424
1097,0.27814415269476916,2.1119013237218986
1098,0.050196776853136074,2.687981832341966
1099,0.6516478735785359,1.0534620054661823
1100,0.10291436888608393,1.5068559161123265
1101,0.4828813334222578,1.061164184713707
1102,0.06710465586887283,2.928786847811032
1103,0.03869482799938157,2.722142566312258
1104,0.6175621375817684,0.8852883650151132
1105,0.10608445129517602,2.8375273109551697
1106,0.026132552244897956,3.9579190169458878
1107,0.00015634193299961493,0.357475300044133
1108,0.017482707739863032,3.7625122587164634
1109,0.0007523031083910452,0.30197635546230395
1110,1.0601807730234951,0.9804586503975176
1116,0.2685090959183673,1.3755071178730292
1117,0.00026026315789473683,0.19969653849827343
1118,0.46506383145023994,0.47566746577077595
1119,0.24705115190210167,1.6581900805336847
1120,8.154761904761902e-05,0.4054520029358215
1121,0.7590581672932332,0.8650299048673321
1122,0.07400451385927506,1.9662037704239397
1124,0.0017187500000000015,0.1969899175786972
1125,0.0018627450980392153,0.18864603895744814
1126,0.004206349206349205,0.13360545205960414
1128,0.019204081632653063,0.1522983161577784
1129,0.0,0.13303496707249376
1130,0.0077065404475043005,0.29400295342952387
1131,0.007078215901745318,0.319519299099332
1132,0.005884995507637019,0.13831934701209891
1133,0.005531914893617011,0.1290468041408028
1134,0.0033746792130025663,0.15771460497362524
1136,1.42857142857142e-06,0.19103766361395833
1137,0.633408499095841,1.0026690282149848
1138,0.9421970823505281,1.135395732319134
1139,0.31471606957038806,0.9874144876089068
1140,0.1425507912087912,1.0851389369433813
1144,0.8660378958846471,0.7340805943467739
1146,5.9691448007774536e-05,0.7804479787320018
1147,6.832816184684125e-05,0.6879466907916439
1149,0.7338064470320931,0.7609215410375358
1150,0.0007157142857142858,0.7360687260345375
1151,5.8248299319727914e-05,0.6152750881372133
1152,0.26874715927750414,0.9069113307977138
1153,0.002779931839402428,0.24709152269863835
1154,0.0034038205282112847,0.3366751878255096
1155,0.011947467532467532,0.42133594639349653
1156,0.5014412698412698,0.9991693591019674
1160,0.013470982142857146,0.27841066126241026
1162,0.005950437177280549,0.3543507917250723
1163,0.1719244814490213,0.36595110342057513
1164,0.01519946443847,0.7264553763690182
1165,0.2296109693877551,0.4018879906458244
1166,0.007722902283590016,0.40333993814878955
1167,0.37775021385799834,0.3787245158920113
1169,0.1877764676190476,1.0828928229950505
1170,0.41731077797045996,0.8590630570456632
1171,0.21570771402982888,1.0471394868519601
1172,0.27131127143633116,0.991187127310834
1173,0.3302143639387344,1.1388951363613282
1174,0.7600523535419669,0.8698644266858655
1175,0.014435414884516672,0.4761784600612157
1179,0.17916635091083413,0.9227832978314839
1180,0.21216628331835877,0.8985283032997405
1182,0.0,0.5360333893479976
1183,0.7813757869249395,0.5573660895181379
1184,0.00016768665490887716,0.45620870557118964
1185,0.02892996576905523,0.18824305508351688
1186,0.35280401946839723,2.3636592293560983
1188,1.1296740294682894,1.2285626141462187
1189,0.6280804857470511,0.6027572288033061
1190,0.00016521105458545306,0.5040795849656592
1191,0.8056760876272756,0.4628827495498831
1192,1.3346912028948268,1.2305999032908066
1195,0.15796196541353386,2.2018260264000733
1196,0.8620188932387848,1.1118810928102354
1197,6.972789115663145e-07,0.22602396584795503
1198,0.25500306650246307,0.9771039461939951
1199,0.02653614457831325,0.3419176203361756
1202,0.0009320535714285713,0.04445964800772547
1203,0.0012573376623376614,0.09413818570086499
1204,0.6637420362830799,1.130031816452291
1205,0.0006373022196926579,0.49398854059986197
1206,0.03624203983516484,1.656337310304305
1207,0.0,0.41318290635147686
1208,1.3185941043083905e-05,0.2902008228648421
1211,0.002314142857142857,0.09175420860085198
1212,17.2448,2.3368893886317252
1214,0.5985324983073798,0.7625734125009246
1215,0.8508424908424908,0.12334536372332654
1217,0.6539451351709512,0.43011195607302405
1218,0.017919642857142853,0.025350793341336674
1219,0.02374943877551019,0.042384136716929526
1220,0.008781632653061238,0.04374434130001337
1221,0.001650306122448979,1.4541389850208282
1222,0.00012408163265306135,1.1932964682794445
1223,0.0056428571428571404,0.04815962551268426
1224,0.013928015873015873,0.044496521899086754
1225,0.010039081632653062,0.05011192192158195
1230,0.26325162772883953,0.18752811865004176
1232,0.32811143505021056,0.6875243722160648
1234,0.06719111969111968,0.29161628275772755
1241,0.18052553870710292,2.3690656850604346
1243,0.019800898026704476,0.47642390188248407
1244,0.013995290423861854,0.13156181724591315
1245,0.011675377468060395,0.5246757337211119
1246,21.428571428571427,0.0
1247,0.0,0.9248673864668101
1248,0.0022503438855857303,0.36888543483121644
1249,0.002140432595573441,0.20655095294465972
1250,0.18983710378725818,0.7668723353854299
1251,0.0007351159420289855,0.19378192096940125
1252,0.06689237401516285,1.9988473270934228
1253,0.0012842857142857159,0.26141758320915565
1254,1.0283563119533528,0.7926370369228503
1255,0.6897373459808331,0.8228510955675282
1256,0.04096018735362993,0.259198075900443
1257,0.000547571860816944,0.8118761238033245
1258,0.0015739711281708942,1.267887668912246
1260,0.04607142857142858,0.45842263904591324
1263,4.436435124508519e-06,0.39043097601594196
1264,3.768571428571433e-05,1.4687911066240644
1268,0.0,0.0
1269,9.539682539682541e-05,0.12802082902052891
1270,0.00015093294460641403,0.12459747088556179
1271,3.047619047619047e-05,0.17249131677163132
1274,4.032467532467541e-05,0.18084858209558916
1275,0.2277160194174757,0.5341980160468873
1278,0.0009023645320197051,0.4242994455770704
1280,0.1818061938061938,0.6716579036305815
1283,0.43048743907011616,0.3634689860343875
1284,0.43994321578003587,0.4180945225025681
1285,0.15318433993191274,0.4344438878162153
1286,0.48419526530612245,2.0667784963585056
1287,0.7542282557190692,0.7310715777912995
1288,0.6098203196759621,0.6447266176593397
1291,0.0,0.7006701705156191
1292,2.2610096670247046e-06,0.41128897467553777
1293,0.8495767857142855,1.7771183408273916
1299,2.583121897407612e-05,0.3455918202497549
1300,1.965058511812762e-05,0.33732500236605384
1301,1.0981679056782063,1.0493927486554553
1302,0.5388640654499686,0.7293383528584635
1303,0.00017048392442823996,0.4063425906295306
1305,0.00012804126984126987,0.4171892937207493
1307,4.4857142857142835e-06,0.4309070505404396
1308,0.7756078468298807,0.7860392380820969
1309,1.523410374883107,0.6732349856778957
1310,0.07013298265632131,1.2473322531535536
1311,7.89523809523809e-05,0.6588521236167996
1314,2.3255813953487424e-07,0.5741956452150159
1315,5.466666666666661e-06,0.0925787102107145
1316,6.739592173503064,0.1777058966984463
1317,1.0956650246305417,0.5558008689403785
1320,0.16024467082793548,0.5723060313871026
1321,0.78904731747037,0.580740789469848
1322,0.5967337894144144,0.6363022084359881
1323,0.02658939329805997,3.759669147819891
1326,0.1803638747165533,0.44112319464074584
1327,0.02892585434173671,1.750570515284469
1329,0.12160046457607435,0.5238929325757551
1330,0.15743729552889857,0.5236876532758286
1331,0.11026652452025586,0.20287147261956506
1333,0.00022448979591832265,1.2101471936214037
1334,0.1653668324839015,0.7668128623584702
1335,2.1428571428571445e-05,0.19780887710538883
1336,0.25622644079636736,1.3384139408254596
1337,0.2835960352733686,1.0391534809491663
1338,0.5616005255185272,1.4693093698758546
1339,0.3337529204536627,1.4706418658595948
1340,0.2450974025974026,0.9227500535626286
1342,0.00037369523809523803,0.5988415375732181
1344,0.9427255000000002,0.6864243138146502
1346,0.14449913478177273,1.1188484004194814
1349,0.7095605946751014,0.7385426434852699
1350,0.09028621495327102,0.7328587999350256
1351,0.09871058288548987,0.47914648390833936
1352,0.14546890060240966,0.8567406096749192
1353,0.3263329945862697,1.2796012119296007
1354,0.5026473230668413,0.7160035522023747
1355,0.3506266846361186,0.44339469574075824
1357,1.2397621451265177,0.42828477501651135
1358,9.185545224006763e-05,0.388121766911678
1359,0.02795046184152926,2.2021962467596503
1361,8.088923627906977,0.6120693074140103
1364,0.3858264683389416,0.919394627180924
1365,0.006463133640552999,0.027590982623506368
1369,0.1762077144412474,0.48761340604840037
1371,0.19570544554455446,1.6335206581212562
1372,0.20303234501347708,2.7999816660130152
1373,0.0899511237684729,0.40826827633564744
1376,0.3465353710013731,1.2021232836189304
1377,1.276078223314345,0.4858846130356064
1379,0.9794849517511303,0.7611101855605192
1380,0.3753214781058054,1.4645141054192574
1381,0.30410208444681985,0.7653483553627065
1382,0.2719417375077753,0.3410706081937887
1383,0.5065452162516383,0.41195051636313795
1384,0.12914285714285711,0.3923391857597962
1385,0.221547619047619,0.7980995441859761
1386,0.7547929432496295,0.5701224337925824
1387,0.7143438239226576,0.2636705344961242
1389,0.4528423265109227,0.4202167141538978
1390,1.0694606709080394,0.761713086483712
1391,1.0228796155441846,0.4613026164009628
1395,0.004549965034965035,0.5877081400150035
1396,0.031153846153845803,0.0033182864636857093
1397,0.00041669642857142903,0.21864318152050766
1398,0.0010376373626373623,0.15604620956772358
1399,0.005293193930421917,2.485494581570662
1401,0.33204176232993193,2.355953335539691
1402,0.32444624768946395,2.5126074240534155
1403,0.002092137142857145,2.1982646959208814
1404,0.00020616883116883133,0.2077731319768542
1405,3.39285714285714e-05,0.6520040206697253
1406,0.00032857142857142856,0.17768987001241165
1407,0.0,0.18579933695587858
1408,0.2894710647353608,0.8660503009995631
1409,0.06048253012048193,2.099317625373514
1412,0.00013437689969606286,1.2972556211613342
1413,0.0573946537456446,0.9376490753446709
1414,2.3571428571428602e-05,1.2040184746952294
1415,3.214285714285714e-05,2.726311174178597
1417,1.9130029917726257,0.42546046059930603
1418,0.1852283315399709,0.9413654515957631
1419,0.03670769230769231,0.3970542196243619
1420,0.014751987577639767,0.6403030403983901
1424,0.5942516121031746,0.5379477243663628
1425,1.5045294978059482,0.36736104688748233
1426,0.10987662337662336,1.1428560730732111
1430,1.1446237038092864,0.42668589623649705
1433,0.3703383458646616,0.7756215566672104
1434,0.3909774436090226,0.01631543446391532
1435,2.26243031358885,0.4683621424422378
1436,0.6125714285714287,0.5759737822204434
1437,0.7514460369476754,0.3948158351825687
1438,0.6248423285750242,0.4448892664888183
1439,1.0295271959987495,0.5021126338594033
1441,0.6816642567958358,0.25523830384324014
1442,0.6674892367906067,1.0892969656386293
1443,0.5649558788456952,1.128281062763687
1444,1.2964126689636895,0.3436012787912207
1445,1.5205341055341055,0.6209850389875506
1447,0.39021649385560675,0.323771981633073
1448,1.2658456486042693,0.17312550067740587
1451,0.42836847654190835,0.5799981860331421
1453,0.0016938077922077925,0.5637064181533413
1454,1.1007971122635525,0.4181085272384793
1455,0.5367539433355759,0.8559928157186735
1456,0.6219945225002805,0.4440229786582579
1457,0.8428023630504833,0.5110067904237937
1458,1.5848040869891264,0.6316691739783201
1459,0.8911356671381424,0.8953540090245724
1460,0.9758186639584745,0.730670060540974
1461,0.4940469738030712,0.17744298510838227
1462,0.8792024526678142,3.9239483734530274
1463,0.29731693472090825,0.639512500229829
1464,0.8600258717660293,0.7941902763764748
1465,0.6646101564503718,0.1936332242277902
1466,0.51175672113864,0.31226847053729073
1467,0.14785714285714283,0.5409056234364766
1468,0.23150921658986173,0.5154198080698843
1469,0.12611978427476583,0.41017833688793987
1470,0.17616934189406103,0.47366052260167013
1471,0.23769718948322757,0.6077966658000146
1472,0.10736190476190476,0.3864699890450193
1473,3.8694330699578985,2.2731469819280146
1474,0.666776852180078,0.8883812469354565
1475,0.4462964740575129,0.48838964562049125
1476,0.7422022908328202,0.4227746016798332
1477,0.056121881110059925,0.9369463470096471
1478,0.33587879802312565,0.8285107844636331
1479,0.6888013978421197,0.7679171042019155
1481,0.6383019480519481,0.43857435957639695
1482,0.43161751721702274,0.6463038647606898
1483,0.0005107440476190477,0.4310270072562073
1484,1.5577752141097336,0.5393685635399446
1485,0.25698606271777,0.6857161095706905
1486,0.3948772507337193,0.6629230930767037
1487,0.02534798534798534,0.13978603065838008
1491,0.16914465032875076,1.1666953503524105
1492,0.706838084737754,0.674235090019318
1493,0.38158515421629724,1.128271410600339
1494,0.5557941339236303,0.8041799490623561
1496,0.01986607142857142,0.08018805924195291
1497,0.46601411290322575,0.8902531448625003
1498,0.2615594135016801,0.4799362047421097
1499,0.40702105520871584,0.4684648918212672
1500,0.259690635451505,0.5941564661245874
1502,0.9828250558035715,0.2837400207377836
1503,0.8410102924163243,0.3960607271880839
1504,0.9212741312741307,0.0377133092965003
1505,1.3762261904761905,0.286089704146886
1507,0.4681794746884261,0.6122512885832726
1508,0.30842104203575454,0.46527353901073043
1509,0.24793776201225412,0.6434361135077233
1510,0.31721872943127755,1.0305676881581716
1511,0.24793274601362097,1.1296151275833566
1512,0.5931575659883135,0.30834609764629384
1513,0.15417758257564085,1.212492541977077
1515,0.366343800678166,0.7145221022494995
1516,0.17335209846650526,0.6020209135454876
1517,0.4111638495092693,1.3660585185622374
1518,0.18996194006796416,0.9105586608766143
1519,0.24829573336968372,0.36151243009044143
1520,0.22611236116430486,1.026103715306612
1521,0.37597594429204473,0.6314762713554347
1522,0.34115079365079365,0.44560352372889284
1525,0.8761934544072949,1.0841477583620678
1526,0.14769956962376787,0.645274112645793
1527,0.18827358193277305,1.5412746265259392
1529,0.34248385158479794,0.9576329602818012
1530,0.0861780383795309,0.8242185210627201
1532,0.855625842558928,0.46948913101150386
1534,0.35899513312338965,0.587837765054518
1535,0.6991550073637701,0.5437184800598273
1536,0.37852792391304346,0.4135908016565436
1537,0.3101665464165464,0.33544885732719176
1538,0.11605461585490119,0.8723825732225222
1539,0.27823994577496614,0.27588547930156576
1540,0.45198185095661436,0.4889809383073889
1541,0.254379836008777,0.2442424884378348
1542,0.7315339208854273,0.4374551501392615
1543,1.0614927520194755,0.14377603208578277
1544,11.516267441860466,0.422231977985857
1545,0.3472837398708403,0.3514655411436483
1546,0.23438679245283017,0.5206735073754352
1547,0.6789261026991441,0.5134238584464252
1548,0.22378360754414126,0.5365367876591023
1549,0.15683302958082154,0.7872932918476412
1551,1.1802076124567473,0.42946384093450224
1552,0.19905595654970343,0.29628943578404593
1553,0.2457647158537102,0.7693957551466162
1554,0.4030016801654317,1.1605303077463782
1555,2.0518681318681318,0.048603217276062004
1556,0.9063393960798163,0.2783648996508178
1557,0.7271647509578543,0.29677414751081305
1558,0.3308202628232302,0.3863589305533112
1559,1.652,0.07456768878203326
1560,1.592391494002181,0.37298273231245727
1561,0.7672650375939848,0.06859176669500514
1562,0.7500658327847266,0.2795228280499787
1563,0.29912524060590845,1.5600368072937711
1564,0.7246475310678544,0.382764438237756
1565,1.0152281746031746,0.05711672260378864
1566,0.28214654536513395,0.27357820565145946
1567,0.3875851272015657,0.14534243683762282
1568,0.624079182821354,0.2723079548344935
1569,0.844520757930594,0.31242631773392426
1570,0.6627031660231659,0.4239268507619238
1571,1.5701814851814853,0.7171239608566452
1572,0.3695874362470332,0.39333169381929994
1573,0.7543926123381568,0.33569565640938137
1574,0.18570310693084574,1.051939898686019
1575,0.09634451929736197,1.2401429969782
1576,0.5233564372872914,0.3278223012435792
1577,0.29315743440233233,0.38946742401908946
1578,0.41459532149111833,0.2664757242157475
1579,0.8243341829273388,0.4767059741824131
1581,0.7217298557353975,0.5783414580246196
1582,0.20832993935101157,0.6110269669426864
1583,0.42124758033294607,0.3520439793105554
1584,0.29043011941618757,0.5779728287080125
1585,0.1030724744678233,1.4257248054987524
1586,1.3594594594594593,0.2169320600035474
1587,0.5222497354497354,0.38887629066077184
1588,2.0481844623361294,4.064969544281761
1589,0.2536576543660942,0.36486405837109886
1590,0.27765162022443574,0.8295378792707608
1591,0.08647655322516817,1.3167083042869636
1592,0.1522414712153518,0.33484541628867087
1593,0.2167672376315103,0.35042923792031433
1594,0.8461612620508325,0.211598676302624
1595,0.692364185110664,0.37578484090358305
1596,5.07780377094972,1.806176548259791
1597,0.13467750126968003,0.24393624503762332
1599,0.0777757216876388,1.317721102576183
1600,0.12142857142857164,0.04766378093072156
1601,0.4814656283566058,1.060987506171915
1602,0.8558222943722944,0.7112072541840283
1604,0.7479964839171767,0.33466734254094344
1606,0.4489322685595977,0.7993084317280954
1607,0.13970836359573163,0.5170969934035077
1608,11.520961620469086,1.997966740955478
1609,0.8349213388237778,0.3343659856568395
1610,0.5263650793650794,0.030226959594835286
1611,0.1879553827261564,0.6674686951057973
1612,0.4088568401937046,0.3172783519973207
1613,1.5297561647609862e-05,0.3262063797802732
1614,3.4430812910938435,0.7633028167470591
1616,0.059710884353741486,0.4159744177672138
1619,0.12440576230492197,0.6627649049219239
1620,0.7442554599602912,0.15188042067442126
1621,0.8873040559705021,0.1645038002240998
1622,0.20053463762766088,0.5544067650993454
1623,0.5331334231805929,0.05851595828734138
1624,1.5065611015490534,0.11941175871643281
1625,1.0176719576719575,0.06304452403320375
1629,0.29685519258898097,0.11892818389979763
1630,0.7552717948717949,0.44280592237840033
1631,0.4299478784319483,0.33376243883945833
1632,0.7048306413674141,0.31066893162415377
1633,0.6783947282785553,0.5777414048973342
1634,1.0329489386115893,0.4805586718021225
1635,0.3361401767100169,0.3580936911612194
1636,1.0673919401209477,0.3665401988165262
1639,0.7280895277819157,0.2992819518567725
1640,0.8756155015197569,0.7779274631650076
1641,0.8182463242598849,0.6649314466769138
1642,0.3976896973742767,0.145610715867518
1643,0.4616376678876679,0.22473341658443013
1644,1.0586229000884173,0.2073122841655254
1645,0.3227626050420169,0.06243975029768783
1646,0.42884936075597546,0.38930659289622427
1647,7.323258389706859,1.268385889651707
1648,0.3888811473325535,0.2746160791178336
1650,0.4944597560353188,0.7800556916581427
1651,11.907878413613288,0.34245999146664624
1652,0.4324272774327122,0.4417228725486292
1653,0.5037356441303331,0.5967822511752007
1654,0.6517753553898132,0.5545329354327531
1655,0.18322003063960168,1.9439849090288954
1656,0.08347744360902255,0.15592499245813096
1658,1.1888486140724948,0.5654979012397227
1659,0.6675123929698064,0.41227356112764835
1660,0.07988892013498317,0.6046022318447333
1661,0.6020786274678854,0.44887784553493293
1662,0.48752838356611944,0.15136370549950023
1663,0.37469140728917266,0.2757973897504707
1664,0.7600646879756469,0.5057338883555559
1665,0.7396175793372709,0.49495285962015306
1666,0.8989524112251385,0.37854201510556257
1667,0.603000947214329,0.48982033297162614
1668,18.384034954407298,1.562541924078968
1670,4.208600042921526,3.061524096695712
1671,0.812884294854562,0.45036370870537346
1672,0.8748529565672417,0.4143058026278191
1673,0.3391457632303457,0.46680463660150406
1674,0.1289692148045659,0.24978506751569904
1675,0.9024033420707732,0.3773394207659072
1676,3.4276589595375717,0.946760204423498
1677,2.341674587643277,0.6245480734849456
1678,0.894854103343465,0.05517400129736063
1679,1.365363047179656,0.427329644897145
1680,0.589485153256705,0.22219878937656856
1681,0.4915896825396825,0.14803140357548214
1682,0.41655483047240743,0.4123629539725957
1683,0.5614724942396313,0.26615060095678716
1684,0.0722247258524861,0.2908943308862377
1685,0.2826979463935985,0.5557214634020696
1686,2.508998538833315,1.3239056864496959
1687,1.213929468021518,0.6050344443056872
1688,0.05339753879079722,1.0729369751376205
1689,0.04332376166547021,1.2380242327859834
1691,0.7079732510288066,0.5261791047070844
1692,0.3072795497185741,0.6256061113165821
1693,0.009692393736017896,8.631700739147952
1694,0.8145544639287142,0.29455283645742397
1695,0.27655729732822243,0.8926127136590182
1696,1.068990068137199,0.45305446578736264
1697,0.8954592496765846,0.2560019775814288
1698,0.343758366028156,0.21452337947324804
1699,0.5847101054162123,0.8101094121425296
1700,0.7702477291494633,0.48649094758201505
1701,0.990459141681364,0.11173634723057956
1702,1.1674512987012988,0.09694782156365887
1703,0.1715541474654378,1.2782312555038324
1704,2.994911869225302,0.2005390153627459
1705,1.5082229818879693,0.6111240238146675
1706,1.1549454905847374,0.5295464701290367
1707,2.444152287319422,0.6468411542039447
1708,0.7247014845094665,0.523257132186433
1709,0.6900709555345316,0.27554796257719794
1710,2.6274090422685936,0.5953310525914274
1711,0.7690247759620458,0.4766162536203662
1712,1.105633627141194,0.3561099172304598
1713,0.7570569349315068,0.5599250132294304
1714,0.002275132275132236,0.4732969569529343
1715,4.053902593562559,0.47526540216345997
1716,26.426092852102034,0.9875533738229442
1717,3.9721379870129883,0.7350887745088812
1719,3.7786679274561155,0.6123863472309472
1720,0.5524761904761905,0.31770629133655914
1723,0.4765436156763593,0.36580224317768395
1724,0.5333707596751075,0.6185371158646465
1725,1.0656288622319157,0.5091280884894251
1726,1.4158371218744543,0.6431650478759475
1727,0.6973913043478261,0.7132222121295915
1728,0.0,0.2657114537771941
1729,0.5700575263662514,0.4332567371163645
1730,0.2514676339285714,0.6232585118361974
1731,0.2161551339285714,0.5989799402673686
1732,0.3525002150167713,0.6790435115519183
1733,2.3889331963001035,0.6407510000558195
1734,6.8731391671059585,0.46953146512563415
1735,3.261582952146376,0.46766765424059253
1736,0.5750539377689093,0.8227394771537369
1737,0.8064548843328583,0.2630854216567833
1738,0.38201272984441303,0.24798332487325048
1739,0.18628465516167217,0.7019771718959618
1740,0.9381403848221006,0.3080080951334415
1741,0.9899715707178391,0.5368898440103411
1742,1.4164815418466303,0.46407316057922987
1743,0.6193325057295648,0.5905617511799274
1744,1.789020823763589,0.6882936741735142
1745,0.6109285136851831,0.4469709647716013
1746,0.513185122569738,0.2874003762347725
1747,0.453728186926945,0.4061536641168916
1748,2.4967021753756447,0.48668745158886745
1749,0.13872615515048756,0.43020033953732306
1750,8.592991692252122,0.5016942070097099
1751,1.1172186923549905,0.35515684960558813
1752,0.11171741682974559,0.7023070841843262
1753,0.6318622448979593,0.4396973636906142
1754,0.1877826725403818,0.3366514727760957
1755,0.08743650793650794,0.29851577247564975
1756,0.9766281512605043,0.3649572779966793
1757,0.12660169029443838,0.5253371805790502
1758,1.0468957871396898,0.2580084269260813
1759,0.4296335634625599,0.2661607609219248
1760,9.637175697865352,0.8151813039702717
1761,0.8766014234875441,0.1441567175892996
1762,1.1999256388772515,0.7034774202157338
1767,1.5350388726919342,0.48171810882988275
1768,0.38712087912087917,0.3267131631011028
1769,0.2789852216748768,0.20230760267017747
1770,1.0442472073822244,0.35731548893647164
1773,2.577678571428572,0.4721601271715262
1774,0.4635829251224633,0.45681399654803023
1775,1.2948569120701598,0.5001775878043233
1776,0.2154095405767941,0.48074092397441853
1777,0.5066535487915302,0.21617825469202914
1778,0.7841012137276785,0.14796404950346287
1779,1.578614935064935,0.29689912175404815
1780,0.37762841091492777,0.6251544342194747
1781,0.5345570916538659,0.5186152008339499
1782,2.086285714285708,0.3942217241030707
1783,0.8522780569514239,0.14773826984969252
1784,1.1372909764178518,0.2728953466253134
1785,0.2496239177489178,0.13852398237695615
1786,0.19610787172011662,0.8663734430722926
1788,0.7162129647103227,0.8030393696503569
1789,0.8390001487320592,0.36093835587909384
1790,5.690374962353177,0.5053734591018925
1791,0.7890360863095238,0.32390462927229435
1792,0.4130687000074754,0.1306309741918149
1793,1.0747905818428798,0.5359376827543635
1794,0.7143798082613326,0.49687442475231763
1795,0.6040155579399141,0.36735222086822167
1796,1.4998639455782306,0.32836852984658527
1797,3.794953973432767,0.6185253917349758
1798,0.16531650122284564,0.7816750144743518
1799,0.24337823364639974,1.049616148434616
1800,2.2915506101938266,0.5395304927692478
1801,0.2549962797619047,0.07283506851695376
1802,0.3576475402382468,0.6970874838253757
1803,0.8336342996856445,0.2009780180002924
1804,0.3026475620188195,0.1627256981010929
1805,0.5305851648351652,0.23072320987890552
1806,0.42010412860796453,0.3498410294626253
1807,0.5938672322861727,0.5484946719439465
1808,0.7216258503401364,0.40467866278978143
1809,0.26101118486860053,0.3279893455014774
1810,0.276498778998779,0.4682589170820957
1811,0.6301823708206686,0.5335212694545232
1812,0.4208963585434174,0.17439093720582713
1813,0.023399725274725277,0.4939330948687431
1814,2.0521083483029217,0.8219473043654978
1815,0.6199791144527989,0.13364543816297328
1816,0.4481722689075635,0.4835025864424067
1817,0.7252280095094015,0.6377679656492442
1818,0.30499749812359267,0.3406640849971368
1819,0.331459884901828,0.33632078800045234
1820,0.4508726567550096,0.4512133159578822
1821,1.5523826173826176,0.14539104003578418
1822,1.750125563909775,0.5540827829533179
1823,5.82408579758434,0.40940192588032076
1824,2.289116379310346,0.18976200204728827
1825,0.9152457813646366,0.8267754569474992
1826,2.7041071428571435,0.2477001620461316
1827,0.5647417355371899,0.30005253418502115
1828,6.09290952380952,0.578866187126345
1829,1.3962351190476185,0.18379459311775267
1831,0.343371017471737,0.45581017716787525
1832,0.6175113910479763,0.3245077489349699
1833,0.1340536277602523,0.31841605384216165
1834,1.0648887587822018,0.45136574404075985
1835,0.2536362700699877,0.6026985490270951
1836,0.6528590358404844,0.7845073122211721
1838,0.0995764652014652,0.23217091985338892
1839,0.3640983606557377,0.15754123745219598
1840,0.07349583968123756,0.15912189534315846
1841,0.09509342977697409,0.1832605853183849
1842,0.37258110415480966,0.1154494749840637
1843,1.1953423390081424,0.23173193304065653
1844,1.0473945968072043,0.195382938440195
1845,0.8724467532467536,0.8153130698679683
1846,2.0030036338859873,0.244747682017853
1847,5.481904312668465,0.4219085853608919
1848,0.5472113920194945,0.34898256577500664
1849,2.545241496598639,0.4525664788264746
1850,1.3051371308016877,0.4756636660612362
1851,0.48619047619047545,0.06304461911894423
1852,0.05000696864111484,0.20928997203264846
1853,0.8966702071163041,0.4334165327371701
1854,0.28195322376738335,0.3146106478153977
1855,1.7689620991253647,0.400337555267344
1856,2.084715136054422,0.723080111613078
1857,0.1488970588235294,0.5048374661358963
1858,3.10903433476395,0.27346672715205445
1859,0.8943908193908195,0.32498864227200597
1860,1.6442450037009617,0.21878098947458388
1861,0.5522157434402334,0.27540381160468796
1862,1.0302830605926583,0.6183794960248316
1864,1.4867817896389333,0.33236477040689805
1865,0.055204081632653064,0.6943442893118937
1866,0.031043956043956045,0.5349409462159843
1867,1.3177514677103719,0.5769639605129954
1868,0.6192266744096011,0.47000750989344126
1869,0.9758510760073258,0.10930088503152081
1870,2.570632790028764,0.44373230828673305
1871,0.029510989010988992,0.8191350982091924
1872,0.7240034562211981,0.6047149311648388
1873,0.021904761904761906,0.21366428426267894
1874,0.004894179894179879,0.06814945529740907
1875,2.2412496075353223,0.4042917422953899
1876,1.119310344827586,0.2552338272137873
1877,2.1236828309305373,1.3807818205631994
1878,0.151107142857143,0.25392674478480026
1879,0.19227161500815662,0.4416897071572662
1880,4.152613344739092,0.3860486140986657
1881,0.21842105263157893,0.21076195905151304
1882,0.3857251908396942,0.2638773024776959
1883,1.3145734126984132,0.2370030094704064
1884,0.3030854800936768,0.17245109085477436
1885,0.33564508928571446,0.16298581067717136
1886,1.2806380780160167,0.32508556077106965
1887,0.46326002665697325,0.21783179162052507
1888,0.6920989866534848,0.51830658010916
1889,0.3816223091976516,0.22357338637695162
1890,0.11698815009874919,0.2613268368666587
1891,21.016121391561807,1.146811109564262
1892,1.1204161304161304,0.4345745728157499
1893,0.5027252252252252,0.3905175854116249
1894,0.8639246964608628,0.20509390645991799
1895,0.05569741282339708,0.3717144262917187
1896,1.8973626881436492,0.6435922333890862
1897,0.6271794871794872,0.4616881140171598
1898,3.33664652014652,0.3179958733900726
1899,0.5989964580873671,0.2679494839797771
1900,0.18142923219241444,0.5635785136750059
1901,0.15778513356562135,0.8441747475651324
1902,0.5843114543114543,0.5198879787552032
1903,0.3915022912930863,0.2737498821841496
1904,1.416811797752809,0.3241997207777485
1905,0.6562042588381226,0.3615594387540397
1906,0.48130602572782666,0.3285590713151798
1907,0.6583184523809519,0.25599928054212145
1908,0.21019071791153007,0.218432674759674
1909,0.25367550164719976,0.191651209553442
1910,0.540903314028314,0.7430936447580487
1911,0.6239183673469388,0.5117248996690641
1912,0.5957892857142857,0.150890619243336
1913,0.41576367781155016,0.45746770963239863
1914,1.3028938282261546,0.8008788083496857
1915,0.8887080995540211,0.35077644247672596
1916,0.17,0.13738475040556514
1917,0.0008571428571428896,0.2924725559871679
1919,0.34762522228808534,1.0133384098613833
1920,0.029285714285714283,0.4710755648299939
1921,0.07802380952380954,0.6287519083804735
1922,0.13380827854154215,0.8942217351789606
1923,0.2711424064894096,0.22233510835978154
1924,1.5289074194598111,0.506795821878182
1925,1.6883700030988535,0.30045144478418073
1926,1.4729249844042422,0.5015664547717265
1927,0.570130448615972,0.2842601702031002
1928,0.0014167650531288101,0.13822569452933325
1929,0.4557142857142857,0.02419134883444055
1930,0.8149333783100017,0.21027438127163572
1931,0.22086885779368698,1.176190956241943
1932,1.3596180198698187,0.3671361121677257
1933,2.1551901840490797,0.41328566774661796
1934,1.4728562642769285,0.4703831654048526
1935,4.246558190843905,0.6257627307599377
1936,1.517613110081938,0.5795994255953117
1937,1.0559178956636583,0.22338741104754026
1938,1.7431426366843032,0.3399101797489726
1939,1.2918678629690046,0.4424296659301381
1940,0.39285714285714285,0.2707638439909988
1941,1.4197179253867152,0.3201347254620939
1942,0.5751669595782074,0.18888326358321508
1943,0.569802631578946,0.11148642812422058
1944,8.664428571428571,0.7524146560592676
1945,2.19006761442441,0.8142057683182466
1946,11.273922857142857,0.3040127367110951
1947,1.2349436090225567,1.0419761680045967
1948,6.144816645408164,0.9021535367525698
1949,3.068807069219442,0.8243160066531735
1950,1.5382032237673837,0.659639956564631
1951,2.928864541832673,0.14525677677630472
1952,0.6225609756097584,0.18416811128575014
1953,2.4703510895883776,0.26792336136152195
1954,3.1913791339924993,0.6574984736735869
1955,6.795621871390067,0.31385295908697747
1956,2.520689368770764,0.3200114220389057
1957,0.041887755102040805,0.14744506628998377
1958,1.134650793650794,0.1338562125880935
1959,1.2007786885245904,0.7052804269810561
1960,3.2240029006526467,0.2897527959733702
1961,1.323798185941043,0.22384540158489463
1962,0.9105247813411075,0.29821491659461513
1963,0.7808965014577257,0.17541289251757144
1964,1.4458869047619067,0.3154312839687299
1965,1.4738221381267735,1.0458058056729425
1966,0.794845938375351,0.1191442680907493
1967,0.5584652509652518,0.19497697590202562
1968,0.22392496392496347,0.2892190013962402
1969,1.1116731366459627,0.25818536502243017
1970,2.7149457504520806,0.20874324325159174
1971,0.32292899408284,0.1126242610321141
1972,2.238512720156556,0.25823775289647266
1973,2.5840623465881203,0.12162824726172697
1974,1.5637755102040818,0.6185319578527478
1975,1.6603333333333345,0.09913712183648576
1976,1.580875928352992,0.3365090853210429
1977,1.082110754414126,0.27160212910556525
1978,7.843684463684467,0.16300401355971447
1979,1.9325572519083984,0.2509973118815678
1980,1.6025979772439953,0.1567359930305807
1981,0.6770792978208237,0.15164708735021268
1982,1.7369375361480617,0.16312817697603085
1983,0.6385346237731734,0.13848862948442267
1984,2.3791226708074524,0.2860752747851807
1985,9.98033424908425,0.17358111840068421
1986,3.0042857142857224,0.13454527167109673
1987,1.199518633540377,0.14152005643090512
1988,1.752240067624685,0.3504452846949285
1989,2.548354037267082,0.1269064967873968
1990,1.194482142857145,0.21652280503526722
1991,0.7402645502645498,0.13900985550552575
1992,1.470249169435215,0.6126702925350953
1993,2.681030741410489,0.2083808058179501
1994,2.61517006802721,0.11488643286159131
1995,0.622917505030181,0.20671696396673983
1996,5.50375642343268,0.415756188450588
1997,0.7271904761904748,0.11442125504561178
1998,1.4808145363408518,0.15791085112846498
1999,7.30600406710727,0.09741395251279313
2000,0.5158333333333338,0.3044948387506243
2001,0.8424897959183653,0.07241108737075222
2002,0.470424107142857,0.27848770348874385
2003,0.3195852534562212,0.24933714697418852
2004,0.5646190476190469,0.12278055848502048
2005,1.95566964285714,0.1760244836291009
2006,0.30806722689075633,0.10989267072775098
2007,0.18616666666666504,0.12307564827421034
2008,0.7508928571428559,0.18698017004776457
2009,0.09331280788177308,0.09391122986957275
2010,1.0539285714285702,0.13769636136217758
2011,0.7777040816326526,0.30084719716828956
2012,1.0492024965325943,0.09800316786666624
2013,1.2702073732718888,0.11720386716829732
2014,0.0,0.11753671450055168
2015,0.4072142857142858,0.24215228381735882
2016,0.9287218045112775,0.109918731799223
2017,4.170136986301369,0.23946760077359244
2018,0.6726190476190523,0.2523464789475514
2019,1.4271428571428586,0.22705691705728706
2020,0.6501964285714259,0.18259600759873448
2021,1.5504565826330532,0.6353720289464951
2022,1.563568616422947,0.21376950932317146
2023,1.3292226047045324,0.25894599250517636
2024,1.0788961038961036,0.04811106660022773
2025,1.2980922242314645,0.043322218453143525
2026,1.226184448462929,0.04353139501389305
2027,1.4385804701627474,0.04328296905029567
2028,1.1596112115732367,0.04207953830560026
2029,0.9407504520795662,0.04636260566639367
2030,0.7622015655577307,0.04160489690369827
2031,0.041304347826086954,0.25879425572720577
2032,1.2528119349005427,0.03883715265630259
2033,1.125678119349005e-05,0.07607811307484055
2034,1.260397830018083e-05,0.04955626113822064
2035,0.7856892230576441,0.2556835808930395
2036,0.016222527472527472,0.08456819698980027
2037,0.014554730983302412,0.1092151641518873
2038,0.028805418719211818,0.13546573442882298
2039,0.33161410018552895,0.04590609809312781
2040,0.2593890977443605,0.055527720213350895
2041,1.7952260397830015,0.0383891938644713
2042,0.5082459312839058,0.0811858862499126
2043,2.5612477396021713,0.04231951293883039
2044,1.7134990958408676,0.06525362018835176
2045,1.6535262206148276,0.038448714333867685
2046,0.8510307414104882,0.04276481308916939
2047,1.1029846938775512,0.017789451356385273
2048,1.0091878669275938,0.00826355232314609
2050,2.1496031746031745,0.6510670228428316
2051,1.7292364532019708,0.17660530191208146
2052,1.0839531200506811,0.18050840474856242
2053,0.33023174603174604,0.43228505354046187
2054,3.103042744656919,0.25850135188029333
2055,0.9095636126791138,0.7396293645826526
2056,0.5939158163265315,0.10263992882385975
2057,0.6071118012422362,0.1688157696388822
2058,2.0929414243573534,0.7580923512712053
2059,4.547750496031747,0.08924502439851817
2060,1.7169047619047602,0.11227336580085473
2061,0.6335779368695087,0.22145182430934066
2062,1.682214734950585,0.1336189856901454
2063,2.846810279667422,0.1641902639226476
2064,10.194763435920992,0.2691564591754357
2065,0.4890388655462186,0.22133437867195363
2066,1.6980434782608702,0.023314805527825687
2067,8.580758064516129,0.2044285122843642
2068,0.7027119492656876,0.706054851820919
2069,0.7689869826435247,0.6635781056367343
2070,0.8939961389961374,0.20215629014877565
2071,0.2377098321342926,0.27877892024696316
2072,9.678512793176973,0.9755149895764554
2073,28.703190262652136,0.28997170414576545
2074,1.8210833333333325,0.2343817162558985
2075,35.29695564516128,0.3069739868188755
2076,0.14518890200708404,0.23959197407015187
2077,1.1065677179962896,0.09909192089055456
2078,0.5236394557823144,0.13860090764052027
2079,2.6222035480858983,0.14154826200858256
2080,1.2489082969432317,0.11853189398474495
2081,0.11228962818003926,0.2702639886096322
2082,9.630529761904763,0.7734878037771524
2083,0.16975913621262448,0.12718004173737774
2084,0.3118733153638822,0.154597928198634
2085,2.3600552995391717,0.14641612692027955
2086,5.194975579975583,0.2032799307418528
2087,4.856451895043735,0.12480659140468887
2088,0.1779761904761902,0.08640261954711627
2089,0.4308020581113801,0.08988672956705711
2090,6.737785987958401,0.1347386546806292
2091,0.1897294908062235,0.22423649010269028
2092,0.2628626799557032,0.16912931689003172
2093,1.9100795615275812,0.16579953937112665
2094,0.3129815409309792,0.12115095700601101
2095,1.7975155279503094,0.22309287957427087
2096,0.28599216245101533,0.23600537514270772
2097,0.5325549450549449,0.6119153922320841
2098,3.0071352177234534,0.45918120653720423
2100,1.9970182724252477,0.3875787849231626
2101,2.00440587449933,0.15573799342939137
2102,2.269845154845155,0.29481509662480915
2103,1.9452986279257474,0.24206525334506335
2104,10.157852891156463,0.22191777607917135
2105,5.8105151098901135,0.3561574032028908
2106,0.5963731527093591,0.3107740881159912
2108,3.8995609871855716,0.27051098054074874
2109,1.699006090808416,0.28470788715282047
2110,0.6182014388489205,0.335168710006304
2111,1.7502197802197819,0.13309729734188727
2112,2.3271933621933623,0.2385081587654317
2113,1.6908936301793447,0.10158734420706596
2114,0.9064728682170551,0.0672306518756349
2115,0.877971698113208,0.10232453635028153
2116,1.4601190476190467,0.2002532668155046
2117,0.8334887839433294,0.1992324562373199
2118,2.055368852459017,0.16476767437653977
2119,1.5838775510204082,0.07643056982695343
2120,6.457723704866561,0.2649083729549877
2121,0.7379659863945581,0.053332584452679105
2122,0.6749693603983148,0.16816433238102665
2123,2.9692939719240288,0.21809634885413748
2124,4.076239999999999,0.18013307639007292
2125,0.8179511278195506,0.04748689349356609
2126,2.3425806451612905,0.5554089811624826
2127,1.0130581205866378,0.620826135221138
2128,0.5279693486590039,0.8777963905172711
2129,1.1710185185185185,0.19017507357429445
2130,0.295865800865802,0.1511255222547935
2131,0.7479414125200644,0.08634578974337676
2132,0.21677998472116142,0.5495371226534662
2133,1.6881216931216931,0.14374281243207718
2134,0.4587012987012978,0.33463509457268836
2135,0.5159768907563029,0.17581085241168884
2136,1.041668526785715,0.235430205830057
2137,0.9052169312169314,0.06437498188133721
2138,0.2757834101382479,0.1531714025608407
2139,0.23386128364389175,0.15540131163422594
2140,0.10410000000000018,0.07033419727751825
2141,0.5499218749999994,0.08782199805582043
2142,0.5395993031358891,0.16329510128640815
2143,2.6271833578792343,0.10196273655849905
2144,0.0665826330532208,0.12835918953153258
2145,0.9614545454545418,0.15625307467098176
2146,0.9645864661654131,0.14330664080834377
2147,0.619323979591838,0.0826983015513038
2148,1.55275974025974,0.11051186277307125
2149,0.35832512315270887,0.06914487200175541
2150,1.5076223091976526,0.12055309481882176
2151,0.18901632653061293,0.7996259720040335
2152,0.7198621553884688,0.09692011791337116
2153,0.31511363636363815,0.1441560109840907
2154,12.15349728126545,0.17077904177173894
2155,1.363403361344536,0.11257925504831125
2156,1.4595982142857136,0.3652801471225545
2157,1.45276397515528,0.1595457959465336
2159,2.296699134199135,0.15517414727134513
2160,0.5135194805194804,0.09568508147519947
2161,4.36222222222222,0.18863460583607572
2162,2.2579266409266405,0.28700556729375487
2163,0.553758271701051,0.23783168294491608
2164,1.1298745910577972,0.18765463825778544
2165,4.092220200181982,0.30974687601936457
2166,11.434943235572373,0.22374069232631935
2167,0.43226614481409,0.1580999817788673
2168,2.2868754578754564,0.1268615014497721
2169,1.1176026272577972,0.18804059200738635
2170,1.4115993788819878,0.11500956312812677
2171,1.8317063492063492,0.09363200320914716
2172,5.321374458874457,0.11626265413713292
2173,1.020057603686637,0.2352158358568897
2174,1.5883601609657947,0.2369015235143802
2175,0.7147402597402593,0.10435113819983753
2176,3.9443101761252466,0.28283817549383294
2177,1.2266265060240973,0.14690767262328677
2178,1.5420129870129893,0.32387142630378307
2179,1.2273600668337517,0.17095348315688083
2180,1.0330423280423284,0.22380421194060998
2181,0.43907407407407456,0.1238977527043452
2182,0.7520112781954887,0.1737472420067746
2183,3.332444727891157,0.3106937762110704
2184,0.5871611721611717,0.11385643628933734
2185,3.3572380952380914,0.11177127675988185
2186,1.9965879574970502,0.054616875979147446
2187,9.424939886845829,0.4138194027172831
2188,0.9592857142857155,0.10656799303082992
2189,2.238571428571433,0.11269486947048522
2190,1.0367460317460298,0.08987250491245767
2191,0.9021142857142854,0.11902837979739872
2192,1.3941684434968025,0.12796870313672107
2193,1.0172222222222185,0.3931329224232032
2194,0.8652992277992253,0.10340661660094011
2195,0.8374358974358957,0.15435877337060658
2196,5.739875491480996,0.09942758054387045
2197,0.6629807692307691,0.08402494874169004
2198,1.074863945578232,0.08704213019838881
2199,1.3684562211981557,0.07140077489960688
2200,1.3800892857142855,0.09659686985857105
2201,1.317226890756303,0.09229148717958512
2202,0.762494969818915,0.15843871853122168
2203,2.203824549237171,0.2895939400811041
2204,1.7785714285714291,0.2141849079304507
2205,1.6965353805073438,0.2623322227888571
2206,1.5421282798833813,0.20356746575643886
2207,1.061714285714286,0.3682367806564301
2208,3.532931034482759,0.37321357702682895
2209,0.47989795918367356,0.06733739648460714
2210,3.0042857142857153,0.13285883473588697
2211,1.222142857142858,0.23188376916979106
2212,0.6758490566037734,0.23479601458496713
2213,1.8105777310924378,0.1550160882294335
2214,2.2779721549636798,0.352275600818429
2215,1.0468487394957986,0.20031533638892363
2216,2.9731733914940026,0.2789668052664234
2217,1.3371992481203008,0.1138971258276951
2218,0.7483403361344539,0.05214571927221365
2219,2.7150000000000003,0.2532027178981034
2220,5.155340136054422,0.23115389916970425
2221,1.306644345238097,0.2226144834786463
2222,3.439675324675325,0.16869008527078755
2223,1.3655142857142857,0.1768089133164643
2224,0.4538457142857145,0.21352530811207776
2225,1.5488992974238873,0.08494082017398892
2226,1.0132653061224477,0.23391546858273007
2227,0.4001904761904748,0.2106593660969787
2228,3.7499189985272467,0.20471861897002164
2229,1.3351904761904794,0.3529754986190134
2230,1.7626598639455786,0.22660202046367334
2231,1.0484897959183674,0.16752561881201375
2232,1.257433035714286,0.34397438960328186
2233,1.58575187969925,0.26776710720526337
2234,1.8174746543778806,0.1266326967456308
2235,0.7424941451990635,0.19306820332263097
2236,0.4454574638844295,0.1485918437222274
2237,1.0681563706563686,0.06949207333295682
2238,0.3510846560846553,0.18968905865053298
2239,1.5639540816326518,0.26290022104797733
2240,0.9758536585365853,0.22833507432489605
2241,1.2250408163265336,0.11081150305215805
2242,0.44367420349434794,0.17498656241529018
2243,0.876755952380952,0.1542400919860876
2244,0.3663829787234045,0.21693621257744822
2245,0.7140494719288496,1.0304553508006098
2246,0.24295918367346955,0.061811322833740336
2247,1.295194805194805,0.21114309334573622
2248,0.6685918367346938,0.21412815936411742
2249,0.26443521594684405,0.23735469316061877
2250,0.8832674772036467,0.1069530906355985
2251,0.49053571428571424,0.23191101956903673
2252,2.075182370820672,0.15617744475305642
2253,2.5366889880952375,0.08283135706037115
2254,0.8359586466165408,0.21172321514675102
2255,1.109501661129567,0.1098835557621078
2256,0.6525139146567713,0.17373855264595525
2257,1.29673469387755,0.21389593521473396
2258,0.6841596638655459,0.1935994102427832
2259,2.3654566744730694,0.2304995499523921
2260,2.465499999999999,0.18827058535132493
2261,0.6064761904761921,0.10687266327463506
2262,1.4906076759061828,0.06951626761410744
2263,0.5072360248447194,0.06753561225033983
2264,0.6957692307692324,0.18259390494541114
2265,1.0236026541764252,0.09435756178782015
2266,2.8118015873015896,0.20622930790506347
2267,1.1640816326530616,0.18395717871770154
2268,2.3706941649899393,0.17843343937991213
2269,6.744308390022676,0.14883274639543828
2270,1.4357444668008048,0.21947609941303886
2271,0.9080181086519103,0.05559160980547036
2272,0.6102576112412188,0.12009797776785841
2273,0.5524261771747805,0.1978182406891815
2274,2.3223571428571437,0.13608393040035227
2275,1.4613605442176887,0.09362613698073088
2276,1.2495494505494522,0.14667550203572163
2277,1.2604418262150217,0.2679786984993346
2278,1.1773511904761895,0.1791001561284911
2279,0.5894957983193271,0.2996456810292383
2280,0.5132142857142858,0.1127957000791244
2281,0.7103720238095259,0.12279684041354581
2282,0.5407142857142853,0.15931499211345665
2283,0.6093915343915348,0.1889594652752786
2284,0.7046874999999994,0.23009176006495152
2285,2.0144680851063836,0.06740725007850967
2287,0.8368367346938763,0.2070012798537842
2288,2.2888610038610047,0.2591611580389824
2289,2.2814177489177485,0.17709632510078285
2290,1.4078571428571425,0.0946598885950242
2291,0.6216964285714284,0.24478816772060644
2292,1.1887142857142847,0.11449556928924522
2293,4.492354910714286,0.15221194352030354
2294,0.9952380952380965,0.14498601092814323
2295,1.1508928571428554,0.1677341742134837
2296,0.4267142857142886,0.14572231694605767
2297,2.466409774436091,0.27857184756259695
2298,0.5908630952380951,0.09998551714999564
2299,0.4969308035714279,0.1955111497119475
2300,1.008571428571429,0.10262057364218308
2301,0.8113492063492094,0.1742164453546011
2302,1.659967532467533,0.14867315260575864
2303,1.2534194528875386,0.1773101208316541
2305,1.2801428571428557,0.27552895917518544
2306,1.0108718487394965,0.12592129805417437
2307,1.804809523809523,0.16866633495820957
2308,0.9312672811059896,0.1329482597328419
2309,0.9728801843317983,0.1539872303710057
2310,2.974591836734698,0.34655238184746356
2311,0.6879816513761469,0.2636390593870968
2312,1.6123894557823117,0.12102474654451587
2313,0.9012655279503108,0.1530365644993214
2314,1.8853733766233747,0.16120439183765203
2315,1.2862285714285722,0.09497611453433483
2316,0.5415069686411156,0.22295507938312747
2317,2.1357869249394636,0.16151474814026714
2318,1.0259649122807015,0.09124165680716313
2319,0.20968253968254116,0.08372166901908032
2320,3.185094339622639,0.2638963431441944
2321,0.6067278911564625,0.22762415774266453
2322,0.6077777777777797,0.10366436477869886
2323,5.67845966958212,0.23112233393347423
2324,1.3592142857142815,0.09905415297851973
2325,0.4067857142857184,0.05728856412976996
2326,0.5829395604395592,0.22685027655404616
2327,0.590773809523811,0.11029822558754583
2328,0.2378571428571417,0.3659724971510406
2329,0.8032077922077929,0.49151081782207207
2330,2.644292786421499,0.17393316585330587
2331,1.282460317460318,0.17819939223709103
2332,0.8019999999999997,0.232738480620574
2333,2.273166666666667,0.14664154950824662
2334,0.5912969924812025,0.20923011782844433
2335,0.48831632653061224,0.12981152770464924
2336,4.29471288515406,0.29475354243491675
2337,0.7708403361344554,0.14892251727795816
2338,0.9076493506493511,0.191849815841859
2339,0.6742391304347798,0.2410526644620801
2340,0.39438095238095205,0.17235039263533716
2341,1.1305685131195333,0.08967900146969351
2342,3.388780852655198,0.15439742375742996
2343,2.272688679245282,0.10060172409112532
2344,1.5081746031745997,0.3072711699299104
2345,1.7068571428571477,0.23711662845375248
2346,0.576428571428571,0.15245955052376214
2347,0.29942857142857193,0.06486751830679603
2348,3.0807142857142824,0.370028529493297
2349,0.8534065934065944,0.10628375505468936
2350,0.35750000000000104,0.2314363332003292
2351,1.6489732142857143,0.14784422871182543
2352,0.8128508217446274,0.15037218054121707
2353,0.27444196428571377,0.10687066050541248
2354,1.1779005524861879,1.0190978517499474
2355,1.1032142857142888,0.12096682269350718
2356,1.1095584415584407,0.1815418697467094
2357,0.7784415584415583,0.20588977618167015
2358,1.109700460829487,0.16424048498050048
2359,0.6706493506493515,0.07856948422604743
2360,1.2807142857142857,0.13265117455691644
2362,1.527598006644518,0.1553254797683807
2363,0.45634920634920945,0.10358507069492998
2364,1.3113265306122455,0.11864103528939594
2365,0.25703296703296596,0.24279097076525002
2366,0.5086734693877567,0.23000389248259162
2367,1.5390306122448962,0.13646134238667873
2368,0.819032258064517,0.12298712921811723
2369,0.7985526315789465,0.13539390557911932
2370,2.4577759740259744,0.06887508032358403
2371,0.45904761904761987,0.10094088072801355
2372,1.0280357142857126,0.07415681346623816
2373,0.48211309523809504,0.1486640582608336
2374,0.5241176470588221,0.14345775101539004
2375,0.8901948051948053,0.08143121514139676
2376,0.8501948051948074,0.14183137114883243
2377,1.8075960591133013,0.11518185134078482
2378,1.478708791208791,0.11259435547574195
2379,0.898351648351649,0.07383765381285486
2380,0.8441244239631328,0.08081483005097519
2381,0.5866558441558436,0.07028421774368267
2382,0.3648095238095228,0.11827508263605911
2383,3.6612043189368735,0.2908979661463846
2385,2.164674441205054,0.18223359891298513
2386,0.7304173354735158,0.04929248272210564
2387,0.9090476190476195,0.1468069931495383
2389,0.7878115501519758,0.1308917986152823
2390,0.45781203007518717,0.12920434119103705
2391,0.3489682539682548,0.10468858467469251
2392,0.4302529761904765,0.056529504008218275
2394,1.4689285714285698,0.08692779998455902
2395,5.018361702127659,0.08915874277785245
2396,0.5421428571428558,0.12042382689305717
2397,1.603309523809524,0.14741315446913217
2398,0.8417142857142852,0.6575717783304742
2399,0.58147186147186,0.12422490719415694
2400,0.8810714285714256,0.1069670681766901
2401,1.4704545454545463,0.06238696572903269
2402,0.3359523809523813,0.0724438951831644
2403,0.9132857142857145,0.10599398922864833
2404,1.8987593984962412,0.11852942032561575
2405,0.7964451827242506,0.16324531279226612
2406,1.6497802197802167,0.14056248148907732
2407,0.27527310924369747,0.11340867564416121
2408,0.5672268907563011,0.0604964384828166
2409,1.2604591836734698,0.1285463348658107
2410,1.0934243697479,0.06368287733957458
2411,1.2723399014778372,0.14833158380423472
2412,1.0922125435540047,0.0585536887612875
2413,1.2263909774436108,0.12664593876916505
2414,1.4099579831932763,0.18759754414818194
2415,0.13448412698412843,0.09980850081526853
2416,0.5737301587301706,0.1050616748204629
2417,0.9971428571428568,0.06908112905336884
2418,0.7016666666666692,0.14074491535412748
2419,0.6250510204081612,0.08026159922558579
2420,4.724948979591836,0.16266160603081029
2421,5.0009356879283065,1.641817922360134
2422,0.8253571428571435,0.09758460371362562
2423,1.1271401718582168,0.2817752140705921
2424,0.4082760472610097,0.1893274136792873
2425,0.4760204081632648,0.05930637714625432
2426,0.6089540816326531,0.19779397015666852
2427,1.8402063492063505,0.11485659352162808
2428,0.40723286875725906,0.13754554806361413
2429,0.7541898954703833,0.18252232160991905
2430,1.1123809523809502,0.13360600597643982
2431,0.9994155844155883,0.13370473867554097
2432,0.3244073611977542,0.0814324073215987
2433,0.33116344354335614,0.1465008097091968
2434,0.5057881773399013,0.04229515399241371
2435,0.8715406790518898,0.15618778528765087
2436,0.32064905414220485,0.1991525859141525
2437,1.7031880733944953,0.32776455332624943
2438,0.36717906517445686,0.0807762485505378
2439,0.23552984574111333,0.09958945600034845
2440,0.26426886792452836,0.13355044839137853
2441,1.016631908237747,0.12313806989180719
2442,0.5410136054421769,0.10488058797942237
2443,1.1713797909407666,0.2171393448797134
2444,0.25222418670438473,0.054204379759566476
2446,0.7345512820512823,0.11589747435277944
2447,0.6443518518518522,0.1255591290993564
2448,0.12105820105820142,0.1367665593769499
2449,0.4201760563380282,0.12885707830388216
2450,0.4311981566820278,0.10359786831736367
2451,6.961842857142857,0.4729517902246817
2452,0.1734571428571428,0.08131615654076631
2453,0.46403911564625855,0.11675332167212837
2454,0.46946578631452585,0.2839464385800797
2455,0.3628361344537816,0.05840797815616741
2456,0.8688916256157634,0.16029305263414562
2457,0.1865288220551376,0.15896860925602393
2458,3.7528393745557933,0.1611235034533701
2459,1.0113298490127756,0.28752990098441517
2460,0.39136363636363675,0.12526272444678885
2461,2.4197570703408267,0.12411775292195348
2462,1.2623913043478259,0.13531510668412483
2463,0.5197849462365592,0.09967003332658794
2464,0.45781249999999973,0.12830175615342845
2465,0.6249519807923168,0.32169329957672876
2466,1.3552102973168967,0.050566613693711356
2467,0.5579408866995077,0.1626573011317038
2468,0.7123180592991915,0.13463010598765018
2469,0.8212490450725745,0.11690087627041693
2470,1.5412583271650626,0.15212615764300988
2471,0.6255123410620796,0.04631385948174578
2472,0.4793809523809536,0.09575163982484854
2473,0.812728337236534,0.10489817820105131
2474,0.6844871794871796,0.09377388037570993
2475,0.2647303206997084,0.07425573153186392
2476,0.3988721804511277,1.2783703584201966
2477,0.18067552602436307,0.25330906978406825
2478,0.3609960317460318,0.04018847060945411
2479,0.35363445378151226,0.08776740452232375
2480,0.24365248226950348,0.09896298417114942
2481,0.3354511278195487,0.1426437060420749
2482,0.18003456221198166,0.1179696710080676
2483,0.05134920634920634,0.10370808710685119
2484,0.13420374707259966,0.11970859535318673
2485,0.19167857142857148,0.14790113587253795
2486,0.1661475409836064,0.15152270208716287
2487,0.3589377289377291,0.12281473677102434
2488,0.6026569858712717,0.035401321703440784
2489,0.12859890109890124,0.17479016975969056
2490,2.5083244680851062,0.23275021003167543
2491,0.13045918367346934,0.05809591178530035
2492,0.10790476190476175,0.042162319767679264
2493,0.24690476190476168,0.029734688896487577
2494,1.157445714285714,0.12971330168138848
2495,0.18254464285714275,0.12123693668997097
2496,0.43409340659340645,0.11198409694270253
2497,1.2526007326007331,0.05567247829348035
2498,0.05473469387755124,0.08775264512666003
2499,0.2138285714285718,0.07386433658886453
2500,0.1259523809523807,0.12458548415023492
2501,0.573035714285713,0.050878201812882884
2503,1.350910714285714,0.31822046301605605
2504,0.5867346938775508,0.10347652373039366
2505,0.5771337579617836,0.06939534503245687
2506,0.33164229471316076,0.11150780710035083
2507,7.967595362752432,0.48680709265911926
2508,0.5228720238095236,0.07481220200112595
2509,0.4801420678768746,0.14527295550317507
2510,0.6916711590296499,0.10219369580769297
2511,0.6412809917355372,0.1480770961382124
2512,0.24744047619047643,0.11162702097818286
2513,0.17240000000000028,0.11431141387787672
2514,0.2722197802197801,0.0971729385117119
2515,0.20641114982578393,0.08552639661680055
2516,0.4566822429906543,0.13089027639481343
2517,0.31702025586353927,0.10606418796445005
2518,4.979232238349886,0.25569261975814955
2519,0.7907060755336617,0.10244737355431106
2520,0.23972222222222214,0.07469253125045505
2521,0.4210869565217397,0.12820968726049706
2522,3.666771902131018,0.15206960045061454
2523,0.5045168067226888,0.17753930003161594
2524,1.6145722591362122,0.1136111260194651
2525,0.4908839285714285,0.21254289354732087
2526,0.18060790273556224,0.053184815192771843
2527,0.11974164133738617,0.037335163511183246
2528,0.7356079027355624,0.07680656023438232
2529,0.5406624722427832,0.13138403842952923
2530,0.7832988721804514,0.09398008767653766
2531,0.40122792937399676,0.13441090086183588
2532,0.5450636492220651,0.1849514099799997
2533,0.2994620253164554,0.08202533122902224
2534,0.44256713211600435,0.09978045916054525
2535,0.7014285714285698,0.12035073978866154
2536,0.1960499999999996,0.08082273913892815
2537,0.15280219780219742,0.07103160396798104
2538,0.7236734693877555,0.03898368258813662
2539,0.5415465268676282,0.09048820215380626
2540,0.15683673469387788,0.05048710393073586
2541,0.12562499999999996,0.05964480305151847
2542,0.0537142857142859,0.07130527391995976
2543,0.1556403940886695,0.14172047976937108
2544,0.4919419642857142,0.04702297599357134
2545,0.6668396226415092,0.15363299758012464
2546,0.33996031746031785,0.058379027978685445
2547,1.0821428571428535,0.12546876629285067
2548,0.40656746031746066,0.13125458900854997
2549,2.277676651305683,0.4987866717126005
2550,0.397228915662651,0.25327057809458586
2551,0.3040977443609025,0.1803050642099948
2552,0.2983134920634919,0.1439299365947464
2553,0.17378151260504285,0.15593541064254568
2554,1.1622098214285719,0.12815109369737576
2555,0.7786568322981366,0.2580580759781169
2556,1.035021645021648,0.07611333526635992
2557,0.4769348508634222,0.16421699540861218
2558,0.2846258503401363,0.07770294713342682
2559,1.8895935280189422,0.17258433504044204
2560,0.5609393346379646,0.19538409786634794
2561,1.2959105180533752,0.12492061245110607
2562,0.3269047619047625,0.10629812325299773
2563,2.1772527472527443,0.08183986831633061
2564,0.049628571428571036,0.05444809469785061
2565,0.7627371864776445,0.5954735184158099
2566,0.8280480295566505,0.0851890599810943
2567,0.2189682539682538,0.7779018366388761
2568,0.16183035714285723,0.06501275945529678
2569,1.0073979591836755,0.1391541658203721
2570,0.2964682539682544,0.10292814537670573
2572,0.0770562770562769,0.11797620907113808
2573,0.9169568892645815,0.06600872182201735
2574,1.3169611158072698,0.061400615590780416
2575,0.3064761904761904,0.10384998693818936
2576,1.2628996598639457,0.09935435395001044
2577,0.8717945326278662,0.08572978700212841
2578,0.5756382079459001,0.05649675837112333
2579,0.5565731814198074,0.04946660260318605
2580,0.22736024844720484,0.05788402415829846
2581,0.49249358426005113,0.05115779794872465
2582,0.687504638218924,0.06719429107831339
2583,0.5920723104056437,0.0529648725502742
2584,0.33716836734693884,0.05473065582169882
2585,0.1126929392446636,0.03700959780049088
2586,0.7367117497886732,0.1601599306037182
2587,1.0097534013605443,0.052097131293200094
2588,0.7714884516680923,0.05413717740383514
2589,0.5810166520595968,0.04156205016793649
2590,0.683366724738676,0.0708146368882346
2591,0.3151385281385282,0.13380387889720108
2592,0.2864454775993238,0.38438974903908807
2593,0.673470017636684,0.05338666674681533
2594,0.8897717666948434,0.06152628065336925
2595,0.4337949465500483,0.05401951013062226
2596,0.49145943562610245,0.05917363433619868
2597,0.5849737072743207,0.05131827305611326
2598,0.39857142857142863,0.047970694086928264
2599,0.5311231527093592,0.040620905139936714
2600,0.5842125645438899,0.05257994109361561
2601,0.2553891257995738,0.06322928089144778
2602,0.7609863945578229,0.07163208418184434
2603,0.12737296260786182,0.025563621118394924
2604,0.6086446886446886,0.05578492555578539
2605,0.8551910828025476,0.0568001597466172
2606,0.239108669108669,0.04686606081522316
2607,0.1002083333333335,0.044385629252078555
2608,0.2560800000000001,0.042454883152511017
2609,0.28521879021879043,0.0651131706060227
2610,0.31159340659340656,0.03712051183017357
2611,0.5502755905511809,0.0433321262294957
2612,0.9349060150375944,0.36187967118222625
2613,0.09742063492063485,0.07493575598650437
2614,0.20836734693877496,0.12174075218657139
2615,2.2055811889973382,0.051430082739844424
2616,0.8366801437556151,0.10507262536817634
2617,0.27207077326343393,0.08479295289974055
2618,0.42550366300366305,0.1725482019776895
2619,0.792282003710575,0.1263818980945151
2620,0.8173170731707314,0.3337151459118477
2621,0.5549772036474161,0.09512213341976258
2622,0.46153571428571405,0.06519716172888558
2623,0.2841964285714286,0.09306436827121543
2624,0.5714124597207303,0.06899460654618694
2625,2.056318681318681,0.32248745674403223
2626,2.243981173864895,0.1732554957652953
2627,0.834108527131783,0.08556496936183083
2628,2.883189368770764,0.10398156276877049
2629,1.0176814058956913,0.16733145409947628
2630,0.9343257142857143,0.1993316066887765
2631,1.1131999999999997,0.2625025076986675
2632,0.35218317972350227,0.08949362397120714
2633,0.6924481566820275,0.08034910696253669
2634,1.1220491803278687,0.09083896011360071
2635,0.5955371900826445,0.11794148634633332
2636,0.5195926800472255,0.11227825158255887
2637,0.42238095238095236,0.2454817667921331
2638,0.8938055222088838,0.1102571425758173
2639,0.7738295318127248,0.12559576265221817
2640,1.8820096852300219,0.07375653886595489
2641,0.25835351089588376,0.08333921779652477
2642,3.323404118404118,0.24253758673990966
2643,2.163529411764705,0.05196516368986838
2644,1.5299999999999971,0.0344988357889854
2645,0.3195211930926216,0.06109251677797184
2646,1.395497592295345,0.13983035469998686
2647,0.09254152823920278,0.2171526935104169
2648,0.13357142857142862,0.07694756814207529
2649,0.6559398496240603,0.11900870146297025
2650,0.4034116541353379,0.8803568650775223
2651,0.3156722689075628,0.14483060521306068
2652,0.8898313492063497,0.11345524322492834
2653,0.36037037037037023,0.09368391830283024
2654,0.8007977736549169,0.10246022528961206
2655,0.317675544794189,0.10360382333051815
2656,0.07818815331010465,0.0986241152229311
2657,0.8957513914656771,0.09749466891162359
2658,0.24648351648351643,0.06377944786369544
2659,2.3157444668008047,0.0939490143682522
2660,1.8820470383275258,0.26169661155427953
2661,0.5566941391941391,0.09621221905623738
2662,1.8266512059369204,0.07921616132011326
2663,0.7175538160469666,0.036608142956113816
2664,0.792886497064579,0.14094639684801982
2665,0.4306224489795918,0.085826444461148
2666,0.5207653061224489,0.057188647157570806
2668,0.3632826747720364,0.12215761161662085
2669,0.31919452887537997,0.09421006637909513
2670,0.7845962732919257,0.06260494759789527
2671,0.3786474164133734,0.03470000455158516
2672,0.1819642857142865,0.062222576571676506
2673,0.40742610837438453,0.03195191566148779
2674,0.3350382653061229,0.5917641705071807
2675,0.6140561224489792,0.02871330714859003
2676,0.43551820728291285,0.051746464610176464
2677,0.17370967741935495,0.05282948215291051
2678,0.112521008403361,0.04212130530625398
2679,0.566678004535147,0.036147500358416844
2680,0.3145762711864407,0.03195959849629235
2681,0.4384249084249086,0.030395409344621357
2682,0.24507389162561594,0.022983195441297812
2683,0.27642857142857125,0.027754936476362756
2684,0.858614718614719,0.04200159288674919
2685,0.3724675324675321,0.029565749116721628
2686,0.36632142857142796,0.028238985947825763
2687,0.03808441558441569,0.04428295441996769
2688,0.11446428571428648,0.027980883390643845
2689,0.37051282051282,0.04117728443383961
2690,0.13854761904761906,0.0291072076421058
2691,0.9079744136460555,0.16178889445779016
2692,0.19971428571428482,0.02665803070295557
2693,0.05872448979591832,0.03194955285804815
2694,0.10071428571428598,0.024878647341075453
2695,0.6669588744588743,0.08850773496577634
2696,0.031118012422360192,0.021502493546316684
2697,0.06047619047619029,0.025226346734340696
2698,0.22559006211180122,0.01662314297001582
2699,0.2838546798029557,0.06673434199228427
2700,1.37179802955665,0.1731226571488253
2701,0.7402232142857142,0.1714253397823898
2703,2.7132392026578076,0.31860036517177154
2704,1.4096428571428572,0.322758945887497
2705,0.9436607142857142,0.06276928514185835
2706,0.12861607142857104,0.04101636020991681
2707,1.5699789915966387,0.1140361267821662
2708,15.033990147783253,0.09378976807478127
2710,0.5310714285714286,0.054278171792117316
2711,1.282063492063492,0.054711115938345045
2712,0.4005462184873951,0.035030362828149204
2713,2.470714285714286,0.13637429077138202
2714,1.0164835164835166,0.03202956306891008
2715,0.5413095238095237,0.12519561596138334
2716,0.46964285714285714,0.12196461836081646
2717,1.3772142857142855,0.05038564252148514
2718,0.49182539682539667,0.04066668134296352
2719,1.5832142857142855,0.05742235645971138
2720,1.062857142857143,0.16304042382028344
2721,0.6383673469387755,0.03370859545257402
2722,1.452619047619047,0.02244808670494778
2723,0.7125714285714283,0.019786037382361173
2725,0.2628571428571429,0.022520449320548665
