cd_papel,retorno_acumulado,volatilidade,cluster
1,-0.9993396226415094,0.07594772871053185,0
2,13.999999999998446,209.16696298557568,0
3,0.1180769230770291,1.2908143826041396,0
4,4.914285714285723,1.5441521330811157,0
5,-0.9942268041237113,0.3291022484608364,0
6,-0.9997083333333333,0.07668315632620544,0
7,-0.9953076923076917,0.05793509978721292,0
8,-0.9959666666666673,0.03647151208585445,0
9,3.725274725275443,38.39457808411995,0
10,-0.9940923076923077,0.04366736466574282,0
11,0.874999999999891,35.610490086002805,0
12,0.8148148148149938,36.30926004022801,0
13,2.525000000000441,31.628315004739402,0
14,-0.9993333333333334,0.06571986160958057,0
15,-0.999,0.5040468542213883,0
16,-0.5737704918032551,47.67945381833494,0
17,-0.8881355932203328,0.04984917398243303,0
18,-0.8771428571428495,0.04627668391420628,0
19,2.66703337000346,107.58462588871163,0
20,-0.9995938459976331,0.03906065505446724,0
21,-0.997735849056604,0.05081766218467275,0
22,-0.9656124999999978,0.04149748461082373,0
23,-0.9584848484848462,0.03534545535871897,0
24,-0.9995555555555555,0.09365347423024335,0
25,-0.7476190476190687,13.206872394436783,0
26,1.2829545454542859,118.47632195693996,0
27,1.5318918918917128,117.79575271277533,0
28,-0.9728169014084525,0.038787056001585746,0
29,-0.9943970588235296,0.14772927724451548,0
30,7.026315789474683,12.326035942243475,0
31,-0.9975839080459766,0.04463681266105546,0
32,-0.9980000000000002,0.14621507031107522,0
33,-0.8827692307692447,0.15582941902179467,0
34,-0.1899999999999702,104.85880079859781,0
35,-0.9901666666666658,0.21758422234934852,0
36,-0.9990121951219513,0.2607800402286753,0
37,-0.8432865731462831,0.03779233234101707,0
38,3.3749999999993108,28.43475407478117,0
39,-0.9986013986013984,0.08458421635184285,0
40,-0.29556390977436064,0.565489799324865,0
41,-0.7540569780022046,0.3028446041649565,0
42,35.7111111111068,6.041367594207792,0
43,20.900000000002255,5.995947341634548,0
44,1230.5789473682837,580.356749857284,0
45,-0.9544444444444408,13.136380213927028,0
46,-0.9999612142857143,0.050191291569785995,0
47,-0.9961111111111108,0.046291369791819706,0
48,3.2222222222228893,765.7488970544739,0
49,-0.9920116279069764,0.037236449149420876,0
50,-0.999625468164794,0.19486944804912404,0
51,-0.7604166666666549,31.219673653550775,0
52,-0.9965723612622411,0.037540225606291555,0
53,-0.9974823529411764,0.04496866950255075,0
54,-0.8981961064475762,0.6464567878625075,0
55,19.066889632107028,1.0973919793858835,0
56,0.6949152542374992,125.57922035197309,0
57,1.051633986928088,3.2426486328763255,0
58,156.0370370370198,209.73975821615312,0
59,-0.9593333333333435,1.3819917670446678,0
60,-0.9984262295081966,0.061487131084594124,0
61,-0.24174757281542003,6.200473825492945,0
62,-0.25622641509429867,6.302192543918397,0
63,0.06486486486493104,5.1354652448953235,0
64,-0.9997613636363637,0.13233525851086453,0
65,-0.9997818181818182,0.0787083645078638,0
66,-0.9644676258992754,0.056052255893630484,0
67,128.99999999998715,14.238479578346784,0
68,-0.9975829268292684,0.17068681102391395,0
69,344.7999999999688,20.784283315168974,0
70,-0.958620689655178,0.06383594520053912,0
71,42.09090909090664,12.912719743247235,0
72,56.08428246014191,14.833985267247469,0
73,-0.9988705882352943,0.17357309709107455,0
74,-0.9980634920634923,0.07759532182611113,0
75,-0.48437500000002665,3.4385845641722987,0
76,-0.9608333333333281,0.12345105308803514,0
77,-0.0621118012423294,0.0397554074228361,0
78,-0.9944444444444439,0.07135073611962027,0
79,31.599999999997898,56.400409357069314,0
80,25.900000000000645,33.33446039019841,0
81,-0.999985,0.13924694429922324,0
82,39.83885209712557,10.765029599679568,0
83,0.25827814569548324,136.87190577642323,0
84,-0.7458333333333618,0.8140993802957958,0
85,-0.5523165751302249,1.030534522070737,0
86,35.956521739132604,39.15367766651503,0
87,9.479166666666929,16.6507373482548,0
88,2.1217391304347855,0.055690747836451754,0
89,-0.9971428571428573,0.09640664098196385,0
90,-0.5170547720563485,16.300578670680746,0
91,-0.9218367346938715,0.027240921597480913,0
92,6.891566265060984,12.890433119407396,0
93,-0.10000000000004339,40.96156815677187,0
94,-0.9976941176470587,0.043111629379436064,0
95,-0.8172000000000214,0.154225544137622,0
96,-0.9945692307692301,0.12915835638982212,0
97,-0.9998189130434783,0.0431529336307281,0
98,-0.8825000000000116,1.2864851948785783,0
99,-0.8860784313725463,1.1852120804759323,0
100,-0.9978813559322033,1.099920389576855,0
101,-0.9936052631578953,0.047828424147443226,0
102,-0.9919658119658123,0.2091741252630322,0
103,-0.9994628363733369,0.05998623407490704,0
104,-0.99995,1.0781926086290492,0
105,0.5873015873014891,51.13787649104977,0
106,0.7424242424240497,46.17622657882259,0
107,-0.9999979104477612,0.23086097519319898,0
108,-0.9999985833333334,0.1400242265022996,0
109,-0.9883137254901955,0.05320957198366397,0
110,-0.2187499999998913,3.202362719900161,0
111,2.345112781954684,5.092086576153023,0
112,77.12499999999324,1.6526612752439445,0
113,200.21686223381522,190.45625770554864,0
114,-0.9984166666666665,0.057135058125421016,0
115,-0.9993588235294119,0.3359980700490329,0
116,-0.9991698113207547,0.15811560816299758,0
117,-0.9990699999999999,0.06318927224501755,0
118,-0.9930232558139526,0.08503746296589247,0
119,68.99000000000838,232.4253102132149,0
120,25.48039215686118,242.188033300062,0
121,-0.9954666666666664,0.2074553055562677,0
122,-0.9967928571428574,0.05625153614258802,0
123,13.391304347826866,27.185144733863815,0
124,187.33333333335423,2.381929755422231,0
125,-0.988325203252033,0.04452206538906614,0
126,-0.9975827338129494,0.09711612885600165,0
127,0.46000000000021646,30.65673042939195,0
128,-0.9819419354838718,0.04595462697990075,0
129,-0.9815999999999987,0.18009091981522155,0
130,-0.9817857142857146,0.05942176013149796,0
131,0.2757847533631861,1.180488392847814,0
132,-0.27217847769027204,1.1983732754444414,0
133,-0.9967441860465114,0.038132928119565895,0
134,0.4614541468760387,0.3438777456546211,0
135,0.030000000000004245,0.05930859338704436,0
136,-0.5757575757576219,39.751776391792156,0
137,53.36046511628414,208.53884421931417,0
138,57.43749999999361,337.4860177590985,0
139,81.26804123712495,12.909662719332065,0
140,3.6853146853146868,0.06315969351002648,0
141,-0.9483809523809524,0.05309174989662453,0
142,-0.9678333333333314,0.0635482275951923,0
143,-0.958749999999999,0.07343516451068866,0
144,-0.9718309859154918,0.04107135849608309,0
145,-0.9649268292682982,0.06578526057357525,0
146,-0.955365853658541,0.04396038164042151,0
147,-0.9736097560975611,0.0535860071027984,0
148,-0.9961427193828353,0.07628660316672446,0
149,-0.6818181818181869,2.94794033605131,0
150,-0.99790625,0.06773834902435193,0
151,-0.9956187499999996,0.13783694161707405,0
152,7.733042231925616,0.18319197353617075,0
153,-0.9994242424242423,0.06209090107343318,0
154,-0.9962222222222227,0.14286527283229347,0
155,-0.9959732142857141,0.11188743814761638,0
156,3.18888888888905,3.055370326151207,0
157,-0.7656249999999658,44.37166186589315,0
158,-0.8984374999999973,31.912869209289347,0
159,-0.9999621621621622,0.1424199837359901,0
160,-0.9879519650655018,0.02996042308164024,0
161,-0.8576271186440648,14.948769685787711,0
162,9.416666666666718,4025.96258560437,0
163,1.2456140350877316,16.691898074533622,0
164,-0.9926082608695661,0.06423411802740629,0
165,-0.9922875816993468,0.05600005373838963,0
166,6.05882352941123,131.3433023491452,0
167,1.4805077062556897,115.55674124808469,0
168,-0.9914800000000009,0.0548687242009865,0
169,-0.9904347826086968,0.04888325781656957,0
170,-0.9998876404494382,0.057125954506775975,0
171,-0.99984,0.04836682633262806,0
172,-0.9972273333333337,0.04839502877209641,0
173,-0.9983901052631581,0.051760436623689295,0
174,-0.9983027522935778,0.053935555724988545,0
175,48.10000000000363,236.73306296421364,0
176,-0.9962500000000001,0.31322951704558427,0
177,-0.9993333333333332,0.15444825629904027,0
178,6156.232704403143,4.36598367322647,0
179,6002.82165605092,3.162707409203042,0
180,10.802575107294656,281.1591871660193,0
181,13.13793103448345,13.178699802409083,0
182,2.503521126760453,1.4507842534253612,0
183,-0.19014084507049067,3.749180429103706,0
184,-0.9827118644067818,0.1976237859385273,0
185,-0.9966818181818181,0.044965234459635454,0
186,-0.8707272727272559,0.03994886070591025,0
187,-0.9986666666666665,0.37258430449006624,0
188,17.716959565654168,48.46625195015805,0
189,0.002842105263286765,172.8324830966557,0
190,-0.9999286301369863,0.22979592437295146,0
191,-0.9972857142857146,0.06622984665919002,0
192,-0.08471698113214932,1.615359014045587,0
193,-0.9976969696969697,0.13526917997317475,0
194,-0.9998916666666666,0.05421751004231835,0
195,-0.9980000000000002,0.07999086078381837,0
196,-0.9986136363636364,0.06037834670200761,0
197,-0.9962962962962965,0.087898551995396,0
198,-0.9584874066838766,0.043340632523465684,0
199,-0.9996083333333334,0.1251820080252799,0
201,0.509166666666538,5.8388422246389045,0
202,2.4210526315789496,0.06573375796288024,0
203,3.360071301247772,0.06194081486236282,0
204,-0.9977777777777778,0.13368913491655843,0
205,-0.6839999999999575,41.227086982498875,0
206,-0.9818749999999988,0.044357000255232565,0
207,18.000000000001116,34.78836056181329,0
208,-0.9900000000000002,0.06298450290860146,0
209,-0.9998125,0.058509466569109214,0
210,-0.9997769516728624,0.06450067631303477,0
211,-0.995,0.12948017797809908,0
212,0.11764705882352922,0.04855075110927199,0
213,-0.9921400500178633,0.2341795979377376,0
214,301.5830258302253,1064.0450200812447,0
215,-0.9945945945945952,0.16595571693245992,0
216,-0.7100000000000304,0.9506103647569261,0
217,-0.9995806451612904,0.1303798191017883,0
218,-0.9885714285714273,0.1993930158556682,0
219,-0.8196428571428377,26.01225959706272,0
220,-0.9915254237288145,35.02471998494137,0
221,-0.9905389610389614,0.20657875885109145,0
222,-0.9039423076923014,0.8535902819412109,0
223,-0.9986111111111111,0.047432197379436505,0
224,0.6810810810811678,77.11014381921315,0
225,40.20000000000381,29.12419374708683,0
226,-0.9977777777777778,0.0653942087771383,0
227,-0.9995526315789474,0.2995385303537617,0
228,-0.9960396039603967,0.4560274525615605,0
229,-0.9940298507462677,0.17767803306882723,0
230,10.891891891891541,28.270131928284954,0
231,11.12500000000074,18.04592080045386,0
232,-0.9967651098901097,0.131907041515846,0
233,-0.5867241379309951,17.870682957464997,0
234,-0.9338857142857189,0.0308612837890995,0
235,12.750000000000705,15.261415552657313,0
236,-0.9994333333333333,0.6439052404593624,0
237,-0.9891666666666656,0.12937611282065323,0
238,-0.9763157894736855,0.0973869688562486,0
239,-0.9996296296296296,0.25267274839890735,0
240,-0.9616442953020177,0.034420539443288545,0
241,-0.999345162601626,0.07960169351681268,0
242,-0.3126666666666973,0.3865098351152849,0
243,-0.9807999999999999,0.0592718281796784,0
244,-0.5070370370370252,6.28395248870376,0
245,-0.05272727272726929,13.194238576571449,0
246,6.916363636363653,3.57505295213549,0
247,-0.9996385542168674,0.2188314611065583,0
248,-0.9988505000000001,0.0856480932787961,0
249,-0.9876190476190487,0.0509187480257108,0
250,-0.9995414634146341,0.1715931324533735,0
251,2.0357142857142856,0.048077773993812724,0
252,-0.9751898734177206,0.11512584594097552,0
253,-0.9773333333333322,0.6719789613861342,0
254,-0.9939759036144572,0.11159348350269734,0
255,-0.9747386666666693,0.06264378069963478,0
256,0.8093750000002065,1.4310899206337035,0
257,-0.5549936788874825,0.058914040281948486,0
258,-0.995361988999811,0.05918143486667875,0
259,-0.9563749999999976,0.06626825862254539,0
260,-0.9935714285714295,0.15920530055229143,0
261,-0.988251879699248,0.042683804570423305,0
262,-0.9747393857652642,0.03273400029834472,0
263,0.13793103448262056,306.53905511020486,0
264,-0.9997012903225807,0.2305566722301592,0
265,-0.9155172413793105,0.08679918237721948,0
266,0.3333333333334534,3.428423379109155,0
267,-0.9929899999999997,0.2207419918603012,0
268,0.522857142857186,0.4192285333894539,0
269,68.99999999999015,256.9807011070249,0
270,-0.9805882352941181,0.479101403466272,0
271,4.655555555555555,0.09703752604749444,0
272,-0.9988000000000001,0.12468512748822873,0
273,-0.9979,0.17751729103498032,0
274,-0.9965833333333332,0.047942750697641076,0
275,0.5000000000000921,40.35100813775626,0
276,-0.999934,0.3207341067989034,0
277,-0.8968421052631679,0.3987965409517567,0
278,19.723684210526944,57.87527280730137,0
279,-0.9852910052910053,0.0385772851838033,0
280,-0.994615,0.11024264452685853,0
281,-0.9973625766871164,0.05010262330683021,0
282,-0.9799999999999984,2.414439059338889,0
283,16.735849056605943,41.24851551758496,0
284,-0.8755555555555558,0.1213121000283021,0
285,-0.9981857142857142,0.07480990038870064,0
286,28.218181818184526,36.59637517885804,0
287,-0.999040909090909,0.168367557386665,0
288,-0.9956648648648645,0.061363718793229965,0
289,-0.7447826086956728,0.0625065858057939,0
290,-0.9027281816883301,0.18875060902837582,0
291,3.289855072463112,198.17755497884534,0
292,-0.13083769153120184,166.6558701797774,0
293,-0.9948809523809516,0.056913034829304224,0
294,-0.999915,0.08374740665714787,0
295,-0.9904400000000011,0.11821424490765815,0
296,6.5666666666673255,27.521450769142362,0
297,-0.1276923076921863,236.0723506707329,0
298,-0.9995975017349064,0.12798205876965482,0
299,-0.9961153846153851,0.12124238563523304,0
300,-0.9080000000000046,0.24871400176210445,0
301,-0.9998275862068966,0.18107264147329707,0
302,-0.7152554744525544,2.643817994304232,0
303,-0.9700500000000001,0.03623070285985447,0
304,2.11111111111111,0.041907834893477755,0
305,-0.9957746478873238,0.1293493693416546,0
306,26.272727272726865,13685.62993253005,4
307,-0.855909090909078,2.24791675669887,0
308,-0.9990435614294411,0.1765780781266506,0
309,-0.9949494949494943,0.03942158923687954,0
310,-0.9998604651162791,0.3145062896387964,0
311,-0.9740052631578976,0.07812903523696955,0
312,8.999999999999773,1.3523963424603194,0
313,-0.9758823529411791,0.18897792989591608,0
314,-0.9988994082840237,0.07476099457732298,0
315,-0.9851063829787226,0.6376817803933544,0
316,-0.4782608695652414,17.201708604670827,0
317,-0.9456928838951314,0.3695377346822428,0
318,-0.9941176470588234,0.19587020567412153,0
319,133.32835820894041,1026.8605990505075,0
320,-0.9953604651162797,0.07778487497041452,0
321,-0.8876923076923108,0.11910581350605545,0
322,-0.9132231404958729,0.07300965605478693,0
323,0.6666666666668126,14.335070542550442,0
324,-0.9970410958904109,0.06808477584564987,0
325,-0.9884166666666666,0.29372227365805276,0
326,-0.9957333333333338,0.08963169669365925,0
327,-0.6421111111111169,0.2311911927400402,0
328,-0.9990619047619047,0.17371039688442466,0
329,-0.9913684210526326,0.1417392791169381,0
330,-0.977878484848484,0.1405797846487828,0
331,-0.664761904761902,0.05982041173625821,0
332,-0.7399999999999776,6.430858842652566,0
333,-0.9591700000000009,0.23041079729309794,0
334,-0.979785714285712,0.07431854799617839,0
335,-0.9989538461538463,0.170213578057276,0
336,-0.9882882882882876,0.09768169759732266,0
337,-0.9888,0.07740135718526416,0
338,-0.9928170731707322,0.05627997700040132,0
339,-0.9825218476903878,0.4351958946628547,0
340,-0.9988000000000001,0.21607933435792265,0
341,-0.9993982905982906,0.17348188072106577,0
342,-0.9969999999999998,0.3378673705392195,0
343,-0.9973770491803281,0.11988945878335537,0
344,23.70000000000103,584.1456330182707,0
345,-0.9785744893586613,0.5891961101635418,0
346,-0.9785744893586634,0.5411464281574411,0
347,-0.999840003199936,0.20027033403750152,0
348,1.2434782608692196,64.50375732770225,0
349,-0.903908293583639,0.07469815924880284,0
350,2.274999999999643,57.09131024561938,0
351,-0.9921163529411765,0.09240691164616997,0
352,-0.8923076923076936,111.01410726059734,0
353,-0.9979152173913041,0.0653687640045764,0
354,0.462545454545396,1.5686896007704514,0
355,-0.905941176470599,0.03610082005790003,0
356,9.513513513513818,19.767658740021208,0
357,-0.9975555555555554,0.32135731795883865,0
358,-0.9879999999999997,0.09142155229581946,0
359,-0.9900497512437821,49.96267640261416,0
360,-0.6406818181818392,32.953314037759185,0
361,-0.9913244897959188,0.05116074732959631,0
362,-0.6545454545455358,0.678627084862109,0
364,-0.9995174825174825,0.1802868031430146,0
365,-0.9472871035172251,0.035107709332678615,0
366,-0.9739188400966599,0.056249797680706745,0
367,-0.9989558823529412,0.2107386062998615,0
368,-0.9999742857142857,0.057155187886919305,0
369,-0.9972055888223555,0.2656582127499452,0
370,-0.9955156950672639,0.17733069294556855,0
371,6.750155989720952e-14,46.813931109565935,0
372,0.4200000000000821,34.82278797455429,0
373,-0.9866666666666662,0.1399928862347371,0
374,12.981249999999406,17.337731891537217,0
375,5200.675977653734,6.298067098891433,0
376,-0.9999175789473684,0.2666442722901768,0
377,-0.9916666666666665,0.16927790031026882,0
378,-0.9995360824742268,0.1645450271743431,0
379,-0.987790919496375,0.9384254088911406,0
380,-0.99915,0.06369249721079148,0
381,6.000000000000688,34.802840352606815,0
382,69.41666666665915,280.6889061351432,0
383,1.2544776119402972,0.14661534229985257,0
384,-0.9973888888888887,0.1450158347356669,0
385,16.431372549020086,116.44638721465849,0
386,-0.9798181818181813,22.979301381444813,0
387,0.24093959731558123,46.9887864626981,0
388,-0.9945454545454547,0.2149550430019158,0
389,67.74999999999235,14.642134610934704,0
390,-0.9993403693931397,0.3954761510174683,0
391,-0.9949999999999998,0.1279994570366735,0
392,2.5070140280561093,0.0426034659532077,0
393,16.74074074074048,62.57476322964388,0
394,57.00000000000094,0.8066198318785531,0
395,20.567567567566375,31.757904450006468,0
396,-0.9944444444444445,0.39367367206082815,0
397,1.0351724137928726,1.5782423955312341,0
398,-0.999,0.23720939979642125,0
399,-0.9950333333333328,0.1006384541324165,0
400,-0.9935535535535535,0.060450982935153656,0
401,163.4000000000102,23.77319231120541,0
402,0.6000000000000003,0.1338962147344147,0
403,6.56111111111106,94.85620828036791,0
404,-0.9305714285714287,0.05452780899412346,0
405,-0.9959319999999997,0.1932143579849286,0
406,-0.9963503649635036,0.30671377964881824,0
407,-0.9500285714285678,0.06948257047051623,0
408,432.3333333333206,188.28181749367894,0
409,-0.9979856998978567,0.2587086959140802,0
410,-0.48571428571434205,1.836814080688738,0
411,50.25714285713903,138.58124329121884,0
412,1.1506451612902744,4.869976468438147,0
413,2.733333333333333,0.06558009580287497,0
414,0.41176470588219805,73.72695343188911,0
415,-0.9954906832298135,0.05765680643719125,0
416,1.3887561802122104,37.277868332897356,0
417,-0.9959999999999997,0.10608073751744007,0
418,0.29411764705874455,241.07264315668635,0
419,8.000000000000009,250.36956054032478,0
420,-0.9999328671328671,0.2925191509896372,0
421,-0.99855421686747,0.20847821041380696,0
422,11.038834951457877,2.262819847435576,0
423,120.1200000000075,3.8308601294066094,0
424,1.75,0.184558152145215,0
425,-0.9979166666666665,0.09665320003090075,0
426,-0.9645348837209258,0.06255043255240095,0
427,4.259259259259259,0.06186604138919297,0
428,160.91304347824348,5.123601055993564,0
429,1.7934782608694397,25.56608123178234,0
430,-0.9995900000000001,0.13333982915663822,0
431,-0.028571428571490642,24.749226448894593,0
432,-0.9915384615384621,0.10627452899598407,0
433,-0.9957264957264962,0.18437819419473853,0
434,-0.9981,0.346965133986414,0
435,1.49999999999973,95.91341298471538,0
436,-0.9628571428571447,0.3696435838338622,0
437,-0.8751000000000008,0.46324129243980017,0
438,25.737142857141567,28.094169040489557,0
439,0.7727272727272565,54.67391185034447,0
440,-0.9800625,0.18599202928766256,0
441,-0.9973417721518989,0.07645756287153375,0
442,-0.994176706827309,0.10787705615602226,0
443,1.327586206896631,2.280005459298354,0
444,-0.9993846153846154,0.24045957355036765,0
445,-0.9714444444444408,0.21920233133049233,0
446,-0.541395348837163,0.28595023448592083,0
447,3.333333333333333,1.0501812502783576,0
448,-0.9945042866564082,0.24649670887426045,0
449,-0.9962500000000003,0.05520479421784881,0
450,-0.996288888888889,0.0935769551311538,0
451,-0.9929999999999997,0.41605512186592625,0
452,-0.9863499999999995,0.18292225162093675,0
453,-0.9993631368631369,0.13929227202808683,0
454,-0.9964183673469389,1.3335028420877184,0
455,185.39068046597933,26.864458578543996,0
456,18.99999999999779,40.966113923955284,0
457,-0.9878260869565216,0.25014121547371937,0
458,1.0000000000001772,55.758266275328104,0
459,-0.9982352941176474,1.5308147208162122,0
460,-0.9943333333333326,0.26855765539147813,0
461,-0.95477076923077,0.22849375298530347,0
462,1.2427983539094645,0.24350099050215976,0
463,-0.9931598513011161,1.372750104530005,0
465,-0.9411904761904797,0.22293202272556056,0
466,-0.9964999999999996,0.14508799042935594,0
467,0.5459302325582969,12.48689287291826,0
468,-0.9613725490196108,0.11032898690252865,0
469,-0.9985799999999998,0.0715930978117418,0
470,-0.6176470588234799,13.776506473255708,0
471,-0.9991249999999999,0.9727379235997705,0
472,-0.9769374999999996,3.070060261758358,0
473,-0.9966666666666664,0.24410552338995312,0
474,-0.9981818181818182,0.22229947411917858,0
475,2.3522727272726787,53.57788473059303,0
476,76.36700759956567,4.877163228646468,0
477,-0.9985000000000002,0.6267046585932524,0
478,-0.9984615384615384,0.15740531437234215,0
479,0.4000000000001489,3.6395945619739423,0
480,-0.99475,0.40316954884798534,0
481,110.53061224489672,173.69850437007662,0
482,-0.9977493606138108,0.23168435209643595,0
483,-0.99859375,0.37945856260647776,0
484,-0.9987500000000001,0.28963665313547554,0
485,-0.9986216216216216,0.3428208903596436,0
486,19.83333333333563,180.9089635883216,0
487,-0.9998241379310345,0.2389725118574681,0
488,-0.9968333333333331,0.35994238870027373,0
489,-0.9936181818181818,0.7274148061029346,0
490,-0.9942806394316165,0.05991285310391844,0
492,-0.92267857142858,0.147456276071131,0
493,2.582089552238805,0.07605271978934679,0
494,79.84210526314877,19.057195424055568,0
495,-0.9961111111111113,0.29765990601089337,0
497,0.019999999999970708,21.830199148352296,0
498,-0.9974997499999998,0.8264266736854292,0
499,-0.9587666666666652,0.4470231102637919,0
500,-0.9961538461538466,0.7164823730795351,0
501,1.450000000000096,61.16647117238103,0
502,-0.09502262443438414,12.51462827392731,0
503,-0.9918627586206892,0.06712892340332147,0
504,-0.7916666666666804,0.6494096691168025,0
505,0.7000000000000053,1494.9914696529388,0
506,-0.9933333333333331,0.23728233537841525,0
507,-0.9789285714285704,0.23748442232624242,0
508,-0.9986664073785976,0.44983446440408903,0
509,-0.9632823529411805,1.3245745372397881,0
510,-0.9479999999999997,0.1559127869134997,0
511,2.166666666666666,0.14636283291363344,0
512,0.6574285714285908,2.99739555741625,0
513,-0.9870967741935482,0.286748043578243,0
514,-0.9798994974874371,0.38587058246547795,0
515,-0.9992307692307693,0.8702244547879089,0
516,1.1817777777776994,202.6794936808212,0
517,58.523809523806264,53.8031811537331,0
518,-0.999988125,1.1389469825424625,0
520,3.4555555555555904,1.5775032617205804,0
521,-0.8771425714285851,0.2463712680355283,0
522,-0.8942857142857278,0.13547402358893987,0
523,-0.2274999999999977,0.09279599566376552,0
524,3.2857142857142865,0.5229871320011699,0
525,-0.9358620689655165,0.9056483545610142,0
526,1.9268292682926838,0.16955641864874185,0
527,-0.999942857142857,0.24767088822032093,0
528,-0.9983808571428572,0.10887433758376389,0
529,-0.9993333333333333,0.19764104667392918,0
530,-0.9849999999999989,0.2318087216804002,0
531,-0.9801746031746034,0.09129032491343783,0
532,-0.9900000000000011,0.6032199921380748,0
533,-0.9945000000000002,0.09767730999796538,0
534,-0.996322222222222,0.27721645713622883,0
535,-0.9968421052631582,0.0919697818174708,0
536,4.02,0.6346777444386358,0
537,-0.032222222222248575,17.28220417360325,0
538,-0.9936049180327869,0.17829053482088886,0
539,-0.9934426229508198,0.18954144592414265,0
540,-0.9135555555555684,0.2116867023924853,0
541,2.442028985507247,0.1818519909346142,0
542,-0.9999625714285715,0.18223827228915193,0
543,-0.9992500000000001,0.5669625657402587,0
544,9.769230769230768,0.7703594836245794,0
545,38.84375000000033,17.991638264325772,0
546,-0.998388349514563,0.16657349312030734,0
548,-0.9717284974093277,0.19094726998956882,0
549,-0.8891129032258183,1.05384990274216,0
550,-0.9973497267759562,0.11143569188277053,0
551,-0.9986363636363637,0.17039975550978442,0
552,-0.9971999999999996,0.08022039903052862,0
553,-0.9980833333333329,0.19747597567337655,0
554,-0.9927714285714279,0.7573400332921942,0
555,-0.9904,0.7670547126842278,0
556,-0.99764375,0.35035725725273575,0
557,-0.9624999999999986,0.17348938695728672,0
558,10.111111111112216,73.44395728958246,0
559,0.22692307692294023,7.798918268093359,0
560,-0.428927680798013,0.20063871575346287,0
561,-0.9948333333333333,0.19389983640337713,0
562,-0.9958294573643411,0.07600832557341532,0
563,9.534883720929061,57.944257438924794,0
564,-0.9901,0.27122932315978476,0
565,-0.9772222222222222,0.2277734037314462,0
566,88.46296296296224,37.65833248594116,0
567,103.16666666665542,33.856917834152284,0
568,-0.9624999999999985,0.13337185461991763,0
570,-0.9941176470588236,0.5127343578237786,0
571,-0.9986250000000002,0.35102849860954827,0
572,-0.9950941176470588,0.5845143237059762,0
573,22.333333333333336,0.6864669016633775,0
574,-0.1217443973348703,7.639780959087158,0
575,-0.1444444444445354,4.007983813638227,0
576,-0.9966459627329196,0.18090203186471757,0
577,6.272727272727272,0.560267598363766,0
578,2.5772357723577235,0.07751163653309343,0
579,-0.99875,0.464622436707501,0
580,-0.9999756127301549,0.16829948574171824,0
581,-0.9937999999999996,0.37779645828848063,0
582,5.279452054794574,7.518550382827767,0
583,-0.99995,0.804487602409487,0
584,1.79999999999993,21.043689471660503,0
585,3.363636363636364,0.30385289358391326,0
586,-0.9762499999999991,0.33604735469191427,0
587,-0.9866666666666668,0.8415783368404456,0
588,-0.9888366627497077,0.8138788546949574,0
589,1.0512820512821537,299.8888907728712,0
590,-0.537777777777774,3.387553384318234,0
591,1.5450000000002468,538.9520402595994,0
592,-0.999,0.2379736131001227,0
593,-0.9972727272727273,0.7124508015519716,0
594,7.0357142857143025,140.9799083487095,0
595,-0.9989343707713125,0.6971581844565503,0
596,7.333333333333826,86.91882566038103,0
597,-0.9937142857142857,0.5571535792035786,0
598,-0.9968260869565219,0.10294881895115819,0
599,-0.8219554888721746,93.56266251000952,0
600,-0.9990947368421051,0.1906525242003549,0
603,-0.9996666666666667,0.4659615805753659,0
604,-0.41192052980138905,0.16966477739382238,0
605,-0.7928607142857175,0.7281329014680903,0
607,213.76470588236987,144.852737872856,0
608,-0.998166,0.1283251572713011,0
609,-0.9972384615384614,0.2716068272129696,0
611,-0.9951165371809098,0.4027619717391606,0
612,-0.9995,0.6715396367244955,0
614,-0.9999738,0.11485934758737197,0
615,-0.9578026533996692,0.10016808394543548,0
616,-0.9950000062499921,0.4948771032957776,0
618,-0.9998312500000001,0.6866884244368793,0
619,-0.9972049689440995,0.6220292179424087,0
620,-0.9994736842105263,0.5543186250634802,0
621,-0.7927499999999708,105.7791213774742,0
622,-0.9989403973509934,0.24656614011301423,0
623,-0.9966666666666667,0.3299367337662901,0
624,-0.9971428571428573,0.128810564421302,0
625,-0.9914285714285713,0.148825036010735,0
626,-0.9918918918918928,0.2010055501497573,0
627,-0.9998421052631579,0.15443284046071162,0
628,11.400000000000427,125.58332113815652,0
629,-0.9971867007672638,0.6224423544124595,0
630,-0.9982222222222221,0.8161337338971709,0
631,-0.9983786413014105,2.5600287708615195,0
632,-0.9985999766662779,0.19369954950143498,0
633,-0.9865000000000003,0.47106234300175787,0
634,-0.9940298507462685,0.6367842115218115,0
635,-0.3333333333333305,109.88592668907027,0
636,-0.9993594306049822,0.5808285940279126,0
637,-0.9972926829268293,0.3633450702962188,0
638,-0.9962500000000001,1.0404353816756622,0
639,-0.997625,0.3752151487887776,0
640,-0.9800000000000022,0.48395316031493674,0
641,-0.9992857142857143,0.5208508835932151,0
643,-0.9928571428571431,0.4439154119390182,0
644,39.40404040404344,66.52510093395627,0
645,-0.9990033222591364,4.159331845248347,0
646,-0.9994999999999999,0.26616893492850885,0
647,36.43916136278137,185.06419970235532,0
648,-0.9983332857142857,0.21380470404330737,0
649,-0.9976417910447761,0.5741652059632997,0
650,-0.8304838709677609,1.572163078818744,0
651,0.8206999999997995,2965.6117349314018,0
652,0.37305699481865284,0.1320061994274548,0
653,-0.9998006666666667,0.7888441117478371,0
655,-0.9917054999999997,0.21105315951320633,0
656,-0.6928071928071697,9.716865015889985,0
657,-0.9991680532445923,0.3124059248071867,0
658,-0.9980000266663112,0.4308424827074052,0
659,-0.9999306666666667,0.3807701222924341,0
660,-0.9840625000000017,0.24899926191556732,0
661,-0.8636181818181818,2.0890313049118943,0
662,-0.9995566666666666,0.2459323466234726,0
663,-0.9946633333333335,1.2064971723812847,0
664,-0.07444444444429976,217.98513132044687,0
666,0.25288888888888894,0.05282561840064368,0
667,-0.8618235294117678,3.930571814732823,0
668,0.0800000000000507,5.156156222401514,0
669,-0.9999798,0.3654630496187527,0
670,-0.884591679506946,1.6715451669155412,0
671,-0.9950000000000001,0.5683353976197091,0
672,-0.8012000000000007,2.020372847509656,0
673,-0.9982499999999999,0.421195373793479,0
674,0.18749999999999978,0.0512676345884798,0
675,273.8461538461851,10.469658952996154,0
678,-0.9994991652754591,1.2098869938547039,0
679,-0.9999480001559995,2.1804358973879463,0
680,-0.9981891891891892,0.4823778663686403,0
681,12.972055888221288,1.2312134122862988,0
682,-0.9157777777777769,0.43746087316767046,0
683,-0.965,1.7578674580297569,0
684,-0.9905940594059408,0.22482541507954118,0
685,-0.99875,0.7000773603473868,0
686,-0.9961320754716981,0.17976968527190026,0
687,18.65999999999978,10.035402474781355,0
688,-0.9961538461538463,0.41780079799192865,0
689,-0.9986250000000001,2.740818008166178,0
690,6.7788888888888055,935.2739420292772,0
691,-0.9998736842105264,0.923423013636259,0
694,-0.9949678125000001,0.46564713025000753,0
696,-0.9859979999999989,1.5952823292395062,0
699,-0.996397073529412,0.14033001183354984,0
700,-0.9976923076923077,0.8160254488284938,0
701,-0.9988857142857143,0.6355206375292809,0
702,-0.34078212290506626,12.257901527572027,0
703,-0.9995918367346939,0.14380839739442022,0
704,-0.9986721991701245,0.3020848222304596,0
705,-0.9961,0.4801159477055251,0
706,-0.9992064102564103,0.07202004373748898,0
707,-0.30468750000001366,3.9957320741728535,0
708,0.8333333333331319,354.17025416230507,0
709,-0.9990000000000001,0.9997500104192715,0
712,3.7771144278607043,30.51194444316934,0
713,-0.9994469273743017,0.1316221737779243,0
714,-0.9987661574618096,0.05219090631464496,0
715,-0.9853000000000001,0.24897346759208488,0
716,-0.999990625,0.24125195479532158,0
717,-0.9957317999999998,0.33721785918696,0
718,-0.9679199999999978,79.24481773666683,0
719,-0.9998363636363636,0.3573109330440108,0
720,-0.9999,1.1731171264113793,0
721,31.250000000000014,1439.1166998003266,0
722,4.555555555554944,4400.183895617476,0
723,2.846153846153425,8464.933578601856,4
724,-0.9981750456238594,1.073253120476593,0
725,-0.999825,1.482147945538464,0
726,239.00000000003774,33.31848154168208,0
727,-0.9990979999999999,0.4688054529911677,0
728,17.27272727272625,5292.606395566944,0
729,-0.9978000000000002,0.1992157278169753,0
730,-0.9995028571428571,0.6193677667754511,0
731,-0.9985652173913043,0.6386062249005185,0
732,-0.999575,0.13984421802295474,0
733,-0.9608313349320499,9.06142022282377,0
735,-0.9957831325301205,0.47443162930786026,0
736,-0.9993846153846153,0.17022407953211424,0
737,2.2137931034483964,21.06180879009499,0
738,-0.9990923076923077,0.08061334626214545,0
739,-0.9873765779277596,0.697855752568881,0
740,-0.9999714285714286,0.13444858146867683,0
742,-0.99,0.33924059684040186,0
743,-0.9998333333333334,0.3212159434539444,0
744,-0.1694352159468423,0.10395873881087388,0
745,4.64102564102564,0.3909894624041244,0
746,0.2257669107448146,0.10458454082043385,0
747,4659.00000000001,22.50971064743332,0
748,387.9999999999973,1.2823541558728317,0
749,3469.9803921568637,145.57055600093028,0
750,1745.6666666666663,75.31356268225532,0
751,7.352941176470587,1.5048922172662311,0
752,381.5000000000007,6.348637424117804,0
753,1137.3233532934066,1.7062762576330839,0
754,3.3125522223120676,0.0795299739759991,0
755,103.15322580645164,1.140874566058636,0
756,13.108910891089216,0.2992915839878151,0
757,5812.9534883720935,779.3797026599658,0
758,513156.8947368411,47.141585974274385,2
760,0.8336666666666668,1.2979111454908279,0
761,-0.11764705882352933,0.27953547375502347,0
762,0.5439999999999987,3.148637511106961,0
763,-0.7,0.19303342913056476,0
764,329.0,127.89234779484617,0
765,5.259351620947628,0.5526018094821316,0
766,-0.40000000000000013,0.3582501212950406,0
767,28.999999999999982,1.6235022032746877,0
768,0.7,0.36341728457193145,0
769,3.6153846153846168,0.22325651345302996,0
770,-0.7426470588235297,0.06079833285750652,0
771,-0.46666666666666634,0.31786772406512787,0
772,0.25,2.568052356061596,0
773,-0.11111111111111005,0.0931375072123958,0
774,-0.575,0.3183012124217088,0
775,1.0000000000000022,4.094289107947111,0
776,1610.1111111111104,3724.6952628683566,0
777,0.20408163265306123,0.1684619864105685,0
778,-0.4666666666666668,0.32888957138886327,0
779,0.10607776519441292,0.051704616438553126,0
780,-0.00033322225924703464,0.04317041576579621,0
781,449.0,41.35689062774682,0
782,15.545454545454543,1.2560681046213364,0
783,-0.639,0.2572642499560822,0
784,0.021961295933899727,0.08013334564018171,0
785,365.7142857142861,0.5026908359993919,0
787,0.1880952380952381,0.14098947536285678,0
788,0.04571428571428582,0.07206794724474204,0
789,136.19999999999985,4.628770048575124,0
790,103.99999999999989,282.8339249124922,0
792,14.666666666666693,3.067867767462329,0
793,0.10000000000000009,0.0010418473077270674,0
794,-0.4,0.08209742404575385,0
795,-0.912621359223301,0.5404642442271593,0
796,74.99999999999964,0.5104202535466572,0
797,117.76923076923086,2.6238336085870166,0
798,1.0000000000000004,0.5952365333956828,0
799,1.1094736842105255,0.21030758483735812,0
801,0.10000000000000098,11.408234353793443,0
802,951.3809523809529,238.3371234745886,0
804,0.025454545454545174,0.03617621082292226,0
805,-0.36363636363636365,0.27368723445048104,0
806,4.388059701492533,0.7242261718993356,0
807,234.99999999999787,8.342996194922517,0
808,0.5000000000000007,0.5233335110356913,0
809,-0.9618181818181818,0.07267485107100881,0
810,1.666666666666667,0.6404295314048528,0
812,-0.2104847623559135,0.32707014195918044,0
813,2.357333333333331,0.7314509710083171,0
814,-0.9120000000000006,0.06666356154598024,0
815,0.5833333333333288,0.04836371407248379,0
817,8.914285714285716,0.2407551160326948,0
818,0.7427507427088988,0.0345335340098087,0
819,1.20000000000001,0.04211966147558563,0
820,-0.6218978102189777,0.07738158948890983,0
821,-0.1331658291457285,0.056926081176140106,0
822,-0.8083333333333333,0.09224426263964229,0
823,-0.434782608695652,0.40953553014971966,0
824,3.4173913043478352,0.0540972514928021,0
825,-0.2857142857142857,0.039949813055199714,0
826,8999.00000000003,27.5406539708101,0
827,-0.9923076923076923,0.20852985659512419,0
828,-0.5999959999599995,0.1479384554473726,0
829,2.719999999999975,0.04937980054146527,0
830,341.8571428571429,197.58627013034885,0
831,-0.034959349593496,0.009586183395354208,0
832,0.4285714285714284,0.10707008110379714,0
833,-0.9705882352941176,0.19472852525801576,0
835,0.19999999999999973,0.013823140083346019,0
836,9.64516129032258,0.6764586461482874,0
837,3.758874999999998,0.2299689246032043,0
838,7383.615384615408,271.0206185881729,0
839,-0.4204545454545453,0.37217682132339763,0
840,91.85714285714275,0.05985911692784732,0
841,-0.4117647058823525,0.1954214320637431,0
843,18665.666666666657,1742.6383744426953,0
844,24.56666666666665,0.2970773463503491,0
845,0.1764705882352946,0.924137718256937,0
847,4.600000000000003,0.5083050443630086,0
848,-0.07575757575757569,0.0317881107727355,0
850,265.5760869565232,1.5333353607777118,0
851,-1.1102230246251565e-16,0.3181980515339462,0
852,12694.000000000002,1110.2179944422198,0
853,0.7500000000000002,0.11724727068583002,0
854,817798.9999999987,16.788840628517136,2
855,1020.4999999999987,28.309518241030833,0
857,21051.63157894737,138.5207099411751,0
858,0.5298507462686559,0.056227032767699234,0
859,0.25,0.1767766952966369,0
860,282332.3333333343,31.705426877885134,0
862,1.0929999999999986,0.5386220383327864,0
863,2.4333333333333327,0.5611582373511456,0
864,1.2289679098005175,0.2579382128743903,0
865,0.0006666666666665932,0.5899627577699761,0
866,-0.8636363636363636,0.5450219774708235,0
867,1.857142857142854,0.06275161219592658,0
868,4.041095890410947,0.047397988734997364,0
870,-0.9256756756756757,0.23085848417265425,0
871,1300.9999999999973,31.88771827928841,0
872,13998.999999999989,39.718556351193236,0
873,0.45999999999999996,0.16348325349541046,0
874,1.4016666666666673,0.8801897006619319,0
875,4529.973451327392,12.331883133369663,0
876,-0.857142857142857,0.5346468125790051,0
878,-0.7151655119322557,0.09491514415583593,0
879,2.367875647668394,0.7764080966252745,0
880,0.15909090909090917,0.08173093670440801,0
881,1809.5849582172752,20.583770697851108,0
882,2.1521739130434785,0.23181652526749152,0
883,3223.8847926267345,16.707956177880277,0
884,2.8757142857142846,3.764652063953478,0
885,-0.09999999999999998,0.9607307943262359,0
886,0.4346578558386216,0.21664795071882878,0
887,-0.043333333333333446,0.03983524294896398,0
888,-0.23913043478260965,0.2002656220267417,0
889,-0.46666666666666656,0.5925937520869113,0
890,171.26415094339694,9.481635260810611,0
892,0.34999999999999987,0.11786291472158097,0
893,-0.12060301507537696,0.040538842619031824,0
894,-0.1351351351351353,0.03412337537583436,0
895,6675.851851851815,6.721287628136448,0
896,0.0,0.0007441271561477227,0
897,-0.9269999999999998,0.05253391553270055,0
898,87100.44927536082,25.618165457882046,0
899,-0.8500000000000001,0.3005730930090433,0
900,-0.8400000000000001,0.5752063304228306,0
901,0.0,0.0,0
902,-0.9615384615384616,0.23328789369264105,0
903,0.5107913669064741,0.053086890805510954,0
905,4.901960784313725,2.1413791890613294,0
906,24.00000000000004,0.7082982963120219,0
907,0.5250000000000001,0.35348338002087903,0
908,0.0,0.0,0
910,-0.9998867924528302,0.1848716635673332,0
911,96910.76470588236,47.88103963007088,0
912,7.909090909090905,0.08884387063675787,0
914,-0.8717948717948718,0.6164520656498107,0
916,544.5041367397037,7.435882791466512,0
918,-0.9333333333333333,0.2817642559014397,0
920,0.04999999999999982,0.0004311626714551338,0
921,69999.00000000003,267.8082131938445,0
922,0.25,0.1767766952966369,0
923,0.6702997275204394,0.07062831984817207,0
924,11456.142857142913,23.787759794841435,0
925,66749.00000000007,18194.06598103617,4
926,3.0701923076923086,0.3842569952186705,0
927,-0.10999999999999899,0.057982919994752066,0
929,1576.894736842107,23.140479458885387,0
931,5482.870967741941,62.90388627023523,0
932,0.37599999999999545,0.13531226672990815,0
933,1.0326666666666693,0.039910490697458764,0
934,46.23618090452253,1.562290120481144,0
935,2.6299999999999994,0.20236510213651426,0
937,0.17499999999999716,0.09122009811456203,0
938,498.99999999999994,10.863642134490101,0
939,0.45454545454545503,0.07207150561605526,0
942,-0.47999999999999965,0.858759932547513,0
943,1.924999999999999,0.08459265694767457,0
944,0.03272727272727294,0.04535126846982341,0
945,4.102040816326534,0.400353906771366,0
946,0.39999999999999947,0.02784411004115491,0
947,3.1249999999999982,0.3600709593098103,0
948,0.5490909090909109,1.2559201749670796,0
950,2.053571428571426,0.05207744046801482,0
951,25.999999999999993,4.509503870269899,0
952,16128.032258064517,4599.379782610811,0
953,421.5325884543772,18.776947353551485,0
954,-0.7,0.5843707705993381,0
955,0.2500000000000051,0.1414230333487636,0
956,11.500000000000007,0.35576608614752553,0
957,-0.6168831168831159,0.20555753765015145,0
958,0.5510869565217393,0.05699954244680142,0
959,-0.16666666666666663,0.03636964837266539,0
960,-0.7751999999999999,0.27553624650163916,0
961,0.9672131147541019,0.06358258156595543,0
962,31.18500000000001,0.45315992992732584,0
963,3.2079207920792125,0.04473717433539944,0
964,-0.4285714285714286,0.4429339411136565,0
965,-0.14369501466275658,0.3132628194541107,0
966,-0.9982551204819278,0.3162036612316452,0
967,554.3719008264484,13.317320473506499,0
969,4749.000000000004,55.749997020306594,0
970,0.0,0.0,0
971,0.22863636363636375,0.057335007948554575,0
972,0.25373134328358193,0.057144464224530525,0
973,-0.20000000000000073,0.1491368745561773,0
974,1332.3333333333335,1925.7422173861626,0
975,18324.581395348934,139.42097368197096,0
976,0.8333333333333321,2.0899933295099253,0
978,7.080645161290322,2.958060787643784,0
979,-0.8866666666666666,0.14492963171287265,0
980,-0.8866666666666664,0.1336273972354417,0
982,-0.978730644886847,0.6920670759545723,0
984,0.25789473684210584,0.024847307053381364,0
985,0.22564102564102528,0.03009972795636153,0
987,1.5287356321839152,0.06164237448143396,0
988,123.85776352539624,1.5944558372511695,0
990,2.9090909090909087,0.48819561617804214,0
991,5.324459234608983,0.7839326849538523,0
992,7.7499999999999964,0.17696708668795108,0
993,29999.000000000015,112.79258765785781,0
994,-0.03960396039603953,0.05865265637073191,0
995,0.6251015688480543,0.10287811014536669,0
996,17532.039647577087,119.39238003562703,0
997,2.4065573770491695,0.1380314147864342,0
998,3.5500000000000025,0.11584925296889508,0
999,-0.869,0.5014737527042683,0
1001,-0.5999999999999999,0.7161245924007252,0
1002,-0.6692307692307692,0.19910345519355574,0
1003,0.33485888634630134,0.04214045466650286,0
1004,-0.0357142857142857,0.04598852373882444,0
1005,0.1423105352406624,0.2647021940754295,0
1007,61.42187499999966,4.828194844183596,0
1009,-0.7652173913043477,0.09031575710089344,0
1010,319598.9999999999,21643.66489922165,4
1011,29806.692307692374,644.3015260116234,0
1012,22448.99999999997,58.269103921308655,0
1013,0.02272727272727315,0.09080336869588257,0
1014,-0.09971428571428564,0.34409754211352633,0
1015,85799.00000000003,30.886829423538703,0
1016,140382.33333333352,67.75216706635494,0
1017,734.2941176470588,798.1709876080105,0
1021,9.852,4.929216718041846,0
1024,1.1592356687898087,0.363639743633141,0
1026,-0.24285714285714288,0.02224808736613628,0
1027,1045.0251046025105,1262.2764758812002,0
1028,-0.4258249999999999,0.1417744566144175,0
1029,9.780291970802933,0.03095156380132041,0
1030,1.3000000000000007,0.7258124005706948,0
1031,-0.4333333333333338,0.07601165373871831,0
1032,0.00454545454545463,0.014870949718000029,0
1033,0.004184100418409997,0.019051634401407107,0
1034,-0.17647058823529416,0.10188534162169868,0
1035,3.714428571428571,1.581139299467263,0
1036,-0.19999999999999996,0.1858476061754654,0
1038,-0.708166666666667,0.06864630735389385,0
1039,17183.782608695677,13.925233370790693,0
1040,-0.3066666666666662,0.059301635243189425,0
1046,2160.5201900237453,11.681025653189227,0
1047,2149.4126031507835,12.152779552992367,0
1049,-0.5103310375472114,0.1127193428018333,0
1050,-0.35802469135802406,0.05875950443484446,0
1051,7537.461538461536,672.0330194642246,0
1052,13332.500000000031,342.1895521571186,0
1053,-0.3036809815950924,0.058459950242118315,0
1054,-0.5116279069767445,0.03405052805448207,0
1055,-0.5179999999999993,0.06508208150793096,0
1056,-0.5321637426900578,0.04985205203484825,0
1057,0.20286525206108674,0.05081370875384415,0
1058,0.28971962616822067,0.0509723220576227,0
1059,-0.14062499999999978,0.17357475270186634,0
1060,-0.25004687207049436,0.074329351344818,0
1061,37498.99999999994,367.42433571656164,0
1062,-0.5423728813559323,0.29934387628962156,0
1063,25713.285714285714,562.2944033604465,0
1064,3916.0506912442625,22.341796181747398,0
1065,0.78571428571429,0.03758560444480389,0
1066,0.3214285714285694,0.03467047559213441,0
1067,-0.1304347826086958,0.24679396461090436,0
1068,0.28852695598391986,0.044064804794518894,0
1069,-0.8484848484848487,0.19947153280940935,0
1071,0.46315789473683755,0.03020280201006941,0
1072,-0.9000000000000002,0.05850337897276652,0
1076,1278.9999999999995,100.00753621625952,0
1077,0.6824324324324329,0.06699023249474859,0
1078,2.8846153846153855,0.14557839400639264,0
1079,0.9047619047619053,2.242723646302867,0
1080,0.6959064327485378,0.07290842670864972,0
1081,1258.1304347826065,38.274751724302455,0
1082,8.0,3.8072361145215896,0
1083,7.98,3.4746343940173854,0
1084,0.2762499999999972,0.0482032217157315,0
1085,-0.33333333333333304,0.04085215640603923,0
1086,4626.218934911221,17.885423671156612,0
1087,67999.00000000036,70.71169255774163,0
1088,0.7415169660678562,0.038909982163349996,0
1089,62017.18181818187,1153.407476844442,0
1090,6.745098039215697,0.04292811775205008,0
1091,1521665.6666666723,942.237009701683,2
1092,1356.33333333334,17.446910053171344,0
1093,8789.909090909036,115.76880130982374,0
1094,0.7405940594059421,0.06082514782971674,0
1095,0.7532934131736535,0.053931315033086874,0
1096,55998.99999999982,204.59166287671306,0
1097,44426.480916030436,184.26032766312804,0
1098,1205.6666666666654,59.543171889507434,0
1099,1604.1724137931049,17.46885627757966,0
1100,9348.999999999998,17.902979463242286,0
1101,2998.999999999983,17.832635841109756,0
1102,19046.619047619,121.42269605834734,0
1103,2798.999999999989,58.20180241843086,0
1104,5298.2518703241885,1.490016079266843,0
1105,77698.99999999974,70.72665912883629,0
1106,159998.99999999994,1162.0752932798684,0
1107,5.270833333333347,0.046256343591756365,0
1108,637412.7931034478,1019.8121402751649,2
1109,1.4615384615384581,0.04336528552814808,0
1110,4631.721202003338,17.503120430998553,0
1115,101998.99999999999,72124.18457424665,1
1116,161665.66666666645,472.97447424794416,0
1117,0.40000000000000147,0.09624983919215868,0
1118,386.21834026851,7.4428363893731655,0
1119,10260.29032258064,213.35192113984144,0
1120,1.8822115384615397,0.13218575591373144,0
1121,52379.95238095233,719.4417618467886,0
1122,704.5999999999983,38.2536584812658,0
1124,0.3320000000000005,0.07471191881561445,0
1125,0.33199999999999985,0.061343084759732054,0
1126,0.6292682926829272,0.06751148744816061,0
1127,-0.1777777777777778,0.09249553001314136,0
1128,0.19920318725099628,0.09812181446619068,0
1129,-0.19999999999999973,0.05515371429077389,0
1130,0.6170212765957428,0.0613268801530473,0
1131,0.3551724137931025,0.050100429700827426,0
1132,0.5894736842105266,0.06587631218058064,0
1133,0.33628318584070827,0.043360738288824675,0
1134,0.3377777777777784,0.04688570098145548,0
1136,0.2142857142857142,0.19972005513565277,0
1137,4324.999999999994,135.73373516207394,0
1138,4.695238095238092,0.03512055189316622,0
1139,-0.3823529411764708,0.09420550865484721,0
1140,31869.00000000002,419.5884917864195,0
1141,0.20930232558139528,0.14799909373671918,0
1142,0.0,0.052245073480253826,0
1144,3058.38812237554,1.9424876191592508,0
1145,0.08571428571428585,0.19981860554583092,0
1146,6.49999999999996,0.052497005545516506,0
1147,4.900000000000031,0.04728079281854128,0
1148,-0.3827160493827161,0.14291519422048043,0
1149,17.571428571428612,0.05052355861337381,0
1150,1.0428571428571431,2.0042586236494637,0
1151,-0.3696682464454977,0.2627555934530918,0
1152,503.00000000000006,100.40230298522155,0
1153,-0.508982035928144,0.04402411917202417,0
1154,-0.7696907216494846,0.0498907323576216,0
1155,2.0000000000000004,0.2104711824221216,0
1156,725.5968232510978,9.786493042301693,0
1157,0.4285714285714288,0.09521366955090109,0
1160,0.521739130434784,0.03254115785319403,0
1161,0.0,0.0,0
1162,1.7887139107611518,0.045646655174181025,0
1163,2.6999999999999966,0.05091991660662543,0
1164,8798.999999999953,20.607834072348695,0
1165,5.481481481481482,0.08258713751113567,0
1166,0.42842567084991234,0.09869225160238267,0
1167,14.336666666666682,0.11061422462463558,0
1168,1.7162162162162171,0.5904548983224855,0
1169,4373.999999999988,23.061252431342837,0
1170,4294.180722891551,18.666593756809053,0
1171,3290.5717539863285,3.979982670830943,0
1172,1963.6739130434728,4.054659925295484,0
1173,12759.000000000036,15.763842212844432,0
1174,7735.677115987403,13.069679753553691,0
1175,3.2857142857142865,0.12650144396422014,0
1177,0.22249388753056243,0.15732693664541772,0
1178,0.21026894865525692,0.13143879293390792,0
1179,1408.3023255813966,31.46322297985231,0
1180,1405.976744186043,41.405503560581664,0
1181,4.0,1.395652109859009,0
1182,11.218481301149874,0.10146288939224994,0
1183,2958.016393442619,51.51050655857916,0
1184,1.734999999999994,0.2595916636530057,0
1185,0.6631355932203371,0.03493988507862832,0
1186,257.76078169923665,2.558690019236967,0
1188,119.8333333333339,1.7035651116883204,0
1189,7565.462167689139,14.97118894808765,0
1190,1.247191011235952,0.050199194028835624,0
1191,215.91176470588184,8.251355841879212,0
1192,95.44444444444389,1.6976222575997577,0
1193,-0.3802479008396642,2.3242619578518746,0
1194,0.02316602316602312,0.038650245742803305,0
1195,863.9999999999993,3.274831655790272,0
1196,1351.9705441837225,18.752213618561857,0
1197,2.2470588235294104,0.14359466862359135,0
1198,7011.500000000008,52.16915151697481,0
1199,4399.000000000006,113.79728795672875,0
1200,1.0,0.7071067811865476,0
1202,0.09090909090909105,0.030679436687850187,0
1203,-0.1807909604519774,0.07094729364826054,0
1204,370.57142857142986,4.177199212219108,0
1205,1.7511627906976717,0.07379601131694948,0
1206,23.624999999999957,3.9457843201123,0
1207,3.2799999999999985,0.15892577140778127,0
1208,2.220446049250313e-16,0.10245266265575559,0
1209,-0.1428571428571429,0.18421761589912777,0
1210,4.92549019607843,0.1613276840481693,0
1211,-0.08965517241379306,0.06125258774588273,0
1212,28004.277777777777,120.94500665036315,0
1213,-0.020000000000000018,0.011547005383792526,0
1214,1152.4413807619455,3.139617256938386,0
1215,-0.1363636363636367,0.5573044811137366,0
1216,0.06699999999999995,0.0005322309105706636,0
1217,32.20512820512816,3.0039834288671994,0
1218,-0.007385524372230834,0.02445800176294819,0
1219,-0.08571428571428541,0.03005915813566403,0
1220,-0.04411764705882337,0.028312793816678537,0
1221,-0.979203125,0.12825993005708375,0
1222,-0.98,0.2285705616122615,0
1223,-0.037328358208955636,0.045625899793954885,0
1224,0.02985074626865636,0.029300299797781895,0
1225,-0.07142857142857129,0.031561257811480385,0
1226,-0.029850746268656803,0.046582283722830284,0
1227,0.0692307692307692,0.060617210386475405,0
1228,0.06153846153846154,0.04539880674472524,0
1229,0.0923076923076922,0.040915931278112064,0
1230,-0.532934131736526,0.032032704487492875,0
1231,0.06766917293233066,0.04784933105773618,0
1232,0.5600000000000018,0.6592047144081297,0
1234,-0.47384615384615414,0.07691878779466363,0
1240,-0.008498583569405027,0.017143127605321322,0
1241,27.488372093023195,4.924052198235414,0
1242,-0.09230769230769276,0.08585327341117585,0
1243,3.6153846153846105,0.03880528616650201,0
1244,-0.1517857142857142,0.04516488951475,0
1245,5.200000000000006,0.05182985760074601,0
1246,0.0,0.0,0
1247,3.776119402985077,0.3245164857578812,0
1248,-0.8738170347003151,0.043147010244206266,0
1249,3.3801652892561957,0.13383624421775547,0
1250,-0.5545390570021127,0.14980884500665467,0
1251,-0.4818181818181827,0.06366703511346603,0
1252,-0.9794117647058824,0.10864841002295839,0
1253,0.7595056218350353,0.14599475830155545,0
1254,46150.07913669049,680.2465532106562,0
1255,46519.000000000175,685.2459210503039,0
1256,1.4746268656716417,0.07014376019236146,0
1257,-0.6444839857651243,0.17718680785346289,0
1258,-0.938235294117647,0.16542905106787398,0
1259,-0.2846153846153846,0.09414915529826424,0
1260,-0.9999988461538462,0.36688066179330314,0
1263,-0.5,0.19376224779466777,0
1264,-0.9666666666666667,0.2984066323077592,0
1267,0.44433333333333347,0.20995121164229127,0
1268,0.0,0.0,0
1269,0.2686567164179121,0.030847093716071475,0
1270,0.15068493150684792,0.03464261315663455,0
1271,0.4651162790697678,0.054752337045041816,0
1274,0.3124999999999998,0.06259815356855072,0
1275,2104.263157894739,6.6591398147859415,0
1277,-0.12499999999999989,0.08838834764831836,0
1278,5.100200000000002,0.19814377259175864,0
1279,20162.8,2599.0656059725916,0
1280,4.349999999999987,0.02743828988725004,0
1283,22.21172638436478,0.0665139529497751,0
1284,20.788273615635234,0.06557977630017806,0
1285,2.8909090909090955,0.0341849245058944,0
1286,37942.03797468353,8.269695709534329,0
1287,1425.8172888015827,11.34584348652736,0
1288,1594.999999999996,12.233589980909192,0
1290,-0.49985,0.010253048327204988,0
1291,-0.5692857142857138,1.76662355859892,0
1292,-0.6666666666666666,0.4375756335523686,0
1293,12798.999999999996,227.55666891324248,0
1296,0.21818181818181825,0.08050214884532701,0
1299,-0.36538461538461353,0.03678463180763327,0
1300,-0.4399999999999967,0.03635157435963892,0
1301,954.1923076923093,1.4211934282713907,0
1302,2.2105263157894743,0.14727051082394627,0
1303,3.2166666666666632,0.09048940617612507,0
1304,0.4285714285714286,0.16995134026587863,0
1305,4.783018867924538,0.10142559752651022,0
1307,12.000000000000004,0.6273403183756305,0
1308,1424.6150839273457,24.936069415213804,0
1309,1121.8947368421077,20.26003464939566,0
1310,1023.634146341461,33.98289387125548,0
1311,3.750000000000006,0.10440204893257761,0
1314,3.810690423162587,0.278269065352632,0
1315,0.3265306122448972,0.030753981895761475,0
1316,0.8224845488257087,0.055816054470626916,0
1317,2.1910828025477707,0.43256056304718327,0
1320,3.865384615384629,0.026882796737000673,0
1321,-0.2875633089476569,0.029940110825947264,0
1322,10346.50000000006,17.120434347182986,0
1323,2957.33333333333,34.98790865374968,0
1324,0.14509122502172067,0.016851612101425283,0
1326,4.756756756756773,0.05915023655558499,0
1327,4122.711340206187,139.8577298946436,0
1329,2.95238095238096,0.03214355098834138,0
1330,2.1100000000000003,0.4798116205357945,0
1331,-0.15662650602409633,0.0802013581093538,0
1332,0.08000000000000007,0.027423558651273796,0
1333,648.9350064993497,15.168085445089645,0
1334,0.9285714285714319,0.024723318547070106,0
1335,-0.0588235294117645,0.15286113701755058,0
1336,1268.0721649484517,22.63723125269085,0
1337,776.2357723577251,20.332193411159533,0
1338,2217.0124223602497,23.454781624876535,0
1339,1223.1176470588177,23.22953859376308,0
1340,435.9999999999997,9.98184399556017,0
1341,0.8370000000000004,0.2759534802284586,0
1342,5.043956043956044,0.22246051651852297,0
1343,448.9999999999999,77.37441144274659,0
1344,5262.157894736851,71.11025058784736,0
1345,2.220446049250313e-16,0.23452154076418963,0
1346,8.94117647058833,0.3113232242450098,0
1349,199.51036682615538,3.7594621326088795,0
1350,7.679999999999989,0.08690748839331976,0
1351,4452.846153846155,20.97739100800404,0
1352,207.66282332534095,9.577102901745778,0
1353,206.30397422126626,17.891449118317286,0
1354,300.9201616978289,4.14327796490867,0
1355,18.64285714285721,0.07651779173986671,0
1357,771.0000000000038,31.220039090124914,0
1358,2.322580645161293,0.1458126939983721,0
1359,57249.00000000017,4971.926980001133,0
1360,0.5757575757575757,0.11659677155680061,0
1361,32203.666666666686,475.60375667810405,0
1364,176.81924820048002,13.27288928288954,0
1365,0.10112359550561756,0.010921825723578277,0
1366,-0.01255605381165914,0.030087648726269657,0
1367,0.0,0.0,0
1369,6302.999999999968,23.232631546718476,0
1370,0.10000000000000009,0.04690451278342238,0
1371,46.27272727272728,4.9324218067758325,0
1372,33.7454545454545,5.402738558923691,0
1373,-0.6274509803921577,0.050740692150997205,0
1374,0.09090909090909083,0.018532947004111736,0
1375,-0.07142857142857151,0.09943204361986206,0
1376,60.430000000000355,2.199518950144155,0
1377,-0.1265402843601906,0.027784333724095358,0
1379,-0.2635714285714327,0.040537376297789,0
1380,-0.9369061193462561,0.0482675415452915,0
1381,-0.9007500000000004,0.10523668346353113,0
1382,1.2361111111111045,0.01851630274096788,0
1383,0.5445906432748511,0.024583316460803913,0
1384,0.49,0.27546759613374117,0
1385,859.0000000000002,108.12689904933592,0
1386,4.272463768115935,0.028061158506649805,0
1387,0.684271619268721,0.02047226263583241,0
1389,-0.6851798561151072,0.024822107646816076,0
1390,1.1600000000000064,0.0335699240198327,0
1391,1.8807017543859699,0.02216806023853125,0
1395,9.460000000000003,0.1677132393362655,0
1396,0.010833575079775226,0.0029155506613602698,0
1397,0.4289494575284474,0.06474378261925663,0
1398,0.4554114845197148,0.024713045003209578,0
1399,4614.384615384613,174.53727659502158,0
1400,0.21212121212121215,0.10895696610709737,0
1401,971979.0000000008,20.738433801732864,2
1402,998570.4285714277,40.47116900271268,2
1403,6149.400000000002,213.50307053348365,0
1404,0.37602540354591163,0.08873523886889668,0
1405,4.217391304347828,1.3377754041901233,0
1406,0.4157184440328128,0.11505744888970905,0
1407,0.899999999999999,0.1615381924171356,0
1408,0.18962962962962893,0.09654525366716254,0
1409,20900.92926045015,256.3878715074017,0
1411,-0.07599225556631184,0.03201402400621424,0
1412,6160.599999999999,325.33970807831497,0
1413,1.160493827160482,0.37271764985679756,0
1414,4831.528180354267,395.1210081868407,0
1415,4124.412541254124,883.9806142355587,0
1417,2.8852913968547673,0.029407245002707583,0
1418,3041565.2650602255,2115.4673966819487,3
1419,-0.6428571428571432,0.1363126986465683,0
1420,6943.444444444442,2173.0871132489196,0
1424,60.53846153846149,0.2946534246200488,0
1425,0.1717777777777807,0.032313442212246364,0
1426,63.16666666666676,0.8393536225653478,0
1430,4.002608695652148,0.03128810475098225,0
1431,17.40712223291627,3.939264024158056,0
1432,0.8195550672892062,0.30029269681981346,0
1433,139.3026559604694,0.5648885532933812,0
1434,-0.051000000000000156,0.0037465905121431614,0
1435,119.378331900258,4.3327077566228995,0
1436,107.09141445336627,7.982315308353533,0
1437,1.4941176470588258,0.0327855208411404,0
1438,-0.06646676661668727,0.02307032705797471,0
1439,0.03571428571428603,0.0298204294624338,0
1440,0.00395000000000012,0.003688500363659035,0
1441,1.629999999999995,0.08569181808599191,0
1442,-0.9044117647058815,0.366593128169857,0
1443,1.6162790697674594,1.8352527827912495,0
1444,0.9286694101508921,0.029437064321658615,0
1445,-0.5937050359712246,0.03172917945691516,0
1447,-0.06571428571428739,0.025667534366446563,0
1448,1.0000000000000013,0.022437059980116792,0
1449,18.999999999999996,2.592724864350675,0
1451,8.318181818181827,0.11670090817744386,0
1453,8.801762114537437,0.0317225329681925,0
1454,-0.41951219512195403,0.02705148829739026,0
1455,-0.8638830897703547,0.2054264519602809,0
1456,917.5493460166406,16.0371919859091,0
1457,-0.8763157894736843,0.03715386064338062,0
1458,0.14941176470587592,0.02853144837463561,0
1459,4.263200000000011,0.10494417010761281,0
1460,6.778981581798477,0.08915117145269721,0
1461,0.10000000000000253,0.020501843146569918,0
1462,-0.9756,0.030091074399217287,0
1463,0.23028571428572375,0.029356560909897748,0
1464,-0.9712569712569714,0.047968643122340546,0
1465,-0.5267857142857144,0.039011177496393636,0
1466,2.2467532467532476,0.07665898424445734,0
1467,54.5925925925926,1.3137886956723663,0
1468,36.03703703703707,0.4384488608715238,0
1469,7.761904761904756,0.030496801720205014,0
1470,-0.6862222222222221,0.051087420701287516,0
1471,-0.8711111111111104,0.06646268132029413,0
1472,6.000000000000014,0.03926519236096305,0
1473,-0.9920393120393121,0.42486205196414284,0
1474,-0.8036000000000001,0.05230475055962208,0
1475,1770.0227272727248,24.09752279505023,0
1476,1390.8367346938653,16.7227638410748,0
1477,857.3333333333346,46.327440574880086,0
1478,303.695304695305,9.291453250254621,0
1479,321.64957264957235,8.038407292361722,0
1481,-0.47737556561086003,0.032434699017902885,0
1482,-0.6446666666666665,0.042899287967302996,0
1483,16.68488745980707,0.3398704488476588,0
1484,0.5635933806146523,0.02346227540084013,0
1485,-0.9070588235294118,0.031045743980288185,0
1486,-0.7708737864077662,0.028855568510428302,0
1487,0.533333333333331,0.06878080916108696,0
1491,-0.9512605042016807,0.045146214148784426,0
1492,-0.5940104970669944,0.027139863654297908,0
1493,-0.4159827213822901,0.039409086158510125,0
1494,-0.8280777537796973,0.0340532814276539,0
1496,0.3333333333333328,0.04795615183002293,0
1497,-0.7942857142857134,0.9227208706675383,0
1498,-0.6109936575052852,0.03128841640865434,0
1499,-0.4641758241758207,0.02908558536897162,0
1500,-0.5370370370370365,0.15981622902836665,0
1502,0.10446428571428434,0.02391660224550272,0
1503,0.4336432797971215,0.02873142903065129,0
1504,-0.025141097998974016,0.03568351185707373,0
1505,1.5196506550218332,0.03159402077365382,0
1506,355.2322946175638,319.6978514544128,0
1507,3.540000000000018,0.03331429743760615,0
1508,-0.18378378378378435,0.030455332864300126,0
1509,-0.8741935483870961,0.029440421498784564,0
1510,125.25000000000107,0.9858797974652066,0
1511,130.37500000000043,0.9356075163160679,0
1512,-0.40379746835443164,0.02969574479785567,0
1513,-0.9312766967252014,0.04203779009546262,0
1515,-0.86041055718475,0.037288284296012525,0
1516,-0.16987951807229373,0.03292234361966308,0
1517,2.2512195121951053,0.29481668409690215,0
1518,132.4806629834242,2.0010576284000567,0
1519,-0.3575252825699007,0.023776599033867675,0
1520,0.15157894736841993,0.3011064058135962,0
1521,-0.4154696132596699,0.05148304788641112,0
1522,1.63,0.35379876297381374,0
1525,65013.084507042186,45.4260778532468,0
1526,-0.6716417910447767,0.031215261792464106,0
1527,79713.28571428577,79.0944077584816,0
1529,-0.8337129840546693,0.03956294417892564,0
1530,2.0370370370370368,0.6030959209286656,0
1531,2.7500000000000004,1.2125955060856781,0
1532,1.987323943661952,0.02879050665368404,0
1534,-0.0317848410757986,0.0732192073270341,0
1535,1.686666666666671,0.02717601581996522,0
1536,125.9999999999998,4.517335568104174,0
1537,-0.4902749832327292,0.027298529928913937,0
1538,29.81664098613247,37.47070965426168,0
1539,-0.48703170028818876,0.025202134789342915,0
1540,0.14199890770071355,0.03094668910107226,0
1541,0.11846153846153729,0.02663583788729595,0
1542,-0.31509433962263866,0.027988156780468905,0
1543,0.049552238805967486,0.026917092637257077,0
1544,-0.660949151896685,0.0401784654174482,0
1545,-0.5562499999999979,0.026675818359817315,0
1546,-0.6717557251908399,0.03307911533978449,0
1547,-0.5622580645161308,0.034014241139952404,0
1548,-0.7031578947368435,0.03921574791601414,0
1549,-0.8474285714285713,0.15969617089520688,0
1551,-0.09166666666666723,0.026329825598926687,0
1552,-0.2973333333333301,0.023523547725610598,0
1553,-0.5455958549222828,0.0626176671755256,0
1554,1.7714285714285607,0.5409465511341676,0
1555,0.04127266659250162,0.017419301480557547,0
1556,0.2665310274669359,0.031678653853883396,0
1557,-0.3653846153846143,0.03708974842481832,0
1558,-0.5866060355518814,0.03850382467208913,0
1559,-0.08358874338255762,0.04912119425344762,0
1560,-0.2479674796747976,0.03664512521565741,0
1561,-0.12518853695324272,0.030135878417856195,0
1562,0.06866757617098806,0.03872111551443987,0
1563,-0.9236942675159238,0.031394623296572534,0
1564,-0.069551058385669,0.023739250009217644,0
1565,-0.1333333333333323,0.024682934992474488,0
1566,0.0954407294832813,0.029387948218871814,0
1567,-0.20403587443946203,0.03505413693819602,0
1568,1.1955403087478542,0.02511641671146565,0
1569,1.3840148698884613,0.02168514868310672,0
1570,1375.770538243626,88.5653374859622,0
1571,-0.20467836257309924,0.0378036994952363,0
1572,3.443965517241363,0.0801014030176179,0
1573,0.38465182378019547,0.03021802081981729,0
1574,16.9272727272727,0.5404988025180725,0
1575,2.3000000000000127,0.4810458781232569,0
1576,0.10134529147981719,0.02778824190621677,0
1577,-0.004834810636583975,0.03634531568085756,0
1578,0.17573529411764732,0.023957013266812627,0
1579,-0.019607843137254388,0.02581742112439863,0
1580,0.10743670886075929,0.028168217053151666,0
1581,1.3444444444444472,0.06083808629050032,0
1582,-0.288028802880287,0.033382021900847395,0
1583,-0.22819237147595706,0.03316401943751945,0
1584,0.9658536585365842,0.028756916406993082,0
1585,-0.9820627802690584,0.10802329007211954,0
1586,-0.5510145755930274,0.0423941285911465,0
1587,0.9791026429010456,0.026828207268614745,0
1588,-0.9978981481481481,0.20025678954718276,0
1589,-0.36538461538461275,0.026667188986277072,0
1590,-0.315454545454547,0.07137761796657632,0
1591,-0.9601706970128023,0.2844724997271473,0
1592,-0.38697318007662884,0.075393128981853,0
1593,-0.6400000000000003,0.029616471913472133,0
1594,-0.5491803278688527,0.04307815885240292,0
1595,-0.4857142857142863,0.026120399745858117,0
1596,-0.9953326713008938,0.04199958355014128,0
1597,-0.3941605839416017,0.030014218292492036,0
1599,0.5247619047618981,3.9459124212222925,0
1600,-0.13043478260869568,0.04814427665116407,0
1601,4.103092783505164,0.08261533468701387,0
1602,0.45197740112993956,0.024438550924854745,0
1604,1.0976047904191573,0.02515813258851056,0
1606,0.46296296296296235,0.11076528595125197,0
1607,-0.37368421052631606,0.08600935017463478,0
1608,-0.9986693877551021,0.589820279024379,0
1609,0.41374947279628005,0.030374616729647502,0
1610,0.07515971439308622,0.010975010020309837,0
1611,-0.783673469387755,0.052493543408984086,0
1612,1.1478040540540504,0.02706065044162427,0
1613,-0.19999999999999718,0.11114092005256897,0
1614,0.6412213740458017,0.6671452904608103,0
1616,-0.8333333333333331,0.12948874460757567,0
1619,-0.6399999999999995,0.34450310299869924,0
1620,0.1512706736587317,0.019631275671802784,0
1621,0.031968031968028665,0.021119522949215857,0
1622,-0.6536585365853687,0.03843735810493714,0
1623,-0.13714967203339323,0.025238033179007018,0
1624,0.7078880407124684,0.017111730592352364,0
1625,-0.07004830917874383,0.028931527089709832,0
1626,0.3600000000000003,0.14982511694275957,0
1629,0.33103448275862,0.01978144036236898,0
1630,0.8373121131741736,0.02249537589888933,0
1631,0.7007419620774915,0.025484358402870697,0
1632,3.2091836734693766,0.0165022183241527,0
1633,2.3466666666666542,0.023551657353584485,0
1634,1.4555555555555522,0.023767688176549208,0
1635,0.22523364485981223,0.025331041310744918,0
1636,-0.40395692461808197,0.0240922781500586,0
1639,0.3260273972602741,0.021724187794226815,0
1640,-0.4542974079126879,0.1900417062176279,0
1641,-0.7937931034482769,0.04568892364781581,0
1642,0.10023041474654315,0.019401345927142984,0
1643,2.1641961231470974,0.018450650367289895,0
1644,0.6908517350157688,0.021295611887239597,0
1645,-0.07692307692307643,0.03003382399930197,0
1646,-0.3385826771653564,0.022356666092993527,0
1647,-0.9866857142857144,1.7739643302906631,0
1648,0.07368421052631269,0.02464552848043801,0
1649,-0.04761904761904767,0.03367175148507373,0
1650,-0.3256013745704477,0.033026700963785065,0
1651,1.4672675833936437,0.01833401157587724,0
1652,0.3424999999999858,0.0298518101773279,0
1653,-0.6468599033816431,0.031663342761254876,0
1654,-0.21733333333333227,0.17651085055561513,0
1655,13.94883720930238,1.1470253280795277,0
1656,-0.1655629139072825,0.028627040260141002,0
1657,1.5365853658536581,0.1463564504900207,0
1658,0.6004123711340164,0.034826570009652995,0
1659,2.2597826086956574,0.08955618607605721,0
1660,-0.6581818181818184,0.06396124736932061,0
1661,1.4175098988121482,0.03742301409255714,0
1662,1.732452830188684,0.020952840592891122,0
1663,1.9186111111111077,0.03351840299188054,0
1664,7.628400000000003,0.026027385878422238,0
1665,0.9619496855345906,0.0296214259287192,0
1666,1.1701754385964938,0.027501639347065128,0
1667,1.1082251082251031,0.026786657763230415,0
1668,-0.9963581833761783,0.2834866256801731,0
1669,2.095238095238095,1.6942213897274248,0
1670,-0.989389534883721,0.4210959921950066,0
1671,-0.5487309644670052,0.02498693163607637,0
1672,0.7935302390998551,0.03845834814774803,0
1673,2.205035971223018,0.10045130911148144,0
1674,-0.2897435897435888,0.036855322375186864,0
1675,-0.5041880572818156,0.033720007459293926,0
1676,0.3980645161290315,0.03018976810232223,0
1677,-0.07297420564536394,0.07856457097375102,0
1678,0.16858237547892752,0.02263050406743616,0
1679,3.359058823529396,0.024944996090869708,0
1680,0.7587607922803428,0.017561022993620255,0
1681,0.48679245283018857,0.019468592529681975,0
1682,-0.19668508287292952,0.030023395207995927,0
1683,-0.5263157894736831,0.02152267645071286,0
1684,-0.6899999999999997,0.05337798662390497,0
1685,-0.6687499999999976,0.032008637760368136,0
1686,0.18844984802431353,0.1331771181168737,0
1687,-0.4923384410393057,0.033959061871361745,0
1688,0.017605633802812104,2.154695882024652,0
1689,-0.8927613941018768,0.10892028606398706,0
1690,0.006666666666666599,0.005071372080300461,0
1691,-0.31568431568431465,0.22299501870405136,0
1692,-0.7878048780487812,1.1294280749880532,0
1693,-0.9994574064026045,0.181188968003081,0
1694,0.4385382059800629,0.027114597528483064,0
1695,-0.8219178082191783,0.0319433349412673,0
1696,-0.5445794392523353,0.0336250459092927,0
1697,1.0459459459459435,0.018946689811181083,0
1698,0.36111111111111827,0.021654326234540562,0
1699,17.71074940657854,0.17034484191674967,0
1700,-0.6509945750452085,0.04188693380660341,0
1701,0.020705882352939797,0.018738474781999623,0
1702,-0.055416666666662895,0.01630328587073767,0
1703,19.967741935483936,0.8001025757789739,0
1704,1.233030303030302,0.02366702924423394,0
1705,0.9992307692307689,0.02550390802405621,0
1706,-0.020988490182806352,0.04050598045724624,0
1707,-0.5897058823529417,0.04760498391086552,0
1708,-0.28808040770102217,0.031965029986049255,0
1709,-0.15588079703756208,0.026752058455119233,0
1710,-0.5153762268266094,0.04412278555579054,0
1711,0.5894845360824748,0.03402256394890287,0
1712,0.2355086372360804,0.028053890760157685,0
1713,1.0117647058823396,0.024606963434206226,0
1714,0.5600220264317184,0.3229419118111424,0
1715,-0.0944281524926689,0.0307520553230137,0
1716,-0.6462492731149427,0.040372769155789724,0
1717,-0.9054929951426745,0.04322483859802232,0
1718,0.831084387890652,0.3944281835559243,0
1719,-0.6633581013640906,0.040313378908001275,0
1720,-0.14712153518123616,0.38954880126987634,0
1721,1.86796956586603,0.17761438765406626,0
1722,-0.10240770465489557,0.13177319112401217,0
1723,-0.44753363228699594,0.048155392420856834,0
1724,0.7792805755395649,0.03302776602445695,0
1725,5.163317384370012,0.051952406268099174,0
1726,0.3944572748267907,0.030246669102262484,0
1727,2.1938461538461747,0.1777399048163019,0
1728,0.5753846153846152,0.21487126016250424,0
1729,0.6922043010752705,0.04037557897008893,0
1730,-0.8928571428571426,0.2514326150441362,0
1731,-0.8979381443298968,0.2679448475532588,0
1732,-0.4352823588205903,0.05557435473758933,0
1733,17.774563318777297,0.033856586954109084,0
1734,7.653787555609718,0.04143395130239778,0
1735,-0.48759493670886045,0.029105574866338083,0
1736,2.028235294117639,0.03214283742452518,0
1737,-0.5227344992050881,0.02292152467152466,0
1738,1.1571428571428566,0.03567617405929716,0
1739,-0.7018229166666672,0.031597835076920884,0
1740,-0.7461979063796174,0.03472799819494103,0
1741,-0.13513014583717853,0.030437750835506566,0
1742,1.0460301997077415,0.027641577179532396,0
1743,4.367535466842621,0.03480536337773831,0
1744,-0.6996800465386854,0.04160913951594392,0
1745,-0.3901973265436015,0.030687524830029587,0
1746,2.3140096618357524,0.03551920794741319,0
1747,2.2534464475079576,0.05698722780336783,0
1748,10.069819160765453,0.03402407859631796,0
1749,7.428860418071469,0.12811921360570852,0
1750,6.882030929245927,0.03774653257915087,0
1751,5.009478672985764,0.020084775845233365,0
1752,-0.7696827262044659,0.26853033601093407,0
1753,-0.3952671755725219,0.021672451674676543,0
1754,0.20469798657717986,0.06642676519370679,0
1755,-0.07407407407407651,0.03772884318273809,0
1756,-0.035049627791566396,0.030747444414170516,0
1757,2.906249999999998,0.06347790214110413,0
1758,-0.5748828491096531,0.03570818077916016,0
1759,0.6607553366174088,0.059099346688864685,0
1760,-0.6107281785299942,0.08137002975730473,0
1761,0.4507197011317434,0.02860986055813662,0
1762,-0.454688455824522,0.051534937268286445,0
1767,-0.6156583629893215,0.030568074672416727,0
1768,-0.4678362573099426,0.019660813059257414,0
1769,2.188542650299022,0.05142538839432145,0
1770,0.16875000000001084,0.029179209729268508,0
1772,0.03263973888208893,0.020803965202306953,0
1773,4.5606116433308825,0.025915033816858248,0
1774,1.4841915085817505,0.02436404942488484,0
1775,1.5453692848769016,0.04940449602864665,0
1776,-0.29961089494163573,0.041521132434575024,0
1777,0.44400000000000994,0.017727711702494008,0
1778,0.21626506024095882,0.01974453244403156,0
1779,3.0356521739130438,0.025539512871200442,0
1780,-0.9739299610894941,0.04743394742910227,0
1781,-0.5390243902439027,0.05874956369052134,0
1782,5.932791144244894,0.04333876259958741,0
1783,1.8909845046173133,0.024154290638488413,0
1784,2.492873292047584,0.030508891297343625,0
1785,0.5383966244725682,0.019172412662026486,0
1786,-0.5938375350140057,0.3326561342821161,0
1788,2.3915789473684304,0.6235721111323725,0
1789,-0.45965642894325476,0.03517134830325159,0
1790,-0.7069531249999974,0.030085823268602152,0
1791,-0.137951105937139,0.03200426848162046,0
1792,0.010344827586206362,0.017231567380518023,0
1793,0.4774193548387091,0.033133500746542206,0
1794,-0.414457831325303,0.03450217170285101,0
1795,-0.5458106267029976,0.026592937464503516,0
1796,1.0897747783096605,0.13654403942044926,0
1797,-0.18998701145353902,0.03706277041747919,0
1798,9.105263157894772,0.2788964662220453,0
1799,4.428160919540222,0.037015028868797165,0
1800,2.3361897170187387,0.05635666814695901,0
1801,-0.016936104695920773,0.018645272834184833,0
1802,4.49523809523808,0.07890265414432016,0
1803,0.03471971066907398,0.02400437881590647,0
1804,-0.1256830601092892,0.04877668803074935,0
1805,0.596695329624009,0.039884860434189595,0
1806,-0.3855177993527492,0.05027120807200968,0
1807,10.383076923076938,0.05617232099634867,0
1808,1.6660590178876595,0.08673051241042215,0
1809,-0.4196969696969707,0.03199317665143855,0
1810,5.183823529411784,0.4011852031004872,0
1811,9.714285714285744,0.03467621176930752,0
1812,0.38848920863309355,0.019907670841782323,0
1813,-0.25,0.09710082856145173,0
1814,3.2999999999999954,0.11201459538439397,0
1815,0.4027615258600552,0.03892153974585109,0
1816,2.876361306854581,0.02717494880489028,0
1817,4.635514018691575,0.02462352856554267,0
1818,1.2170681348933323,0.024338955662616426,0
1819,0.8652037617554844,0.033672340357944794,0
1820,-0.5259100642398283,0.07251194797169998,0
1821,0.5378432914942353,0.03917236121798639,0
1822,-0.5972273567467663,0.0369773408911096,0
1823,4.145248762084407,0.030475555471569188,0
1824,1.0068441064638787,0.030751103196175335,0
1825,34.51020408163247,0.04114909100016281,0
1826,0.9759496987162697,0.04055449836447529,0
1827,0.8080161670596142,0.03725232066654728,0
1828,3.739649249683586,0.034027341039789986,0
1829,0.8771791093059174,0.04168603444431102,0
1830,-0.042490118577075076,0.03720622785071652,0
1831,1.616632860040566,0.03841658646932354,0
1832,0.17226197028068269,0.04258177436550169,0
1833,0.5287049399198944,0.03349813429788621,0
1834,-0.8335370751982114,0.03569423759393402,0
1835,7.344827586206884,0.06627001380370405,0
1836,26.315789473684198,0.0394400968590038,0
1837,8.334166666666668,3.129499537283352,0
1838,-0.6169014084507041,0.050393184935175264,0
1839,0.22816901408450718,0.01977336018508315,0
1840,0.12140575079872673,0.025824371662381683,0
1841,0.12580645161290316,0.029872544746524426,0
1842,0.05759779338013904,0.039049263972183286,0
1843,0.20218579234973055,0.025636257131538703,0
1844,0.04647140864714028,0.02638081483541282,0
1845,-0.5419157088122598,0.047048386593961766,0
1846,0.8294153471376333,0.043853345608620815,0
1847,2.8434864104967312,0.03378826369022122,0
1848,-0.06298076923077034,0.050166621966373545,0
1849,-0.04406779661016769,0.029373445585051252,0
1850,-0.008262817322048921,0.03343890170623293,0
1851,0.14166300043994684,0.045494498902634385,0
1852,0.4669315260574889,0.03077584272560644,0
1853,2.291844620703681,0.032756144125098745,0
1854,1.1570741584408997,0.04893272090233282,0
1855,0.09199076540578921,0.06379302932435693,0
1856,-0.5916749256689788,0.04561973691389949,0
1857,1.323529411764703,0.8325147585140729,0
1858,1.8520069172658582,0.03235747146664869,0
1859,1.0797674071865218,0.05784020258383076,0
1860,0.5269444049481002,0.038992901066752204,0
1861,0.9813409079778597,0.042625944211901676,0
1862,-0.5673868312757202,0.033555422616890804,0
1863,0.0321111111111112,0.01046530673418795,0
1864,1.3975887107822995,0.02846885319633222,0
1865,0.7565217391304353,1.7999907849486536,0
1866,0.37391304347826093,0.9881200875756841,0
1867,2.8586956521739117,0.06492021180176327,0
1868,0.45652173913043614,0.057000135893179614,0
1869,-0.07226890756302529,0.017070998407105,0
1870,4.821262640065579,0.04884309993456682,0
1871,-0.962640099626401,0.11033077531084806,0
1872,-0.4784533648170015,0.08274845126934742,0
1873,0.9433870180575894,0.11620123670975994,0
1874,0.27182718271827233,0.03928090458027024,0
1875,0.6314706890641046,0.0634950272383951,0
1876,0.9856990899420897,0.046360105203754755,0
1877,5.547008547008557,8.30975665302715,0
1878,-0.3136181087988319,0.2124976592192702,0
1879,1.9492753623188297,0.03177877609289973,0
1880,2.9993437243642256,0.0842160917207888,0
1881,0.7978723404255381,0.03650128307975778,0
1882,1.216643220430691,0.03351403620507602,0
1883,1.1670521817540296,0.030210477534556118,0
1884,0.538317757009346,0.03174089825845023,0
1885,0.4874165382639941,0.04055337439394066,0
1886,-0.3489237577952128,0.04704759663852653,0
1887,-0.2026041666666687,0.027260519187902375,0
1888,2.680981595092019,0.03096202371622298,0
1889,0.6161431701972238,0.029283663487481276,0
1890,1.6835443037974698,0.0960022289357002,0
1891,-0.4081841432225052,0.07102886820607404,0
1892,0.5756302521008374,0.06471461994791601,0
1893,1.61643835616439,0.030370763793908656,0
1894,0.11062801932367305,0.026599538357735823,0
1895,5.300000000000008,0.5902602415451494,0
1896,0.645714285714295,0.0392592804983999,0
1897,1.9149866407578364,0.06636617893531381,0
1898,-0.2590757908145206,0.05902860005346769,0
1899,1.1590389016018334,0.026083333224172757,0
1900,0.18647540983606414,0.061395310231390325,0
1901,17.550000000000026,0.36100285637240553,0
1902,4.358874878758484,0.07191293096096629,0
1903,-0.03499999999999914,0.03533643426817503,0
1904,0.7741071428571371,0.040507921141628364,0
1905,-0.10083333333333311,0.04628688487757072,0
1906,-0.25897435897435717,0.033349217987234864,0
1907,0.97751902236569,0.1047123098740848,0
1908,0.12249999999999917,0.01923241383668184,0
1909,0.6574999999999867,0.024618099926389532,0
1910,10.140000000000004,0.03559118484530505,0
1911,4.312499999999991,0.08514760860025679,0
1912,0.26778523489932216,0.020253998276198525,0
1913,-0.6186285295196179,0.022802179798366188,0
1914,-0.8210993513144413,0.042711167038659056,0
1915,1.0690909090909075,0.0202158754367352,0
1916,-0.43243243243243257,0.07398404348237173,0
1917,1.1912738079157097,0.07469632597459051,0
1918,16.257039055404178,0.960324501712884,0
1919,1.2895622895622902,0.4550047163672118,0
1920,-0.678362573099415,0.0808166819520466,0
1921,-0.8828571428571429,0.12166221237202657,0
1922,-0.41216216216216184,0.27178470924845133,0
1923,0.07230255839822086,0.02050692374622843,0
1924,-0.7538461538461539,0.03825141455193259,0
1925,2.0282101167315254,0.028972562828364728,0
1926,-0.671626984126982,0.0307264561000317,0
1927,-0.43909348441926255,0.03078765975242529,0
1928,-0.4549767047861071,0.04290655073938133,0
1929,-0.04434782608695642,0.017434177394578365,0
1930,0.2555999999999965,0.028293441117599412,0
1931,1.077102803738315,1.5245762132203267,0
1932,-0.45479345284489514,0.03522568910947055,0
1933,3.104197530864198,0.02910139106081478,0
1934,-0.4703639514731386,0.03914903681991092,0
1935,-0.13256756756757004,0.05696790687782296,0
1936,0.15271739130434647,0.056616422008528226,0
1937,0.5514285714285727,0.03207679001743009,0
1938,1.2826666666666702,0.03838608610390497,0
1939,-0.13479052823315296,0.04528128025119595,0
1940,7.641196013289036,1.1968636787984863,0
1941,1.2829268292682925,0.04172248549729172,0
1942,-0.01980874316939829,0.03587529094114148,0
1943,0.5698466780238511,0.04461004919592384,0
1944,-0.6246984598255698,0.052735963417761544,0
1945,-0.6842881504355443,0.05146885078800239,0
1946,2.3198721184586866,0.02753744728246711,0
1947,-0.8613778046663337,0.05646573432420725,0
1948,-0.8515127142238447,0.06450730992601754,0
1949,-0.6620020524302637,0.05459637493219139,0
1950,-0.6710533214491694,0.04722883073469012,0
1951,1.4751630303518213,0.03188806422990179,0
1952,0.10117603136083586,0.11170474275260907,0
1953,-0.004413512137157127,0.0458795743563824,0
1954,-0.7674330426389993,0.0497582290219782,0
1955,1.6562091503267982,0.03218848146049919,0
1956,0.6432341144184102,0.06958950133260862,0
1957,0.5980392156862742,0.04083050805835755,0
1958,0.22170172084130257,0.03596864799987486,0
1959,-0.6495609756097556,0.05144915473606148,0
1960,1.8191518255538734,0.033969895947197605,0
1961,1.5679417122040062,0.04178678170194183,0
1962,0.5832363213038414,0.09400574182292636,0
1963,0.6735119230061906,0.03646555602763316,0
1964,1.5796502744609828,0.049579941910520293,0
1965,-0.7747516717522556,0.05985000501062708,0
1966,0.4180930379082237,0.03456178611158628,0
1967,0.5919398293668598,0.028512179334760863,0
1968,-0.3912235278496975,0.07767594144566768,0
1969,0.3788191577208928,0.035555207118368584,0
1970,1.5293507092607563,0.03322771859048771,0
1971,0.07660840461137841,0.043171957568526355,0
1972,1.803786663907717,0.03861015113164332,0
1973,0.31374466114341537,0.027448057999914264,0
1974,-0.4465200361554683,0.05041816528429311,0
1975,0.5597922420544947,0.038453206104721596,0
1976,-0.34180848882509696,0.06717646194837605,0
1977,0.9311884236453201,0.04589195154469881,0
1978,1.9496306245802533,0.03422777044432555,0
1979,1.6065887063748465,0.03644174838803586,0
1980,0.5858602970241118,0.07174845333089293,0
1981,0.882683693891168,0.035320623423234894,0
1982,0.524480798236453,0.03738944836985224,0
1983,0.06249999999999378,0.02313732855594085,0
1984,1.8917197452229289,0.0614384550447378,0
1985,1.4282265018683535,0.029848020016078787,0
1986,0.5001778629087432,0.09630829879155062,0
1987,0.979394449116906,0.08338648535220036,0
1988,1.445887445887443,0.07743926074870482,0
1989,0.558580178373151,0.10681611776236091,0
1990,0.638065522620904,0.09866375609595758,0
1991,0.5252483156213117,0.1056156962463194,0
1992,-0.567770058575126,0.13593288878162327,0
1993,0.663137789904501,0.09816749763360916,0
1994,0.585185185185185,0.07321365104633482,0
1995,1.4126582278481,0.050031067856419864,0
1996,0.2681772066283401,0.05593851993237755,0
1997,0.32667208490701327,0.08710334079962388,0
1998,2.261889996660782,0.09472734578550536,0
1999,1.136752136752138,0.03336147003322226,0
2000,0.9415609381007306,0.0817672293036181,0
2001,0.26361126449475436,0.043659869908439446,0
2002,-0.11226149977813815,0.10301955136789495,0
2003,0.7201823854091673,0.09731518501436145,0
2004,0.1103284959621107,0.08759553869940447,0
2005,1.5151394817829837,0.08844521303335773,0
2006,0.7208927130949181,0.06582141168635842,0
2007,1.1018910819468863,0.048633187826244796,0
2008,1.917378673957622,0.0659773421053673,0
2009,0.44813829787234094,0.05235906226980552,0
2010,0.5507733134303603,0.07351727803627299,0
2011,1.080845199816261,0.06019801484177041,0
2012,0.3987296182306328,0.03428803442639983,0
2013,0.2835061031711952,0.06497672670176997,0
2014,-0.18724895308093348,0.053470218467237145,0
2015,0.7506234413965087,0.08771342563123409,0
2016,0.3518184037100316,0.05633352321869699,0
2017,1.9850928641251202,0.07501443540406971,0
2018,1.6919960474308282,0.06393369032532074,0
2019,0.4818689309002204,0.1378981269157031,0
2020,0.6923411662315055,0.0771103048301908,0
2021,-0.23602484472049823,0.06203028973724168,0
2022,-0.18597206053550686,0.03827627128344779,0
2023,-0.26228571428571146,0.03566727089055895,0
2024,0.1840445269016704,0.011546605109936556,0
2025,0.16142842226166776,0.009442856813547437,0
2026,0.1636491651579164,0.009372541517069784,0
2027,0.16308154077038428,0.0095731939272364,0
2028,0.16252274105518505,0.009607894756833825,0
2029,0.20346320346320468,0.009577600543813838,0
2030,0.15351506456241082,0.010224155213531278,0
2031,1.2800000000000016,0.18615934856748645,0
2032,0.11406413384454583,0.012070681052870447,0
2033,0.3333333333333328,0.05976793529240745,0
2034,0.09523809523809401,0.03829969704338364,0
2035,2.5,0.1550638789163442,0
2036,0.29629629629629606,0.09903618434694977,0
2037,0.19999999999999774,0.05696617658966235,0
2038,0.39285714285714235,0.13073668630523855,0
2039,0.16937354988399123,0.01013867339800948,0
2040,0.2271386430678468,0.011791596334480623,0
2041,0.09125953898198391,0.010161289542065435,0
2042,0.2868327402135229,0.014796127196388936,0
2043,0.15767930236696914,0.009985641335111642,0
2044,0.262748727440999,0.010430804424936838,0
2045,0.0885496183206107,0.00925166893779389,0
2046,0.16044585335923922,0.009230859085769195,0
2047,-0.019417475728155664,0.02177714614769128,0
2048,0.010200000000001097,0.009216047537013872,0
2049,0.09148900014378936,0.026598421356407005,0
2050,0.6666666666666672,0.8352722597909173,0
2051,0.4648013765242762,0.057821531247187384,0
2052,0.36540854417254387,0.04216193889309328,0
2053,-0.6816901408450704,0.04191630679204732,0
2054,2.727260897852958,0.05748198726778353,0
2055,-0.8389292196007254,0.052889372273920064,0
2056,0.5930930930930933,0.057451588075610016,0
2057,1.056862745098039,0.04419334093913192,0
2058,-0.6306463326071166,0.0537421400859659,0
2059,0.21875393329137705,0.02301463564733012,0
2060,-0.2695652173913041,0.03294645555752562,0
2061,-0.4256319811875372,0.043571472580359,0
2062,0.008131241084164742,0.029190058495585123,0
2063,0.17016317016317095,0.03468442801785799,0
2064,2.1597033965874646,0.03448838475077378,0
2065,0.2441933458882617,0.02822258214583213,0
2066,0.09344894026974937,0.010684182416768237,0
2067,1.1792583779496293,0.022047990437035064,0
2068,4.271428571428562,0.04190663617267023,0
2069,3.915662650602405,0.04942119842616192,0
2070,1.2475670307845084,0.10601566502491105,0
2071,-0.49047619047619095,0.032652670410600736,0
2072,-0.9613360842866037,0.05417556645485227,0
2073,2.5054243671571736,0.031222881124792486,0
2074,0.5173589584624902,0.03371315208889197,0
2075,0.6000237750876698,0.03867751264347869,0
2076,0.4918824045634065,0.04884514771517033,0
2077,0.07526881720430123,0.04522840883949912,0
2078,0.7176020250663708,0.0657605756919934,0
2079,0.5190392675604201,0.0291741793485138,0
2080,0.32090367011001875,0.023608188420666126,0
2081,0.34890275820414773,0.07479666654071893,0
2082,-0.6148759126450923,0.06488867195695977,0
2083,0.20571428571428418,0.04000641319961716,0
2084,0.14726287537347416,0.0507075604465456,0
2085,-0.13368760199171525,0.03537004226292221,0
2086,0.6456176961602667,0.02876570177945849,0
2087,0.44515940866585746,0.029197786598536255,0
2088,0.08927277120077304,0.030780857594836057,0
2089,-0.1252485089463219,0.033124363537933646,0
2090,0.5549447717863711,0.021223870728115667,0
2091,0.7335640138408299,0.03492642743870899,0
2092,0.125,0.09334297512457262,0
2093,0.4708922742111017,0.03548785753250648,0
2094,-0.19999999999999996,0.06532130878258753,0
2095,1.066646014957735,0.03947058286808912,0
2096,-0.32307692307692293,0.037056529914339574,0
2097,-0.7011932500176516,0.05078284063357302,0
2098,-0.5664615138677962,0.056929580408451336,0
2099,0.06693306693306722,0.18821535142659382,0
2100,0.5709999999999988,0.09624151141239194,0
2101,0.6914442236425156,0.029244765405337738,0
2102,0.8271917808219162,0.05949160872853572,0
2103,0.3351712355362275,0.04811274974286191,0
2104,1.824040767386092,0.033484262005768824,0
2105,1.7622137106229943,0.039308494843048714,0
2106,0.8041152263374485,0.04583352074581374,0
2108,-0.4167441860465113,0.0704820596775784,0
2109,-0.2557416267942578,0.0693752295020861,0
2110,0.21744277821626,0.09873522738286995,0
2111,0.2884955752212395,0.03514514460203174,0
2112,-0.22087227414330224,0.059766270064761526,0
2113,0.29443337760070687,0.0288261520031496,0
2114,0.17208163265306076,0.03539938339690654,0
2115,0.2507841907151811,0.035720545653965326,0
2116,1.178996551340525,0.04268507665354043,0
2117,-0.5272206303724924,0.08389358889573653,0
2118,1.1501053370786511,0.042078747044253524,0
2119,0.1411963434022241,0.04683316569192884,0
2120,1.2437498197756578,0.045539766773282614,0
2121,-0.13980198019802093,0.028249418048448084,0
2122,-0.5187499999999998,0.039142737054827716,0
2123,0.9268156619364749,0.039117510551767744,0
2124,0.9508670520231226,0.0370417316638626,0
2125,0.17478787878787982,0.04716375054569172,0
2126,0.21213592233009915,0.05989560549154136,0
2127,-0.5196338736724431,0.061026190361407065,0
2128,-0.7619618371847733,0.05830161999943686,0
2129,0.09016873369883394,0.04100710033322925,0
2130,0.4968457156856727,0.03409928844725143,0
2131,0.3507130325250818,0.031006553263639727,0
2132,-0.5531841454294419,0.06387925026216514,0
2133,0.783234987851442,0.03823429585142631,0
2134,-0.3805665722379602,0.15619125534051603,0
2135,-0.31217805423267564,0.10333359721328812,0
2136,0.3061622202808947,0.06176993223890922,0
2137,0.11951451474118091,0.038653486038114346,0
2138,0.18798798798798888,0.09315063942163475,0
2139,0.05934020333356416,0.05814534061754191,0
2140,0.1953603808944948,0.052124444701637684,0
2141,0.1711968861498545,0.04870919331287694,0
2142,0.5534587916384299,0.06876658771973208,0
2143,0.6658851113716286,0.03133563532434283,0
2144,0.45633363279587713,0.050231628092091946,0
2145,1.3307400290575067,0.1133730511734531,0
2146,0.4821118058381726,0.03745697052373501,0
2147,0.19845947756195637,0.046047940412165596,0
2148,0.24809966999147126,0.05246481955370991,0
2149,0.20915185077236886,0.069912396899649,0
2150,-0.06906250000000003,0.05105349559371322,0
2151,-0.7767626008832038,0.06984248809252841,0
2152,0.4857558139534883,0.032551965057185855,0
2153,0.6523163841807913,0.0769476362122253,0
2154,0.8631102164066475,0.04522230279612968,0
2155,-0.01464968152866275,0.04778842864136769,0
2156,-0.41342756183745544,0.20965314534032792,0
2157,0.6209873725848152,0.042802274157331836,0
2158,-0.07289146911788402,0.0888552522555529,0
2159,0.03131313131313096,0.052056965427241995,0
2160,0.18284812183683918,0.0353686317780888,0
2161,0.5579986092254707,0.1406324790113855,0
2162,0.5448582310622063,0.0655993365728925,0
2163,-0.5562162162162155,0.04861280797423056,0
2164,0.3266507177033502,0.04726333513742737,0
2165,0.44203182566434274,0.06369115966722166,0
2166,2.208706786171578,0.05239717472619259,0
2167,-0.39850746268656734,0.03539851367027828,0
2168,1.567124039517008,0.04750389347404999,0
2169,0.6966449207828518,0.039269220696712126,0
2170,0.48362749209011513,0.03526302867207391,0
2171,0.2974910394265229,0.04727019407197935,0
2172,0.9364552873914389,0.034971873174875136,0
2173,0.24982007535667416,0.06634322058828387,0
2174,0.0999383096853792,0.06906310399152765,0
2175,0.028467884221067274,0.088006636018616,0
2176,1.0845349340924555,0.05033843123104975,0
2177,1.3553208773355,0.04959927347985631,0
2178,0.33446712018140556,0.10431926099054674,0
2179,-0.014932386571294365,0.04826599023285792,0
2180,0.22929557353641017,0.08047923973293787,0
2181,-0.02161974680617451,0.10591004933657404,0
2182,0.9519024872343933,0.028135162712460495,0
2183,0.11192681932063064,0.09149116036949233,0
2184,0.7704975937127463,0.035494013578692814,0
2185,0.23312629399585938,0.055003331824985166,0
2186,0.14902482269503547,0.03220670429400768,0
2187,0.6326219512195101,0.06125734020198153,0
2188,0.8768866099071213,0.09470740389173046,0
2189,0.26687074829931956,0.06768164687938798,0
2190,0.15938697318007722,0.07703253139972802,0
2191,0.24250936329588058,0.051806320287551416,0
2192,1.0446325366344738,0.04152959656537114,0
2193,0.8342391304347827,0.23474000373522635,0
2194,0.6074117647058839,0.02755170911192269,0
2195,0.5434739941118751,0.0383678755208482,0
2196,0.3759977724150776,0.02852025262654714,0
2197,0.4316647919010128,0.039747368206302605,0
2198,0.21655089096949598,0.06977322763510732,0
2199,0.4075387123064391,0.041538573879905845,0
2200,0.2400990099009901,0.08255520043728189,0
2201,0.6944515306122472,0.02854946444721046,0
2202,0.431571359923113,0.05695281451567273,0
2203,0.1364246710231849,0.06701572210065485,0
2204,1.109595988054319,0.08620395011675229,0
2205,0.2938726437373844,0.07650321283867081,0
2206,1.8694191343963533,0.07531997282751042,0
2207,1.009643201542909,0.0855984213716249,0
2208,0.3759598066167411,0.05875370052254724,0
2209,-0.04514967084834198,0.07638326951621192,0
2210,1.0817251530302325,0.04622002834214766,0
2211,0.435685427041248,0.1773320908647354,0
2212,0.836956521739131,0.08834449110510217,0
2213,0.5235738831615102,0.06792148655918474,0
2214,0.036335623033959985,0.08979871855341087,0
2215,0.33254472867070817,0.0713714908108578,0
2216,-0.13657276107644822,0.0740834111651501,0
2217,0.3883444740086972,0.055440417120351235,0
2218,-0.04914576836927498,0.057044888764443864,0
2219,1.7327024063708252,0.16844931175977815,0
2220,0.2886435331230284,0.06383835399025502,0
2221,0.23988318731748048,0.05589053023707456,0
2222,0.5081780144541648,0.10322188355046807,0
2223,0.7230686261291628,0.05064338270622339,0
2224,0.6097900152969002,0.0635153189332133,0
2225,0.5372565882425213,0.039389175678743636,0
2226,0.6195142437180647,0.07451914917383387,0
2227,0.5019576160586658,0.13511973525169593,0
2228,1.9364019484428936,0.03467742179522681,0
2229,1.4327973828913478,0.11524031849162884,0
2230,1.1181204136090694,0.0805508739947524,0
2231,0.5880762564991309,0.1246334133192822,0
2232,1.0128971962616826,0.08162399300893854,0
2233,1.1734936182843563,0.09682978222723186,0
2234,0.2866238212505252,0.026932109693663643,0
2235,0.7155446254739231,0.07130802280509674,0
2236,1.0004690431519703,0.06357943832005647,0
2237,0.5093340895127361,0.054660865316249814,0
2238,0.48974311587507047,0.08271640474111741,0
2239,0.5157502631792052,0.1376793698105221,0
2240,0.1332171488323448,0.12547125060380854,0
2241,0.9310014374700526,0.10073411652954688,0
2242,0.4100810081008064,0.03806058076991992,0
2243,0.2484348755535195,0.06319836343248791,0
2244,0.48831060395212966,0.08053293448810206,0
2245,-0.7775110326566637,0.05931998210367647,0
2246,-0.0038177239866791224,0.04576418510399652,0
2247,0.3857505745736063,0.09701053082743828,0
2248,0.978202846975091,0.06538276900767105,0
2249,1.4392769723215957,0.10267960036886929,0
2250,0.35724078216321553,0.0447508580759188,0
2251,0.7680658436213992,0.09132015613606752,0
2252,0.39332161687170264,0.07380207505339394,0
2253,0.4601403564106623,0.03530183018116184,0
2254,0.35090562440419304,0.08347086725698773,0
2255,0.7034643500370814,0.05900048022620797,0
2256,0.5268817204301077,0.06288030561353845,0
2257,0.7907091151872916,0.08263818110270889,0
2258,0.6184408459428374,0.06769573941533588,0
2259,0.006889242183359956,0.08079682355725697,0
2260,0.620297364271233,0.06302408286138002,0
2261,0.4491646778042955,0.07100704367456213,0
2262,0.12630484508213824,0.04623860079471454,0
2263,0.24031410889801896,0.07833328299828574,0
2264,0.8638703188783055,0.0863596274724523,0
2265,0.8583622903761909,0.0313611650717507,0
2266,1.0152306196665806,0.09766285078678932,0
2267,0.5260783907092492,0.28023255739898606,0
2268,0.8642908054169622,0.046207884790249246,0
2269,1.0593692022263426,0.027635366543988276,0
2270,0.5560962422276281,0.095403097288252,0
2271,0.040315759797012074,0.043732069560987956,0
2272,0.5607381410619265,0.06019994132301933,0
2273,-0.11851981148542468,0.059596617360637934,0
2274,1.0652197213290462,0.07472247231337859,0
2275,0.27168858242463223,0.058843583458145526,0
2276,1.41789281495006,0.03503332664469042,0
2277,0.3952513966480449,0.06436702429838768,0
2278,0.8973774230330671,0.11146273552315557,0
2279,-0.07926801019226326,0.08429397146755188,0
2280,0.39234350031265186,0.060519220605010096,0
2281,0.44063763978110826,0.07417836513114966,0
2282,0.9754366406540314,0.06677531280974741,0
2283,0.6118167146165172,0.1602829135568283,0
2284,0.6442546841319845,0.07769007201738093,0
2285,0.4205842391304344,0.02904960368042185,0
2287,0.734196999166435,0.30128379652346593,0
2288,0.3106977905380093,0.09126638458099234,0
2289,0.6780869808418408,0.039087837746228385,0
2290,0.5537442689760566,0.08656898869744863,0
2291,0.43966265657943526,0.0706762045776418,0
2292,1.1313654489618172,0.07655515242097137,0
2293,1.3798022598870059,0.059688818195243944,0
2294,0.11695552054296465,0.06036108549457843,0
2295,0.6678623364032952,0.16039470075629392,0
2296,0.581112693246542,0.06421025227671391,0
2297,2.3355728978241794,0.06541471460860793,0
2298,0.38137429882712914,0.07855380928222215,0
2299,0.21746933891714004,0.0546077056438355,0
2300,0.36078143480566105,0.12777853808522607,0
2301,0.671417711896616,0.08883651638405189,0
2302,0.8019892325942146,0.1337448362159083,0
2303,0.28471660663089104,0.05422758373186139,0
2304,0.7278164475380251,0.10476659844462041,0
2305,2.230201283290851,0.078168151838494,0
2306,1.670358019253761,0.05096480803211375,0
2307,1.0796045342197234,0.10645053135042663,0
2308,0.5938572944628251,0.26913943618977154,0
2309,1.0597510077408772,0.03958265888302748,0
2310,1.0653966902570096,0.17645284454156485,0
2311,0.8529411764705863,0.059694052761441074,0
2312,-0.12732646377506274,0.0475864789837684,0
2313,0.2871174052078571,0.052014764626494916,0
2314,0.9268325487558828,0.10752096736722518,0
2315,0.6406096361848579,0.07344969889109462,0
2316,-0.3456052509782479,0.08848081183880649,0
2317,2.1497058182610624,0.08249203537575775,0
2318,0.44408182295005627,0.10944692264024165,0
2319,0.3851634060839084,0.06977518288977491,0
2320,8.455036306088244,0.3129555963024739,0
2321,0.6414585531715329,0.10380757172120633,0
2322,0.10099464422341153,0.05209522706947066,0
2323,3.895986639528209,0.054849441539825204,0
2324,0.45596165368484143,0.15871911950076925,0
2325,-0.1735840740468667,0.05369002423893537,0
2326,1.3924646781789631,0.1206035344781691,0
2327,0.734256511704583,0.07316786703626571,0
2328,1.6135283100417803,0.1728146916529825,0
2329,-0.16682180163408833,0.12032331379384108,0
2330,0.3984445109183381,0.04671811557223356,0
2331,0.9655762763680842,0.08217987954048964,0
2332,0.8692307692307699,0.12392592480873342,0
2333,0.5046752120874352,0.11175376536303316,0
2334,0.746972429786138,0.08513070575676712,0
2335,0.3681788827897976,0.0872664211452783,0
2336,3.924528301886795,0.058047313349155,0
2337,1.5419970061540158,0.14084414561390957,0
2338,2.8831607859708424,0.08778349911497803,0
2339,2.545140732873076,0.08439687549787002,0
2340,1.1435910608785007,0.09284641960438625,0
2341,1.132118451025057,0.08361858851649107,0
2342,1.0582143290586221,0.0428076364241904,0
2343,1.4169640034325437,0.10710512091759351,0
2344,2.3537518174347296,0.09849312312330649,0
2345,1.2853735091023228,0.08570592930201267,0
2346,0.7693532050354499,0.10219949331074188,0
2347,0.23392612859097128,0.06241512983156601,0
2348,2.3302331349206353,0.1419340177965938,0
2349,1.478943910160683,0.12736668673750806,0
2350,1.650382577987049,0.21168515086631656,0
2351,1.195441801573665,0.11697750271317024,0
2352,1.6975609756097563,0.06305737741420284,0
2353,1.1710710617237856,0.07591954775848953,0
2354,-0.7297297297297296,0.08060550910826131,0
2355,1.1661425876164873,0.07730874844051486,0
2356,2.238341968911919,0.0660279917022432,0
2357,1.3751385706895287,0.11398498610329376,0
2358,1.7547809369624603,0.07058807125602706,0
2359,0.4127408993576023,0.11198165986905945,0
2360,0.5376695465329691,0.09931178689461893,0
2361,1.4848150193263394,0.19374084554272847,0
2362,0.8116273746852807,0.043151057550560826,0
2363,0.6923076923076923,0.12188946664656648,0
2364,0.9917088059769477,0.10208165891563367,0
2365,1.8001826206056912,0.1107905378973372,0
2366,1.7898973954222552,0.15822107751980455,0
2367,1.2362670845303398,0.1100430117597292,0
2368,0.7867681420655583,0.041831271229244044,0
2369,0.5130247749541941,0.03740929279799356,0
2370,0.7012372634643396,0.02609942698096138,0
2371,0.7361366816407684,0.06990038690346882,0
2372,0.41310036635935465,0.07367570379689484,0
2373,0.7521486349848328,0.03777052660868675,0
2374,1.1976606932074243,0.05217887833348608,0
2375,0.35243260659435127,0.10181525309379272,0
2376,1.4569922308546066,0.07237968214196995,0
2377,0.7761239368165225,0.03480280770020241,0
2378,0.7849787175614451,0.03946306876440854,0
2379,0.3558521318058334,0.06567033546714429,0
2380,0.9051167793484931,0.06882423159495714,0
2381,0.21916895044811513,0.06450390715807179,0
2382,1.0758731641496713,0.10805452663635703,0
2383,2.2613801452784474,0.049809006356992834,0
2384,0.4375795441397663,0.09219595364811678,0
2385,1.0431034482758612,0.04240391315274182,0
2386,0.22855181880576603,0.033094721845586726,0
2387,0.7118345281466687,0.06489568581562176,0
2388,1.6275386909352663,0.17986225004613302,0
2389,1.4975252177181888,0.05563963297256507,0
2390,0.9485066941297629,0.044483658516913355,0
2391,0.8488745980707397,0.09481380307887254,0
2392,0.06375394643039001,0.03136115207685577,0
2393,1.0302463083459608,0.2119901380921901,0
2394,0.3692035398230087,0.03992144019115008,0
2395,0.30310559006211335,0.027881661241633108,0
2396,0.034883720930232176,0.04085605733532742,0
2397,1.065393430099311,0.038742218268981374,0
2398,-0.7889518413597737,0.057525912203879245,0
2399,0.5987565445026186,0.047754585981366976,0
2400,0.5082922824302138,0.039031506704122525,0
2401,0.2871483996120272,0.02560790245430135,0
2402,0.04730468750000005,0.06229324621275532,0
2403,0.46311475409836067,0.055674510712457055,0
2404,0.6880402010050242,0.05358642624179164,0
2405,0.5968248772504094,0.05367180900920381,0
2406,0.6887329931972792,0.04591508048074379,0
2407,-0.30261780104711855,0.020238148305068208,0
2408,0.3376346563742154,0.039614952570662866,0
2409,0.23065026879740658,0.025817437450405246,0
2410,0.07422761048103332,0.03482328633645227,0
2411,0.5423116615067087,0.05149040572095227,0
2412,-0.03843509102095499,0.029725442128876945,0
2413,0.6032454361054764,0.04445083705277612,0
2414,-0.08698395529114777,0.10084061045999029,0
2415,-0.14253724916027932,0.046381915961243046,0
2416,0.6010361077302369,0.06025352195982598,0
2417,-0.08440015011884405,0.06630940887982638,0
2418,0.4164389321000632,0.05517175293735045,0
2419,0.38252851823393996,0.04424893684219566,0
2420,0.5423352902804957,0.03966116414724989,0
2421,-0.9233567160301377,0.0596166214344853,0
2422,0.7584864132735127,0.06249158950992853,0
2423,1.1392491467576815,0.02462324080682867,0
2424,-0.030000000000000582,0.04723251522627759,0
2425,0.02909068544543203,0.04637859270993361,0
2426,0.7171350861287402,0.026735556611630077,0
2427,0.6360871271585553,0.023888095555264763,0
2428,-0.5314505776636707,0.027450907571154346,0
2429,0.6161063330727132,0.023622598115058097,0
2430,0.48478831938420197,0.052579398449996255,0
2431,0.5846108114994268,0.06833043279104842,0
2432,-0.24888888888888827,0.024022105163773767,0
2433,0.23980582524271754,0.02069490444872167,0
2434,-0.050579557428872546,0.02822605662683427,0
2435,0.692537313432835,0.025128012240669507,0
2436,-0.5521276595744677,0.02955080737369386,0
2437,-0.4693877551020409,0.05660641737283987,0
2438,-0.11205073995771608,0.02130694010433996,0
2439,-0.36522911051212825,0.023323826862644066,0
2440,-0.3856287425149697,0.024186362782199093,0
2441,0.11914600550964294,0.042053089592368566,0
2442,-0.11387900355871938,0.030723196165357677,0
2443,0.7213114754098362,0.027274811316401158,0
2444,-0.14205816554809803,0.021514147825958316,0
2446,0.3121771217712197,0.036213818804952044,0
2447,0.528642590286426,0.0195613915790524,0
2448,0.411220043572986,0.031044276292561204,0
2449,0.29418369638446107,0.034879290680423336,0
2450,-0.21742752415861366,0.03609741719087335,0
2451,3.8063617367076823,0.052080245580346796,0
2452,-0.12736842105263113,0.04043296301251833,0
2453,-0.26437563797209984,0.04579242491683628,0
2454,-0.48484107579462077,0.0626353032225105,0
2455,0.09111704155547073,0.0355749298413574,0
2456,0.6722166499498505,0.03865155490132086,0
2457,0.91429110817444,0.04062319673556387,0
2458,-0.3809356622487504,0.03724692567161754,0
2459,-0.5152632657242373,0.058271330547999815,0
2460,0.21749723145071975,0.030472103457483427,0
2461,0.18565336582394143,0.03876888127885932,0
2462,0.35411140583554457,0.04081713463277351,0
2463,0.13656166219839116,0.058626240643904835,0
2464,-0.2559249786871258,0.03361682811045764,0
2465,-0.6254429482636428,0.03592659861064668,0
2466,0.02899734531345821,0.02108073650074254,0
2467,0.7812293456708552,0.036864592739803886,0
2468,-0.10281065088757357,0.05230475874467215,0
2469,0.4223107569721125,0.02949407060147756,0
2470,0.39749168159713366,0.025699299178489166,0
2471,0.013058239749281997,0.0159531710409292,0
2472,0.07946715663757464,0.05822546798761825,0
2473,0.11216253826885558,0.02494821221731055,0
2474,-0.18920105355575045,0.029969891373390792,0
2475,0.30885529157667424,0.03208175438917646,0
2476,-0.9891735285147911,0.09636374506657153,0
2477,-0.6024193548387098,0.037482906818261386,0
2478,0.058447937131630656,0.015449188951410377,0
2479,0.21263761122002656,0.03692359768913502,0
2480,0.3026409707351865,0.02515919060810359,0
2481,0.5663536776212832,0.045311077268483296,0
2482,0.4872211895910781,0.027709804366439817,0
2483,0.24571173980842076,0.060307760424498195,0
2484,-0.35311398354876533,0.01937993988668222,0
2485,0.6389610389610396,0.029962617699871446,0
2486,-0.23628993800667686,0.04874991430513533,0
2487,0.3497005988023927,0.02070317371188571,0
2488,-0.0010373443983396902,0.02187314230216828,0
2489,0.8936936936936941,0.06647151191509043,0
2490,0.0003930817610056092,0.050157490643290725,0
2491,-0.1292178510340538,0.042399971027762225,0
2492,0.09636963696369616,0.02947646306820746,0
2493,-0.07074735564418233,0.01550140590752879,0
2494,0.24534905139067886,0.04431699549003402,0
2495,0.49824561403508816,0.032795445110028985,0
2496,-0.1749521988527739,0.04067514613320186,0
2497,-0.1565437929074296,0.029764733368200864,0
2498,0.17581775700934554,0.04443713535703705,0
2499,0.2671140939597303,0.03815106370792214,0
2500,0.2635306019221051,0.04906867313040846,0
2501,-0.05059523809523858,0.03553658634796158,0
2502,0.05955159193198889,0.03193168843728,0
2503,-0.25273069679849347,0.050543633548031805,0
2504,0.2970165157165676,0.030019073120926942,0
2505,0.33532771280935525,0.025284582712758845,0
2506,0.38490805326569477,0.02410998861473964,0
2507,2.944710348242284,0.050897981651058855,0
2508,-0.028256880733944723,0.03690431531683204,0
2509,-0.07183239108746386,0.023497593573530744,0
2510,0.24665226781857585,0.022047468963692817,0
2511,0.26361850330416203,0.04142062648066574,0
2512,0.356022267206477,0.029713221124332067,0
2513,0.35499911205824786,0.03076711490606395,0
2514,0.1412377450980391,0.028469031301310694,0
2515,0.16213683223992525,0.021004722431023515,0
2516,0.6161318300086744,0.03841403877245505,0
2517,-0.0569288389513104,0.030731630112862833,0
2518,0.6499105901053048,0.052361259346565624,0
2519,-0.10434120335110386,0.018172424783914263,0
2520,0.03713428357089321,0.04438991991088012,0
2521,0.39880518723590175,0.03825735719624833,0
2522,0.48713384042725183,0.04041113305159992,0
2523,-0.30498096971702715,0.035980232630137575,0
2524,0.0934744268077623,0.036339399860781926,0
2525,-0.5074168797953964,0.03939211663206526,0
2526,0.07765351339945248,0.0352170999809809,0
2527,0.015675327464033106,0.020593548757997505,0
2528,0.11714770797962681,0.025368979199656926,0
2529,0.634594594594591,0.025175155231961014,0
2530,0.14638875424139597,0.04374332614961974,0
2531,0.6392638036809817,0.030035035488839748,0
2532,-0.30965517241379303,0.03825177693310338,0
2533,-0.08765176191886226,0.023009127987331096,0
2534,-0.3416666666666671,0.04355335860848027,0
2535,0.44250945685532805,0.06155394975377022,0
2536,0.12700400801603173,0.02889118497521397,0
2537,0.07910238429172534,0.04432755848323733,0
2538,-0.06272994849153801,0.03821689566960655,0
2539,0.2691781862372775,0.02567073355947498,0
2540,0.120681265206813,0.050771373509568576,0
2541,-0.06735299249694715,0.02715101969900494,0
2542,0.2341897233201582,0.04334457408336691,0
2543,0.34657236126224067,0.04009509342483791,0
2544,0.13146551724138056,0.020625616778354904,0
2545,-0.19451956012258909,0.030828621514445414,0
2546,0.20294018249408774,0.03475749096004344,0
2547,0.22469874773568566,0.06881853132126628,0
2548,0.19923696481560027,0.05130491539591447,0
2549,3.4278074866310124,0.053960528740998506,0
2550,-0.04590163934426206,0.05356482338569522,0
2551,0.5726165726165717,0.06349362973698787,0
2552,0.4472121095995403,0.028566014934780067,0
2553,0.43380416566914026,0.04411236585635559,0
2554,-0.22831858407079664,0.03969884828625286,0
2555,-0.2858606557377049,0.045005225082128966,0
2556,0.20879830305266056,0.0327432091573831,0
2557,0.3030769230769217,0.03434754952534839,0
2558,0.06641509433962334,0.0398138103511647,0
2559,0.7320574162679443,0.029385383219250282,0
2560,-0.42369942196531707,0.051180028724877896,0
2561,0.48725490196078347,0.04953860061431561,0
2562,-0.07629427792915566,0.036033820551084325,0
2563,0.12768621438609995,0.044341440413862426,0
2564,-0.042518961158354074,0.03290856748979225,0
2565,-0.9351494696239152,0.08854851471058629,0
2566,0.12475247524752464,0.03154977022196798,0
2567,-0.9068349106203997,0.10275187763733735,0
2568,0.17295774647887407,0.033390525678174354,0
2569,0.46618736383442383,0.04536215625668523,0
2570,0.1074632563466309,0.045508477794938836,0
2571,0.04433962264150937,0.053590653213332194,0
2572,0.33140972794723744,0.03173811970393886,0
2573,-0.007633587786260554,0.013979789994972342,0
2574,0.1692963752665264,0.03911008061809077,0
2575,-0.441434262948207,0.04574951989763352,0
2576,-0.146976744186047,0.024353961212124825,0
2577,0.24277799762564212,0.014260616906920766,0
2578,0.02426184481574789,0.013481511623376765,0
2579,0.11080566716007523,0.022191298971133692,0
2580,0.0737476808905384,0.01461218889555583,0
2581,-0.11246748048829325,0.016343746022407724,0
2582,0.23126817266830657,0.019922748105674952,0
2583,0.11560805577072109,0.012859499529796432,0
2584,0.08058891902363463,0.021683005234819086,0
2585,0.06241610738254888,0.01468444935085782,0
2586,-0.02200220022002164,0.08383806360229075,0
2587,0.16450048496605185,0.016537884681599765,0
2588,0.02800560112022321,0.0146137630655137,0
2589,0.05438171111880874,0.013719923416851871,0
2590,0.18125897067869623,0.01837642811811867,0
2591,-0.3586956521739124,0.04015305188635644,0
2592,-0.67913148371532,0.059669846566211146,0
2593,0.24083129584352148,0.017354436059181726,0
2594,0.023974427277569488,0.020839894123334545,0
2595,0.05432098765432247,0.015432896444434874,0
2596,0.22665148063781304,0.011580361868417691,0
2597,0.11823204419889577,0.011902854850144608,0
2598,0.15041782729805098,0.01095664311890355,0
2599,0.12460567823343616,0.012035320092654182,0
2600,0.04925258719815995,0.011414858609916768,0
2601,0.2554451995121101,0.014575118873092537,0
2602,0.2954343577900145,0.023398927352630976,0
2603,0.06708203530633527,0.01085822098563629,0
2604,0.22293138819238667,0.012571113470431952,0
2605,0.22067387687188122,0.012730875737475982,0
2606,0.17173321234119743,0.014045740585398337,0
2607,0.07340604026845665,0.020988959298804143,0
2608,0.17007788444122407,0.014904334237521454,0
2609,0.11289971720687442,0.023075144647016935,0
2610,0.12294907308757685,0.013491624006516724,0
2611,0.20875000000000088,0.013788603164605152,0
2612,-0.7898270600203456,0.06740763035421106,0
2613,0.27104922279792754,0.03531900243180007,0
2614,0.18544776119403017,0.0572629121869124,0
2615,0.22179487179487478,0.020183920260507783,0
2616,0.01861252115059231,0.03099683760985032,0
2617,0.39086956521739014,0.028783606173448648,0
2618,0.34311512415349843,0.04707615621848071,0
2619,-0.4329380764163363,0.03300751048294151,0
2620,-0.4636363636363635,0.07032107502956096,0
2621,-0.0036014405762303525,0.036682620524675844,0
2622,0.10723860589812362,0.03854097040233412,0
2623,0.16343042071197456,0.036068865615656955,0
2624,-0.3433862433862436,0.02164653561704237,0
2625,-0.48309178743961356,0.0695792616514457,0
2626,-0.15212981744421816,0.03219493363757464,0
2627,-0.13965681601525248,0.026593727556261368,0
2628,0.07293127629733642,0.0309573140201273,0
2629,0.5075987841945273,0.025731436352643824,0
2630,-0.556818181818182,0.031777113872965154,0
2631,-0.686923076923077,0.03918502407807812,0
2632,0.053097345132742335,0.021937154184506716,0
2633,-0.003194888178916111,0.03181036738593833,0
2634,0.1088785046728975,0.0341179388135589,0
2635,-0.2318952234206476,0.02553275678146181,0
2636,-0.35462184873949554,0.03832992507640312,0
2637,-0.6035874439461884,0.04108823607709042,0
2638,0.01714285714285757,0.02813919869269912,0
2639,0.1295454545454533,0.020878036505398,0
2640,-0.05335570469798667,0.02006944818252593,0
2641,-0.1899999999999996,0.02202384229193207,0
2642,-0.7499999999999999,0.07450099024553883,0
2643,-0.0975147430497052,0.030025581710934127,0
2644,-0.07266407119021101,0.028324184718008436,0
2645,-0.11820330969267168,0.019499196492529007,0
2646,0.39530480878455276,0.021814886579938644,0
2647,-0.38178340903657637,0.04046664252767927,0
2648,0.2031539888682754,0.01535151301509465,0
2649,-0.2835777969513946,0.03535673745271646,0
2650,-0.887433155080214,0.10532515414265864,0
2651,-0.22212936653852577,0.05096759760296476,0
2652,0.22888482632541307,0.03538661737350407,0
2653,0.0919881305637984,0.038348049276630713,0
2654,0.06378986866791769,0.034881714495810845,0
2655,0.13483535528596202,0.03305464093247776,0
2656,-0.2238983050847465,0.03456834755605835,0
2657,-0.14189189189189155,0.03555090297810437,0
2658,-0.11844053298239765,0.02021672926014019,0
2659,0.17728237791932044,0.04082685760874698,0
2660,0.7636786961583233,0.04430495394368382,0
2661,0.27976190476190554,0.021673680130258857,0
2662,0.20291970802919668,0.022426780165079797,0
2663,0.01619937694704121,0.016084444839452105,0
2664,0.48359375000000115,0.02719565949691214,0
2665,0.022885572139304644,0.02475700842769706,0
2666,-0.013793103448275446,0.025098170457454768,0
2667,-0.11699111699111708,0.03236541022399618,0
2668,-0.46820349761526203,0.04587225155472294,0
2669,-0.2772727272727271,0.045384597502424094,0
2670,-0.13423180592991912,0.030066877313758268,0
2671,0.038770315253572996,0.01584886257378986,0
2672,-0.16803360672134415,0.030847485077085724,0
2673,0.016184760865611603,0.012262549217935821,0
2674,-0.8237442922374428,0.102331684748382,0
2675,0.003372681281618606,0.015339347354007141,0
2676,0.07056834988379324,0.015661071633475444,0
2677,0.06483126110124338,0.019649427722101143,0
2678,0.03032258064516169,0.019214879166003097,0
2679,0.04049602790157092,0.01502382723685032,0
2680,0.03190338860850783,0.010410897608451888,0
2681,-0.05351521511017798,0.013914772541146184,0
2682,0.0038854805725976327,0.014808919342730759,0
2683,0.0065346534653469845,0.016757429453930474,0
2684,0.003816027314721415,0.043094016396895855,0
2685,0.00872600349040109,0.018628947717255307,0
2686,0.025578562728380216,0.02318011465328474,0
2687,0.0750270270270268,0.017956102808148834,0
2688,0.0537870472008779,0.01674380746309869,0
2689,0.06756480914472363,0.015709032739084104,0
2690,-0.021872265966753734,0.015802303661497832,0
2691,0.10209258084971484,0.027338970296128876,0
2692,0.020837141290440453,0.01574920296163932,0
2693,-0.016760946993504833,0.013880968807238101,0
2694,0.04289649744195212,0.028058093914381604,0
2695,0.0749519538757204,0.02574562850395223,0
2696,0.04114490161001916,0.013223478201026932,0
2697,0.024594546426661923,0.02300169518375458,0
2698,-0.008474576271186307,0.017898785598872497,0
2699,0.0700729927007302,0.024654938338475672,0
2700,-0.060259740259740346,0.054172192775784465,0
2701,-0.2946969696969698,0.03568326579522695,0
2702,-0.22511812223746386,0.10900445130345314,0
2703,-0.7287784679089027,0.10354194574028604,0
2704,-0.7435897435897438,0.10112382684726616,0
2705,-0.17538461538461514,0.0325166150993271,0
2706,0.027482499351827894,0.028884687609546603,0
2707,0.4682779456193349,0.03724772514628246,0
2708,-0.19774205564629332,0.03137097820148777,0
2709,-0.053263707571801544,0.014407338194573096,0
2710,-0.14958677685950428,0.023689423661042347,0
2711,-0.11612903225806459,0.022541109661031237,0
2712,-0.005046257359125672,0.026104492078469186,0
2713,-0.31492248062015493,0.036010603848931316,0
2714,0.0057731958762885505,0.025789273409166473,0
2715,-0.27413127413127436,0.03817419653171022,0
2716,-0.29483568075117395,0.04041936483431516,0
2717,0.07469443186962477,0.0316985732168058,0
2718,0.0556962025316452,0.031314126433746925,0
2719,-0.006311992786294018,0.03879273539194144,0
2720,-0.23968253968253972,0.07425679786006757,0
2721,-0.06963388370423518,0.01990054438278538,0
2722,0.007017543859649145,0.021777690641594197,0
2723,-0.0019986675549631405,0.01989088358682316,0
2724,0.08163265306122414,0.03651106712562422,0
2725,0.013812154696132284,0.017237819264233276,0
2726,0.07798165137614688,0.03392621419764486,0
2727,-0.08948194662480391,0.045127033074573504,0
2728,-0.06716417910447736,0.02065389513309654,0
2729,0.2708133971291866,0.08054440027561044,0
2730,-0.014159617506436017,0.05117468009144577,0
2731,0.036406216734085506,0.020112059890470085,0
2732,-0.018237082066869248,0.013892949640718452,0
2733,0.0631801692865781,0.011752182839358352,0
2735,0.030040964952207316,0.006555977791772805,0
2736,0.022114347357065745,0.016559626727207528,0
2737,0.08164832352188367,0.027444909113764803,0
2739,-0.015735323784547228,0.012713840465006098,0
2740,-0.01810584958217276,0.04504556720376075,0
2741,0.11111111111111116,0.0384721040444465,0
2743,-0.02896725440806036,0.015268460025835928,0
2744,0.025787469712703404,0.026487990324213267,0
2746,0.06220546654099923,0.0297502310120524,0
2749,0.14591836734693864,0.054764690654808094,0
2750,-0.021565374754939026,0.010808636313354386,0
2751,0.03260390659421386,0.010616619714068859,0
2756,0.13434614238903753,0.052484140871702736,0
2757,0.025048169556840305,0.008568848985293285,0
2760,-0.02370611653999266,0.007469059359610024,0
