retorno_acumulado,volatilidade,volume_medio,negocios_medio,ativo
-0.9993396226415094,0.0759477287105318,12698706.588582678,5.511811023622047,1
13.999999999998446,209.16696298557568,666910.3047456949,6.815378454144974,2
0.1180769230770291,1.2908143826041396,12542469.179093158,1167.5647155812037,3
4.914285714285723,1.5441521330811157,218589.77577620023,30.316644872034374,4
-0.9942268041237112,0.3291022484608364,2844839.75962963,1.5555555555555556,5
-0.9997083333333332,0.0766831563262054,14201509.792613637,10.306818181818182,6
-0.9953076923076916,0.0579350997872129,1154126.8680116034,8.936708860759493,7
-0.9959666666666672,0.0364715120858544,105959500.59935376,523.2587538619979,8
3.725274725275443,38.39457808411995,1722554.2688643066,6.48377581120944,9
-0.9940923076923076,0.0436673646657428,2828392.766402582,6.982394366197183,10
0.874999999999891,35.610490086002805,5690517.917512691,7.157360406091371,11
0.8148148148149938,36.30926004022801,4128105.6081794193,4.686015831134565,12
2.525000000000441,31.6283150047394,2742289.633901705,4.557673019057171,13
-0.9993333333333334,0.0657198616095805,740040.4458447489,3.761643835616439,14
-0.999,0.5040468542213883,58255.780967741935,1.3870967741935485,15
-0.5737704918032551,47.67945381833494,394542.9614772728,3.397727272727273,16
-0.8881355932203328,0.049849173982433,923548.9730883444,6.119153674832962,17
-0.8771428571428495,0.0462766839142062,25926696.059635334,80.09808236403647,18
2.66703337000346,107.58462588871164,152735.1870277078,1.8110831234256928,19
-0.9995938459976332,0.0390606550544672,6438762.506219713,8.65772759350741,20
-0.997735849056604,0.0508176621846727,10234385.430697674,17.89488372093023,21
-0.9656124999999978,0.0414974846108237,11807395.927629912,9.32319391634981,22
-0.9584848484848462,0.0353454553587189,11663009.420970043,19.18651925820257,23
-0.9995555555555556,0.0936534742302433,3654676.7086614175,15.626546681664792,24
-0.7476190476190687,13.206872394436784,4851197.124520114,54.64296444667001,25
1.282954545454286,118.47632195693996,28531618.13661498,2835.081772966648,26
1.5318918918917128,117.79575271277533,229068241.0122112,11592.962562152676,27
-0.9728169014084525,0.0387870560015857,101572468.56191656,48.91596130592503,28
-0.9943970588235296,0.1477292772445154,121951859.19473684,3.1403508771929824,29
7.026315789474683,12.326035942243475,140938569.40049934,9160.07769129094,30
-0.9975839080459766,0.0446368126610554,188686044.6287189,169.54293758798687,31
-0.9980000000000002,0.1462150703110752,3404454.43556701,2.4381443298969074,32
-0.8827692307692447,0.1558294190217946,25258143.520202957,26.625,33
-0.1899999999999702,104.8588007985978,1294164.4144692738,4.4636871508379885,34
-0.9901666666666658,0.2175842223493485,818700.9564315353,4.068464730290456,35
-0.9990121951219512,0.2607800402286753,300312.93529411766,1.4248366013071896,36
-0.8432865731462831,0.037792332341017,16934621.83869239,164.96177206145052,37
3.3749999999993108,28.43475407478117,318272.2363565892,1.627906976744186,38
-0.9986013986013984,0.0845842163518428,3570302.8671411625,7.091340450771056,39
-0.2955639097743606,0.565489799324865,4369100.154936061,4.075021312872975,40
-0.7540569780022046,0.3028446041649565,11151985.41341469,142.52766155276615,41
35.7111111111068,6.041367594207792,5389266.4801622415,607.2421828908555,42
20.90000000000225,5.995947341634548,122319656.14316852,6021.9312463428905,43
1230.5789473682837,580.356749857284,1269264.17266793,17.903348073278586,44
-0.9544444444444408,13.136380213927028,3930083.7636598176,26.15819558164684,45
-0.9999612142857144,0.0501912915697859,67228952.51613423,159.65537270087125,46
-0.9961111111111108,0.0462913697918197,33112166.590753425,13.543949771689498,47
3.2222222222228893,765.7488970544739,6530412.13062201,21.907655502392345,48
-0.9920116279069764,0.0372364491494208,26123635.99267721,8.824253075571178,49
-0.999625468164794,0.194869448049124,125381005.72414891,2.1595744680851063,50
-0.7604166666666549,31.21967365355077,44055188.802083336,10.695075757575758,51
-0.9965723612622412,0.0375402256062915,49213376.098493405,30.75612052730697,52
-0.9974823529411764,0.0449686695025507,4825669.857882213,32.6918500892326,53
-0.8981961064475762,0.6464567878625075,12595216.840081967,31.314590163934422,54
19.066889632107028,1.0973919793858835,540255.3846153846,1.5384615384615383,55
0.6949152542374992,125.57922035197308,499314.6083409298,3.617137648131267,56
1.051633986928088,3.242648632876325,16380152.606351249,185.67909488300333,57
156.0370370370198,209.73975821615312,1180950.4287583688,6.195374315276933,58
-0.9593333333333436,1.3819917670446678,6738.893260869566,1.5,59
-0.9984262295081966,0.0614871310845941,16249226.897527471,7.898351648351649,60
-0.24174757281542,6.200473825492945,221515187.52076632,4072.223457151214,61
-0.2562264150942986,6.302192543918397,309806680.8512284,3169.705323193916,62
0.064864864864931,5.135465244895324,7806267.674288567,252.82226660009985,63
-0.9997613636363636,0.1323352585108645,1376215.1831685393,2.404494382022472,64
-0.9997818181818182,0.0787083645078638,5879846.979676007,5.51138353765324,65
-0.9644676258992754,0.0560522558936304,20743188.76150357,53.42773817239144,66
128.99999999998715,14.238479578346784,5263028.3930476,37.48291526762789,67
-0.9975829268292684,0.1706868110239139,303824.0966542751,1.8698884758364311,68
344.7999999999688,20.78428331516897,629645.6888888889,6.344,69
-0.958620689655178,0.0638359452005391,1705403.7653276955,10.161733615221989,70
42.09090909090664,12.912719743247235,2517016.8253128007,146.91369906961822,71
56.08428246014191,14.833985267247469,10177607.866707427,166.86163949275362,72
-0.9988705882352944,0.1735730970910745,2110076.423076923,1.853846153846154,73
-0.9980634920634924,0.0775953218261111,3286477.623529412,6.152941176470589,74
-0.4843750000000266,3.4385845641722987,23717365.366579544,7.134090909090909,75
-0.960833333333328,0.1234510530880351,406473.28896774194,2.0731182795698926,76
-0.0621118012423294,0.0397554074228361,1004833.4528429264,18.863636363636363,77
-0.994444444444444,0.0713507361196202,4960905.05334728,8.341004184100418,78
31.599999999997895,56.400409357069314,526747.5315789473,2.226315789473684,79
25.900000000000645,33.33446039019841,3110354.0845714286,2.8285714285714287,80
-0.999985,0.1392469442992232,3968565.479412485,3.616891064871481,81
39.83885209712557,10.765029599679568,1914746.4844036696,4.757798165137615,82
0.2582781456954832,136.87190577642323,2792123.468418988,119.54648881914476,83
-0.7458333333333618,0.8140993802957958,13768542.138221093,2232.325031766201,84
-0.5523165751302249,1.030534522070737,24201379.495168217,29.67752326413744,85
35.956521739132604,39.15367766651503,191089.3312883436,2.165644171779141,86
9.479166666666927,16.6507373482548,27463998.767166764,101.65897287939988,87
2.121739130434785,0.0556907478364517,62677043.47826087,6.826086956521739,88
-0.9971428571428572,0.0964066409819638,6342340.189585366,2.292682926829268,89
-0.5170547720563485,16.300578670680746,67986215.2721562,931.1062319221668,90
-0.9218367346938716,0.0272409215974809,94880468.6491856,10415.863976522378,91
6.891566265060984,12.890433119407396,606234.3802401102,73.75634717575281,92
-0.1000000000000433,40.96156815677187,2223246.6856947606,3.6264236902050113,93
-0.9976941176470588,0.043111629379436,20649788.221354377,28.335030549898168,94
-0.8172000000000214,0.154225544137622,385037.5186295984,31.17495085650098,95
-0.99456923076923,0.1291583563898221,229809.74481132076,3.2735849056603774,96
-0.9998189130434784,0.0431529336307281,64674415.26692205,90.8481012658228,97
-0.8825000000000116,1.2864851948785785,10761402.762376238,1426.1686642348443,98
-0.8860784313725463,1.1852120804759323,45959070.82981082,5167.47664794561,99
-0.9978813559322032,1.099920389576855,183991.7109120521,1.778501628664495,100
-0.9936052631578952,0.0478284241474432,7930562.490238612,10.017353579175705,101
-0.9919658119658123,0.2091741252630322,593749.2515395895,2.674486803519061,102
-0.9994628363733368,0.059986234074907,5664282.754382207,5.091433278418451,103
-0.99995,1.0781926086290492,829155.3958208956,1.9402985074626864,104
0.5873015873014891,51.13787649104977,227916.2658472222,2.594444444444445,105
0.7424242424240497,46.17622657882259,181224.3936039604,3.0554455445544555,106
-0.9999979104477612,0.2308609751931989,16979600.69414013,8.86624203821656,107
-0.9999985833333334,0.1400242265022996,170046781.79454082,7.1020408163265305,108
-0.9883137254901956,0.0532095719836639,3168426.757184751,13.648093841642227,109
-0.2187499999998913,3.202362719900161,244818.40539726027,2.6205479452054794,110
2.345112781954684,5.092086576153023,6687693.221223543,9.472600753841691,111
77.12499999999324,1.6526612752439445,137440.6738940153,9.566569997363564,112
200.2168622338152,190.45625770554864,1145727.8817238626,12.968874700718276,113
-0.9984166666666664,0.057135058125421,10471051.211055277,12.938023450586265,114
-0.999358823529412,0.3359980700490329,1482158.1355825244,2.174757281553398,115
-0.9991698113207548,0.1581156081629975,131056.60819571868,1.8868501529051989,116
-0.99907,0.0631892722450175,187933149.6708972,22.166301969365428,117
-0.9930232558139526,0.0850374629658924,20583210.6414375,3.603125,118
68.99000000000838,232.4253102132149,108819.5046421268,3.840490797546012,119
25.48039215686118,242.188033300062,216313.69403215832,7.57452071737786,120
-0.9954666666666664,0.2074553055562677,1078035.211610487,3.5692883895131087,121
-0.9967928571428574,0.056251536142588,5787070.15908159,18.23739237392374,122
13.391304347826866,27.18514473386381,2074732.2845528456,3.29979674796748,123
187.33333333335423,2.381929755422231,1806674.4924942127,317.2086226851852,124
-0.988325203252033,0.0445220653890661,29107238.656342182,11.570058997050149,125
-0.9975827338129494,0.0971161288560016,6421037.183387271,4.748651564185545,126
0.4600000000002164,30.65673042939195,26946413.647649232,45.316428948758585,127
-0.9819419354838718,0.0459546269799007,39358530.35556537,17.375,128
-0.9815999999999988,0.1800909198152215,2509047.078817734,2.6798029556650245,129
-0.9817857142857146,0.0594217601314979,19100485.204705883,30.6,130
0.2757847533631861,1.180488392847814,127013119.2151644,8270.857310628304,131
-0.272178477690272,1.1983732754444414,795651064.8136377,19153.051799824407,132
-0.9967441860465114,0.0381329281195658,97919378.98480392,61.72727272727273,133
0.4614541468760387,0.3438777456546211,222562.7238973799,3.0294759825327517,134
0.0300000000000042,0.0593085933870443,5439664.861856492,3.007972665148064,135
-0.5757575757576219,39.75177639179216,3829492.95491358,5.182716049382716,136
53.36046511628414,208.53884421931417,238549.5052173913,5.258695652173913,137
57.43749999999361,337.4860177590985,309011.4736842105,3.164473684210526,138
81.26804123712495,12.909662719332063,14417713.956019318,2196.598827181787,139
3.685314685314687,0.0631596935100264,29951050.46341464,16.682926829268293,140
-0.9483809523809524,0.0530917498966245,65646.66165994623,7.660618279569892,141
-0.9678333333333314,0.0635482275951923,292658.4469470828,3.4568068747173224,142
-0.958749999999999,0.0734351645106886,97095.7775106929,2.313088109495295,143
-0.9718309859154918,0.041071358496083,97416.04600923664,5.392828035859821,144
-0.9649268292682982,0.0657852605735752,264837.16759373713,4.256695508858673,145
-0.955365853658541,0.0439603816404215,284652.5757166948,2.267706576728499,146
-0.9736097560975612,0.0535860071027984,301558.0986715064,2.965880217785844,147
-0.9961427193828352,0.0762866031667244,50494332.7588015,19.31985018726592,148
-0.6818181818181869,2.94794033605131,110456416.26434012,20.616474756421614,149
-0.99790625,0.0677383490243519,5669610.541946309,7.248322147651007,150
-0.9956187499999996,0.137836941617074,7819268.853689169,3.41287284144427,151
7.733042231925616,0.1831919735361707,37778.89939148073,24.32941176470588,152
-0.9994242424242424,0.0620909010734331,8184490.806535948,39.36143790849673,153
-0.9962222222222228,0.1428652728322934,918862.07947644,1.7696335078534031,154
-0.995973214285714,0.1118874381476163,2712419.022131148,2.4344262295081966,155
3.18888888888905,3.055370326151207,124246939.85068072,6051.212560386473,156
-0.7656249999999658,44.37166186589315,6566911.780136986,2.221461187214612,157
-0.8984374999999973,31.912869209289347,136543327.58586308,58.583333333333336,158
-0.9999621621621622,0.1424199837359901,2486665.1496859505,4.168595041322314,159
-0.9879519650655018,0.0299604230816402,23273529.178064216,1180.0707126948776,160
-0.8576271186440648,14.948769685787711,128666.94168012924,6.393861066235864,161
9.416666666666718,4025.96258560437,1365527.2333419756,41.3261602281566,162
1.2456140350877316,16.691898074533622,5590755.7055570185,32.307874637872004,163
-0.992608260869566,0.0642341180274062,2119345.9799613897,6.464285714285714,164
-0.9922875816993468,0.0560000537383896,2908144.276983435,6.482999128160419,165
6.05882352941123,131.3433023491452,63013646.9106267,75.62597638510445,166
1.4805077062556895,115.55674124808468,1730043470.0794256,391.6041910902696,167
-0.9914800000000008,0.0548687242009865,1441802.0056701032,7.806701030927835,168
-0.9904347826086968,0.0488832578165695,1530792.237526761,24.344788732394367,169
-0.9998876404494382,0.0571259545067759,6779103.038918918,5.718318318318318,170
-0.99984,0.048366826332628,20560064.38008268,91.36040856031128,171
-0.9972273333333336,0.0483950287720964,7228285.877857143,73.75989010989011,172
-0.998390105263158,0.0517604366236892,28667358.64773352,35.69505494505494,173
-0.9983027522935778,0.0539355557249885,343364478.2571723,203.3260123541524,174
48.10000000000363,236.73306296421364,1185230.8907563025,3.5943977591036416,175
-0.99625,0.3132295170455842,30826780.72460317,14.534391534391537,176
-0.9993333333333332,0.1544482562990402,90504496.67291668,11.270833333333334,177
6156.232704403143,4.36598367322647,384338.0179732795,22.03529115200403,178
6002.82165605092,3.162707409203042,5142802.186159929,253.1467486818981,179
10.802575107294656,281.1591871660193,332737566.97683704,166.56549520766774,180
13.13793103448345,13.178699802409083,1150594.1627619048,6.714285714285714,181
2.503521126760453,1.4507842534253612,278087667.7406587,10390.214221556886,182
-0.1901408450704906,3.749180429103706,1100391709.4627397,193.9187214611872,183
-0.9827118644067818,0.1976237859385273,1775029.14185945,11.758620689655173,184
-0.996681818181818,0.0449652344596354,23566129.32433304,4.945074106364429,185
-0.8707272727272559,0.0399488607059102,4873776.023846154,5.87492660011744,186
-0.9986666666666664,0.3725843044900662,1058375.487364621,3.068592057761733,187
17.716959565654168,48.46625195015805,32686751.364262924,48.22016592214423,188
0.0028421052632867,172.8324830966557,14923120.858995687,24.026494146642023,189
-0.9999286301369864,0.2297959243729514,162195299.80952382,9.285714285714286,190
-0.9972857142857146,0.06622984665919,18569143.341825902,4.063694267515924,191
-0.0847169811321493,1.615359014045587,2558431.48798252,7.630007283321194,192
-0.9976969696969696,0.1352691799731747,254041.63617241377,2.6879310344827587,193
-0.9998916666666666,0.0542175100423183,2180933.012440148,5.585635359116022,194
-0.9980000000000002,0.0799908607838183,11272833.678244973,4.440585009140768,195
-0.9986136363636364,0.0603783467020076,13188983.99040884,5.392265193370166,196
-0.9962962962962963,0.087898551995396,28772237.745783783,4.354054054054054,197
-0.9584874066838766,0.0433406325234656,4547274.955223881,7.618283582089552,198
-0.9996083333333334,0.1251820080252799,148058.3347972973,1.6587837837837838,199
0.509166666666538,5.8388422246389045,757550.9963800516,3.1951848667239897,201
2.4210526315789496,0.0657337579628802,47960660.41666666,3.8125,202
3.360071301247772,0.0619408148623628,30659414.893617023,4.914893617021277,203
-0.9977777777777778,0.1336891349165584,965085.3921176472,2.623529411764706,204
-0.6839999999999575,41.22708698249888,221798.02404761905,3.437728937728938,205
-0.9818749999999988,0.0443570002552325,3949930.796106048,5.249378624689312,206
18.000000000001116,34.78836056181329,230539.20571146245,2.073122529644269,207
-0.9900000000000002,0.0629845029086014,344839.99728949857,29.19583727530748,208
-0.9998125,0.0585094665691092,42078547.67125628,8.678391959798995,209
-0.9997769516728624,0.0645006763130347,11819119.88242142,6.30267753201397,210
-0.995,0.129480177978099,772365.145,2.435897435897436,211
0.1176470588235292,0.0485507511092719,579047.8571428572,1.6428571428571428,212
-0.9921400500178632,0.2341795979377376,972007.9265315316,2.0315315315315314,213
301.5830258302253,1064.0450200812447,159090.49698675497,1.543046357615894,214
-0.9945945945945952,0.1659557169324599,126911.88124542125,2.1684981684981683,215
-0.7100000000000304,0.950610364756926,1443653.0231683168,5.378877887788779,216
-0.9995806451612904,0.1303798191017883,2692237.0312,2.52,217
-0.9885714285714272,0.1993930158556682,648239.3204983389,3.232558139534884,218
-0.8196428571428377,26.01225959706272,2554950.696236559,3.639784946236559,219
-0.9915254237288144,35.02471998494137,123241.47397058824,2.073529411764706,220
-0.9905389610389614,0.2065787588510914,1011706.8635074628,2.373134328358209,221
-0.9039423076923014,0.8535902819412109,3208616.7150271414,110.07931242460796,222
-0.9986111111111112,0.0474321973794365,1334674.9226006193,9.183350533195734,223
0.6810810810811678,77.11014381921315,6619.082380952382,1.3571428571428572,224
40.20000000000381,29.12419374708683,106146.10008045052,3.096540627514079,225
-0.9977777777777778,0.0653942087771383,10216661.473173276,6.093945720250522,226
-0.9995526315789474,0.2995385303537617,134332.6984269663,1.550561797752809,227
-0.9960396039603968,0.4560274525615605,282107.22214285715,1.4142857142857144,228
-0.9940298507462676,0.1776780330688272,424479.6670503597,2.0575539568345325,229
10.89189189189154,28.270131928284957,469280.5047923322,2.22444089456869,230
11.12500000000074,18.04592080045386,6485501.349821022,14.852912463390822,231
-0.9967651098901096,0.131907041515846,1123573.7975083056,2.146179401993356,232
-0.5867241379309951,17.870682957464997,4991368.829657709,9.544465770953297,233
-0.9338857142857188,0.0308612837890995,2674260.072455667,133.94063222821896,234
12.750000000000703,15.261415552657311,187742.135534318,37.63423110338836,235
-0.9994333333333332,0.6439052404593624,57646.10803738317,1.5981308411214954,236
-0.9891666666666656,0.1293761128206532,3210306.8593491125,1.940828402366864,237
-0.9763157894736856,0.0973869688562486,3913519.850488889,2.853333333333333,238
-0.9996296296296296,0.2526727483989073,513356.28777777776,2.763888888888889,239
-0.9616442953020176,0.0344205394432885,2946978.918153846,22.50676923076923,240
-0.999345162601626,0.0796016935168126,3914100.487203389,3.351089588377724,241
-0.3126666666666973,0.3865098351152849,63681.31337696335,7.960732984293194,242
-0.9808,0.0592718281796784,951632.3323117078,3.16331096196868,243
-0.5070370370370252,6.28395248870376,34479908.11995619,4405.655083849524,244
-0.0527272727272692,13.194238576571449,6779.620081967213,6.375,245
6.916363636363653,3.57505295213549,199406.4054397135,67.49781138081974,246
-0.9996385542168674,0.2188314611065583,441971.2862592593,2.2074074074074077,247
-0.9988505,0.0856480932787961,8812420.78209607,2.323144104803493,248
-0.9876190476190488,0.0509187480257108,1951667.1289473684,4.372319688109162,249
-0.999541463414634,0.1715931324533735,1597829.747694704,2.218068535825545,250
2.0357142857142856,0.0480777739938127,64539488.333333336,11.416666666666666,251
-0.9751898734177206,0.1151258459409755,6005725.909090909,5.169421487603306,252
-0.9773333333333322,0.6719789613861342,770256.2903389831,1.9830508474576272,253
-0.9939759036144572,0.1115934835026973,14497306.95413534,3.481203007518797,254
-0.9747386666666692,0.0626437806996347,159440.62081160847,3.644859813084112,255
0.8093750000002065,1.4310899206337035,2787108.2996063903,22.5336883537856,256
-0.5549936788874825,0.0589140402819484,4923142.486749482,5.273291925465839,257
-0.995361988999811,0.0591814348666787,1767466.4036602052,3.451539338654504,258
-0.9563749999999976,0.0662682586225453,265145.99609538785,8.165618448637316,259
-0.9935714285714295,0.1592053005522914,808689.272421875,2.953125,260
-0.988251879699248,0.0426838045704233,15920922.466886394,4.943899018232819,261
-0.9747393857652642,0.0327340002983447,1890441.4049219373,7.027021617293835,262
0.1379310344826205,306.53905511020486,919682.1029645696,542.6435285610991,263
-0.9997012903225808,0.2305566722301592,1136444.382379135,3.590330788804071,264
-0.9155172413793105,0.0867991823772194,2696071.6647877013,31.3103953147877,265
0.3333333333334534,3.428423379109155,2597570.670335329,23.26586826347305,266
-0.9929899999999996,0.2207419918603012,22879031.356525823,7.404694835680751,267
0.522857142857186,0.4192285333894539,73719.07569832403,17.30167597765363,268
68.99999999999015,256.9807011070249,46061.27004888268,12.85963687150838,269
-0.980588235294118,0.479101403466272,66003.4938,1.32,270
4.655555555555555,0.0970375260474944,20316384.615384616,10.461538461538462,271
-0.9988,0.1246851274882287,226498.3343971631,1.6595744680851063,272
-0.9979,0.1775172910349803,6802975.897894736,1.6105263157894736,273
-0.9965833333333332,0.047942750697641,36477992.53514539,9.852085967130217,274
0.5000000000000921,40.35100813775626,15712685.190467626,2.3902877697841727,275
-0.999934,0.3207341067989034,892598.3165486725,2.1238938053097347,276
-0.8968421052631679,0.3987965409517567,897698.8341213554,9.473601260835304,277
19.723684210526944,57.87527280730137,414975.47159577504,7.602340850699401,278
-0.9852910052910052,0.0385772851838033,11471250.316132572,20.708516242317824,279
-0.994615,0.1102426445268585,439397.9035335689,1.9187279151943464,280
-0.9973625766871164,0.0501026233068302,2896052.331629756,11.971039182282794,281
-0.9799999999999984,2.414439059338889,1192809.2272280245,7.707136640557006,282
16.735849056605943,41.24851551758496,599079.758586165,7.162014563106796,283
-0.8755555555555558,0.1213121000283021,469505.8687926829,2.36219512195122,284
-0.9981857142857142,0.0748099003887006,1083524.3901808786,3.231266149870801,285
28.21818181818453,36.59637517885804,1301575.897260274,3.652641878669276,286
-0.999040909090909,0.168367557386665,22496977.33333333,4.955555555555556,287
-0.9956648648648644,0.0613637187932299,8281953.708443272,3.482849604221636,288
-0.7447826086956728,0.0625065858057939,200806.500112626,11.178423236514522,289
-0.90272818168833,0.1887506090283758,71184.07839506172,1.271604938271605,290
3.289855072463112,198.1775549788453,130582.98404074703,9.37283531409168,291
-0.1308376915312018,166.6558701797774,21752306.790808197,164.19208878770633,292
-0.9948809523809516,0.0569130348293042,4946824.839122449,5.06530612244898,293
-0.999915,0.0837474066571478,394840.822632293,2.6974219810040707,294
-0.9904400000000012,0.1182142449076581,12142093.014974618,2.532994923857868,295
6.5666666666673255,27.52145076914236,2870728.3045647056,15.638588235294115,296
-0.1276923076921863,236.0723506707329,547401.539097493,163.26685236768802,297
-0.9995975017349064,0.1279820587696548,488632.8362275449,2.0239520958083834,298
-0.9961153846153852,0.121242385635233,259102.67729629632,7.810185185185185,299
-0.9080000000000046,0.2487140017621044,6978968.0171949295,3.845483359746434,300
-0.9998275862068966,0.181072641473297,8837403.549263567,2.263565891472868,301
-0.7152554744525544,2.643817994304232,877866.4887096774,1.8387096774193548,302
-0.97005,0.0362307028598544,4915059.871708728,216.05603148877051,303
2.11111111111111,0.0419078348934777,220755935.3846154,5.057692307692308,304
-0.9957746478873238,0.1293493693416546,129886.39845360826,2.020618556701031,305
26.272727272726865,13685.62993253005,75402.16666666667,1.2222222222222223,306
-0.855909090909078,2.24791675669887,899570.784500515,16.52574665293512,307
-0.9990435614294412,0.1765780781266506,133976.61390804598,1.9367816091954024,308
-0.9949494949494944,0.0394215892368795,7581812.43568202,8.158104517271923,309
-0.9998604651162792,0.3145062896387964,4169185.6016666666,2.303030303030303,310
-0.9740052631578976,0.0781290352369695,2530804.3159340657,3.223901098901099,311
8.999999999999773,1.3523963424603194,2234379.542068256,290.1361687532156,312
-0.9758823529411792,0.188977929895916,103279.05208333331,1.7135416666666667,313
-0.9988994082840236,0.0747609945773229,98477.21229621123,2.0367393800229623,314
-0.9851063829787226,0.6376817803933544,1532942.120115875,11.135573580533023,315
-0.4782608695652414,17.201708604670827,520782.20588235295,1.411764705882353,316
-0.9456928838951314,0.3695377346822428,13040.055,1.5434782608695652,317
-0.9941176470588234,0.1958702056741215,786540.282051282,1.435897435897436,318
133.3283582089404,1026.8605990505075,69710.74701149426,1.5517241379310345,319
-0.9953604651162796,0.0777848749704145,1747171.582795699,5.610752688172043,320
-0.8876923076923108,0.1191058135060554,111040.37951417004,10.203778677462887,321
-0.9132231404958728,0.0730096560547869,360160.5401306533,4.704522613065326,322
0.6666666666668126,14.335070542550442,1326802.5803549818,15.791649858814038,323
-0.9970410958904108,0.0680847758456498,81202170.82148997,3.464183381088825,324
-0.9884166666666666,0.2937222736580527,2249600.8695652173,1.826086956521739,325
-0.9957333333333338,0.0896316966936592,396178.7151736111,4.8125,326
-0.6421111111111169,0.2311911927400402,66246.02506265664,3.080200501253133,327
-0.9990619047619048,0.1737103968844246,1322422.6067521367,1.6324786324786325,328
-0.9913684210526326,0.1417392791169381,573937.3870869565,2.92608695652174,329
-0.977878484848484,0.1405797846487828,879340.4486180905,1.8190954773869348,330
-0.664761904761902,0.0598204117362582,3686284.788045326,6.736543909348442,331
-0.7399999999999776,6.430858842652566,17472154.362689078,1.2605042016806722,332
-0.9591700000000009,0.2304107972930979,1121144.5634920634,1.492063492063492,333
-0.979785714285712,0.0743185479961783,644889.7403111111,4.591111111111111,334
-0.9989538461538464,0.170213578057276,548948.001506442,10.879088206144695,335
-0.9882882882882876,0.0976816975973226,92597.19051355206,2.495007132667617,336
-0.9888,0.0774013571852641,260763.23883089767,13.130480167014614,337
-0.9928170731707322,0.0562799770004013,1128513.2692618803,5.072800808897877,338
-0.9825218476903878,0.4351958946628547,8105.41633802817,1.3380281690140845,339
-0.9988,0.2160793343579226,30384.39948630137,1.7328767123287672,340
-0.9993982905982906,0.1734818807210657,137699.0282894737,2.039473684210526,341
-0.9969999999999998,0.3378673705392195,464305.76560747664,1.8130841121495327,342
-0.997377049180328,0.1198894587833553,16374300.505916031,2.8931297709923665,343
23.70000000000103,584.1456330182707,9953.721224489796,5.465986394557823,344
-0.9785744893586612,0.5891961101635418,208225.8823529412,1.6176470588235294,345
-0.9785744893586634,0.5411464281574411,391288.00166666665,1.6875,346
-0.999840003199936,0.2002703340375015,281800.3856880734,1.4862385321100915,347
1.2434782608692196,64.50375732770225,448175.3012477396,14.009041591320072,348
-0.903908293583639,0.0746981592488028,353417.46430290164,3.112526539278132,349
2.274999999999643,57.09131024561938,560137.70036,1.808,350
-0.9921163529411764,0.0924069116461699,960298.4261802576,1.8197424892703864,351
-0.8923076923076936,111.01410726059734,208610.25,1.45,352
-0.997915217391304,0.0653687640045764,22137183.963297,4.513623978201635,353
0.462545454545396,1.5686896007704514,331953.16767704673,26.28478151682572,354
-0.905941176470599,0.0361008200579,4771374.797422785,571.8142769482512,355
9.513513513513818,19.767658740021208,6497361.763992173,6.046575342465753,356
-0.9975555555555554,0.3213573179588386,2589950.899224806,1.3410852713178294,357
-0.9879999999999995,0.0914215522958194,130094.04162679423,1.667464114832536,358
-0.990049751243782,49.96267640261416,73952.5254385965,1.4210526315789471,359
-0.6406818181818392,32.953314037759185,2279833.594536532,18.84732824427481,360
-0.9913244897959188,0.0511607473295963,3796008.2219330855,5.912639405204461,361
-0.6545454545455358,0.678627084862109,4098291.44,2.8227848101265822,362
-0.9995174825174824,0.1802868031430146,85298.8365882353,1.8058823529411765,364
-0.9472871035172252,0.0351077093326786,149839.35221257625,7.70976067573909,365
-0.97391884009666,0.0562497976807067,127144.16184814351,3.1752190237797246,366
-0.9989558823529412,0.2107386062998615,148988.29268292684,1.170731707317073,367
-0.9999742857142856,0.0571551878869193,1201673.8996246834,149.61201934146902,368
-0.9972055888223555,0.2656582127499452,119421.3481818182,1.4545454545454546,369
-0.995515695067264,0.1773306929455685,2557296.5581395347,4.406976744186046,370
6.750155989720953e-14,46.813931109565935,69913.7350241546,9.801932367149758,371
0.4200000000000821,34.82278797455429,26452.126618705035,7.705035971223022,372
-0.9866666666666662,0.1399928862347371,98620.51720394735,2.296052631578948,373
12.981249999999406,17.337731891537217,5308499.416752844,1121.6558945191314,374
5200.675977653734,6.298067098891433,46192.52032157213,7.815542652970076,375
-0.9999175789473684,0.2666442722901768,32957160.2516129,2.967741935483871,376
-0.9916666666666664,0.1692779003102688,2996939.011204819,2.072289156626506,377
-0.9995360824742268,0.1645450271743431,51300.94825,2.4,378
-0.987790919496375,0.9384254088911406,660713.3333333334,1.8888888888888888,379
-0.99915,0.0636924972107914,20804940.854356915,3.474276527331189,380
6.000000000000688,34.802840352606815,151498.0995,3.3466666666666667,381
69.41666666665915,280.6889061351432,29178.18901574803,3.806299212598425,382
1.2544776119402972,0.1466153422998525,1868511.3333333333,1.6666666666666667,383
-0.9973888888888888,0.1450158347356669,121032.67854063018,2.250414593698176,384
16.431372549020086,116.44638721465849,169415.5256756757,1.3783783783783785,385
-0.9798181818181813,22.979301381444813,530527.8125,1.4342105263157894,386
0.2409395973155812,46.9887864626981,1389376.2545033111,2.2560706401766004,387
-0.9945454545454548,0.2149550430019158,8759311.098076923,1.4711538461538465,388
67.74999999999235,14.642134610934704,55557.28127272728,18.12,389
-0.9993403693931396,0.3954761510174683,2653101.3384117647,3.876470588235294,390
-0.9949999999999998,0.1279994570366735,1016552.7421800948,2.1492890995260665,391
2.5070140280561093,0.0426034659532077,18400167.69230769,2.282051282051282,392
16.74074074074048,62.57476322964388,262726.20220052084,3.1354166666666665,393
57.00000000000094,0.8066198318785531,144396.23082954544,39.94772727272727,394
20.56756756756637,31.757904450006468,4800559.951421801,2.7535545023696684,395
-0.9944444444444444,0.3936736720608281,10708.075913043478,1.4086956521739131,396
1.0351724137928726,1.578242395531234,2990759.4806397306,19.17368125701459,397
-0.999,0.2372093997964212,101530.71711864404,1.5677966101694916,398
-0.9950333333333328,0.1006384541324165,512159.7527047913,2.6105100463678514,399
-0.9935535535535536,0.0604509829351536,6237594.889447301,6.193444730077121,400
163.4000000000102,23.77319231120541,253769.1690300624,3.575723199092456,401
0.6000000000000003,0.1338962147344147,42061000.0,1.8,402
6.56111111111106,94.85620828036792,2329177.9591836734,2.193877551020408,403
-0.9305714285714288,0.0545278089941234,232369.42445244212,5.406683804627249,404
-0.9959319999999996,0.1932143579849286,465566.7988981289,1.9812889812889811,405
-0.9963503649635036,0.3067137796488182,59133.16904761905,1.0476190476190477,406
-0.9500285714285678,0.0694825704705162,1861780.386828774,3.112462006079028,407
432.3333333333206,188.28181749367891,80763.61580796253,2.740046838407494,408
-0.9979856998978568,0.2587086959140802,62538.10562952243,19.49710564399421,409
-0.485714285714342,1.836814080688738,773653.9547347869,10.684022128213472,410
50.25714285713903,138.58124329121884,11128220.858459763,689.7422700211254,411
1.1506451612902744,4.869976468438147,314333.9754216867,1.987951807228916,412
2.733333333333333,0.0655800958028749,267151817.6470588,9.264705882352942,413
0.411764705882198,73.72695343188911,2842.7316417910447,1.507462686567164,414
-0.9954906832298136,0.0576568064371912,7686345.35929885,5.733333333333333,415
1.3887561802122104,37.27786833289736,158331.10467200002,1.936,416
-0.9959999999999996,0.10608073751744,610831.6102257336,2.826185101580136,417
0.2941176470587445,241.07264315668635,191169.6474477958,2.424593967517401,418
8.000000000000009,250.3695605403248,13226.33020408163,1.530612244897959,419
-0.9999328671328672,0.2925191509896372,2595565.0103604808,13.433911882510014,420
-0.99855421686747,0.2084782104138069,959111.1209523808,2.577380952380953,421
11.038834951457876,2.262819847435576,58827.674099071206,10.704643962848298,422
120.1200000000075,3.83086012940661,96164.53054459064,28.35014619883041,423
1.75,0.184558152145215,2701000.0,1.6666666666666667,424
-0.9979166666666665,0.0966532000309007,112580.2854285714,4.765079365079365,425
-0.9645348837209258,0.0625504325524009,2607391.556308385,7.619020821609454,426
4.259259259259259,0.0618660413891929,347712175.4285714,3.2857142857142856,427
160.91304347824348,5.123601055993564,246631.74655994977,24.02385436283741,428
1.7934782608694395,25.56608123178234,2916343.4879061813,557.8231126313218,429
-0.99959,0.1333398291566382,514037.5103114186,5.411764705882353,430
-0.0285714285714906,24.749226448894596,154662.29241863434,17.849393746011486,431
-0.991538461538462,0.106274528995984,953804.4109243698,2.147058823529412,432
-0.9957264957264962,0.1843781941947385,131207.26654761905,2.4007936507936507,433
-0.9981,0.346965133986414,7595.267,1.1,434
1.49999999999973,95.91341298471538,100803.00147692308,3.087692307692308,435
-0.9628571428571449,0.3696435838338622,2161603.7297297297,1.7297297297297298,436
-0.8751000000000008,0.4632412924398001,842577.3712156863,2.117647058823529,437
25.737142857141567,28.09416904048956,75135.11109704642,8.369198312236287,438
0.7727272727272565,54.67391185034447,65455.25893048129,2.588235294117647,439
-0.9800625,0.1859920292876625,183940.40807272727,2.0036363636363634,440
-0.9973417721518988,0.0764575628715337,2438682.3553333334,2.476595744680851,441
-0.994176706827309,0.1078770561560222,6741991.822972351,2.829493087557604,442
1.327586206896631,2.280005459298354,542840.0249523305,6.958686440677966,443
-0.9993846153846154,0.2404595735503676,79684.38607843137,3.6901960784313728,444
-0.9714444444444408,0.2192023313304923,433044.0990808823,125.2765231092437,445
-0.541395348837163,0.2859502344859208,152858.63033489286,14.007879832553558,446
3.333333333333333,1.0501812502783576,405000.0,1.25,447
-0.9945042866564082,0.2464967088742604,1828580.0640758288,2.023696682464455,448
-0.9962500000000004,0.0552047942178488,1618050.7554669888,2.859098228663446,449
-0.996288888888889,0.0935769551311538,1585540.5214005602,1.834733893557423,450
-0.9929999999999995,0.4160551218659262,598988.272413793,1.7586206896551724,451
-0.9863499999999996,0.1829222516209367,207189.3421019108,1.8343949044585988,452
-0.9993631368631368,0.1392922720280868,547001.5140462428,2.884393063583815,453
-0.9964183673469388,1.3335028420877184,4211170.0,1.0,454
185.39068046597933,26.864458578544,247130.73323699425,2.1907514450867054,455
18.99999999999779,40.96611392395528,28391.141287128718,3.0594059405940595,456
-0.9878260869565216,0.2501412154737193,6384.752777777778,1.5555555555555556,457
1.0000000000001772,55.7582662753281,180030.06121118012,1.872670807453416,458
-0.9982352941176474,1.5308147208162122,32014.5,1.1666666666666667,459
-0.9943333333333326,0.2685576553914781,5692.750987654321,1.4938271604938271,460
-0.95477076923077,0.2284937529853034,184091.1284671533,1.4306569343065694,461
1.2427983539094645,0.2435009905021597,222792.85714285716,1.2857142857142858,462
-0.993159851301116,1.372750104530005,1460992.7491066284,140.41882804995197,463
-0.9411904761904796,0.2229320227255605,688377.4340336135,1.5798319327731092,465
-0.9964999999999996,0.1450879904293559,18713.674523809525,1.6845238095238095,466
0.5459302325582969,12.48689287291826,158962766.74867445,18438.71155885472,467
-0.9613725490196108,0.1103289869025286,73628.59823627288,4.391014975041597,468
-0.9985799999999998,0.0715930978117418,14743865.630843522,3.41320293398533,469
-0.6176470588234799,13.776506473255708,6409344.731707317,2.256097560975609,470
-0.999125,0.9727379235997704,61384.29172413793,1.1724137931034482,471
-0.9769374999999996,3.070060261758358,796356.3874530612,3.9151020408163264,472
-0.9966666666666664,0.2441055233899531,113774.23311111113,1.4111111111111112,473
-0.9981818181818182,0.2222994741191785,83912.27585365853,1.6341463414634143,474
2.3522727272726787,53.57788473059303,1486818.7196531792,1.6329479768786128,475
76.36700759956567,4.877163228646468,158749.229001554,16.22843822843823,476
-0.9985000000000002,0.6267046585932524,152303.1636170213,4.297872340425532,477
-0.9984615384615384,0.1574053143723421,5202010.553703703,1.648148148148148,478
0.4000000000001489,3.6395945619739423,239434.68006993007,8.552447552447552,479
-0.99475,0.4031695488479853,1894261.183880597,2.149253731343284,480
110.53061224489672,173.69850437007662,308841.75957767724,58.72337858220211,481
-0.9977493606138108,0.2316843520964359,638821.7275675676,1.891891891891892,482
-0.99859375,0.3794585626064777,11540673.045454543,1.3636363636363635,483
-0.99875,0.2896366531354755,146867.9956115108,2.4964028776978417,484
-0.9986216216216216,0.3428208903596436,143811.71108433735,1.7951807228915662,485
19.83333333333563,180.9089635883216,1092933.776388889,1.5555555555555556,486
-0.9998241379310344,0.2389725118574681,1168091.358490566,1.2830188679245282,487
-0.9968333333333332,0.3599423887002737,2106225.3695833334,2.4166666666666665,488
-0.9936181818181818,0.7274148061029346,5330.043333333333,1.3333333333333333,489
-0.9942806394316164,0.0599128531039184,17289039.328212004,11.25925925925926,490
-0.92267857142858,0.147456276071131,40929.88486140725,1.6780383795309168,492
2.582089552238805,0.0760527197893467,227638634.6153846,2.9615384615384617,493
79.84210526314877,19.057195424055568,1513358.997181818,530.2334545454545,494
-0.9961111111111112,0.2976599060108933,421486.6692640692,2.090909090909091,495
0.0199999999999707,21.830199148352296,34537.134710743805,2.3608815426997247,497
-0.9974997499999998,0.8264266736854292,390182.415920398,2.2786069651741294,498
-0.9587666666666652,0.4470231102637919,11276.767706422015,1.724770642201835,499
-0.9961538461538466,0.7164823730795351,9111.3765,1.25,500
1.450000000000096,61.16647117238103,4608.086710963456,4.604651162790698,501
-0.0950226244343841,12.51462827392731,666102.4788530465,7.516129032258065,502
-0.9918627586206892,0.0671289234033214,134174.99508092203,5.149583128984797,503
-0.7916666666666804,0.6494096691168025,405680.0040209509,16.199435938759066,504
0.7000000000000053,1494.9914696529388,100925.41675854466,9.897464167585447,505
-0.9933333333333332,0.2372823353784152,24516136.57575757,1.4848484848484849,506
-0.9789285714285704,0.2374844223262424,1014536.6067415732,1.6179775280898876,507
-0.9986664073785976,0.449834464404089,188055.2689473684,1.4210526315789471,508
-0.9632823529411804,1.324574537239788,494263.23256410257,1.641025641025641,509
-0.9479999999999996,0.1559127869134997,61364.94967177243,2.5470459518599564,510
2.166666666666666,0.1463628329136334,245988.75,1.625,511
0.6574285714285908,2.99739555741625,55347.127271062265,2.505494505494505,512
-0.9870967741935482,0.286748043578243,11744.917592592594,2.0185185185185186,513
-0.9798994974874372,0.3858705824654779,9028.754909090909,2.690909090909091,514
-0.9992307692307691,0.8702244547879089,176498.8552631579,1.4736842105263157,515
1.1817777777776994,202.6794936808212,50619.17615384616,1.3846153846153846,516
58.52380952380626,53.8031811537331,3321432.9326923075,2.0705128205128207,517
-0.999988125,1.1389469825424623,93331646.04257144,1.4,518
3.4555555555555904,1.5775032617205804,78567.1721109652,21.39297439264609,520
-0.8771425714285851,0.2463712680355283,34704.893486842106,1.5592105263157894,521
-0.8942857142857278,0.1354740235889398,65133.60269230769,1.4733727810650887,522
-0.2274999999999977,0.0927959956637655,25120183.52285353,1.9898989898989896,523
3.2857142857142865,0.5229871320011699,1067930.0,1.9333333333333331,524
-0.9358620689655164,0.9056483545610142,60904.35034642032,1.9376443418013856,525
1.926829268292684,0.1695564186487418,749348.8210526316,1.3894736842105264,526
-0.999942857142857,0.2476708882203209,72450221.73913044,3.1739130434782608,527
-0.9983808571428572,0.1088743375837638,3002253.1022033896,1.91864406779661,528
-0.9993333333333332,0.1976410466739291,29958.40357142857,1.25,529
-0.9849999999999988,0.2318087216804002,497887.3886746988,1.2650602409638554,530
-0.9801746031746034,0.0912903249134378,7824978.506476684,2.5155440414507773,531
-0.9900000000000012,0.6032199921380748,904727.7777777778,1.0,532
-0.9945000000000002,0.0976773099979653,590517.6381294964,111.08941418293936,533
-0.996322222222222,0.2772164571362288,106604.64583333331,1.375,534
-0.9968421052631582,0.0919697818174708,51728.66604545455,7.4787878787878785,535
4.02,0.6346777444386358,4503.504444444445,1.1111111111111112,536
-0.0322222222222485,17.28220417360325,46390.16693227092,13.764940239043824,537
-0.9936049180327868,0.1782905348208888,52174.04435483871,1.5080645161290325,538
-0.9934426229508198,0.1895414459241426,61873.26689320388,1.4368932038834952,539
-0.9135555555555684,0.2116867023924853,255215.8370556553,2.960502692998205,540
2.442028985507247,0.1818519909346142,3919799.0,1.7,541
-0.9999625714285716,0.1822382722891519,4106694.714202898,2.286231884057971,542
-0.99925,0.5669625657402587,116227.12649999998,1.05,543
9.769230769230768,0.7703594836245794,4520625.0,1.5,544
38.84375000000033,17.991638264325772,84385.160894882,18.121973643885998,545
-0.998388349514563,0.1665734931203073,21634912.0,4.377777777777778,546
-0.9717284974093277,0.1909472699895688,204321.70195121955,1.646341463414634,548
-0.8891129032258183,1.05384990274216,329313.5341363102,69.18801410105758,549
-0.9973497267759562,0.1114356918827705,14121145.99009901,7.603960396039604,550
-0.9986363636363637,0.1703997555097844,155157.92492753622,1.420289855072464,551
-0.9971999999999996,0.0802203990305286,420939.91315789474,3.0921052631578947,552
-0.9980833333333328,0.1974759756733765,84709.8101604278,4.17379679144385,553
-0.992771428571428,0.7573400332921942,494121.6931818182,1.2727272727272727,554
-0.9904,0.7670547126842278,761255.8398333334,1.5,555
-0.99764375,0.3503572572527357,1432501.0161290322,1.6451612903225807,556
-0.9624999999999986,0.1734893869572867,123245.74389380532,1.5575221238938053,557
10.111111111112216,73.44395728958246,56375.220806451616,1.489247311827957,558
0.2269230769229402,7.798918268093359,2129630.3773006136,3.558282208588957,559
-0.428927680798013,0.2006387157534628,197190.39878863236,18.82486678507993,560
-0.9948333333333332,0.1938998364033771,231676.26933333333,1.4533333333333334,561
-0.9958294573643413,0.0760083255734153,45935.90405904059,2.625461254612546,562
9.53488372092906,57.9442574389248,126178.68486352358,5.121588089330025,563
-0.9901,0.2712293231597847,449014.7453416149,2.037267080745341,564
-0.9772222222222222,0.2277734037314462,8645694.720541181,2606.9128974916057,565
88.46296296296224,37.65833248594116,94557.86235294116,2.3215686274509806,566
103.16666666665542,33.856917834152284,37751.91993630573,2.232484076433121,567
-0.9624999999999984,0.1333718546199176,138280.50415584416,1.5584415584415583,568
-0.9941176470588236,0.5127343578237786,421244.2995238095,1.761904761904762,570
-0.9986250000000002,0.3510284986095482,3145934.015217391,1.6521739130434785,571
-0.9950941176470588,0.5845143237059762,14587.55,1.25,572
22.333333333333336,0.6864669016633775,901966.6666666666,1.8888888888888888,573
-0.1217443973348703,7.639780959087158,1236437.388676081,46.646072374227714,574
-0.1444444444445354,4.007983813638227,85380.56491773309,17.888848263254115,575
-0.9966459627329196,0.1809020318647175,17289239.989130434,2.5760869565217392,576
6.272727272727272,0.560267598363766,1409182.3966666667,3.466666666666667,577
2.5772357723577235,0.0775116365330934,16906470.588235293,1.6470588235294117,578
-0.99875,0.464622436707501,73932.60405405406,1.2702702702702702,579
-0.9999756127301548,0.1682994857417182,1604275.6177083335,4.697916666666667,580
-0.9937999999999996,0.3777964582884806,359207.28540178575,23.035714285714285,581
5.279452054794574,7.518550382827767,2606150.071493418,434.62482977757605,582
-0.99995,0.804487602409487,38552.958333333336,1.0,583
1.79999999999993,21.043689471660503,254982.7984848485,1.4242424242424243,584
3.363636363636364,0.3038528935839132,696775.0,1.5,585
-0.9762499999999992,0.3360473546919142,95949.21929824562,2.0350877192982457,586
-0.9866666666666668,0.8415783368404456,214139.44444444444,1.1666666666666667,587
-0.9888366627497076,0.8138788546949574,3458366.326530612,1.7448979591836735,588
1.0512820512821537,299.8888907728712,44482.33666666667,1.5,589
-0.537777777777774,3.387553384318234,89141.06279248178,7.453778289221328,590
1.5450000000002468,538.9520402595994,1347953.0605590062,441.4321946169772,591
-0.999,0.2379736131001227,399522.0,1.2580645161290325,592
-0.9972727272727272,0.7124508015519716,672.388,1.0,593
7.035714285714303,140.9799083487095,5152.926666666666,1.0,594
-0.9989343707713124,0.6971581844565503,54430.001,1.1,595
7.333333333333826,86.91882566038103,97268.81429629627,1.8592592592592592,596
-0.9937142857142856,0.5571535792035786,8646.085172413794,1.896551724137931,597
-0.996826086956522,0.1029488189511581,14392496.734361704,2.526595744680851,598
-0.8219554888721746,93.56266251000952,5930.764347826087,1.834782608695652,599
-0.9990947368421051,0.1906525242003549,3398091.1611016947,1.6101694915254237,600
-0.9996666666666668,0.4659615805753659,7999.227272727273,1.1515151515151516,603
-0.411920529801389,0.1696647773938223,55935.70604454343,9.711804008908686,604
-0.7928607142857175,0.7281329014680903,117600.96736842106,1.9298245614035088,605
213.76470588236987,144.852737872856,487244.11035234894,3.0243288590604025,607
-0.998166,0.1283251572713011,243051.02953586495,2.029535864978903,608
-0.9972384615384614,0.2716068272129696,77536.79618421053,1.605263157894737,609
-0.9951165371809098,0.4027619717391606,960478.7227777778,1.4444444444444444,611
-0.9995,0.6715396367244955,4287.1498039215685,1.4705882352941178,612
-0.9999738,0.1148593475873719,648723.4537878789,3.606060606060606,614
-0.9578026533996692,0.1001680839454354,36044.2875,1.9261363636363635,615
-0.995000006249992,0.4948771032957776,182831.2809090909,1.181818181818182,616
-0.99983125,0.6866884244368793,6827622.839534884,2.186046511627907,618
-0.9972049689440996,0.6220292179424087,15764717.666666666,1.4666666666666666,619
-0.9994736842105264,0.5543186250634802,4250.996666666667,1.3333333333333333,620
-0.7927499999999708,105.7791213774742,55607.72282608696,1.3043478260869563,621
-0.9989403973509934,0.2465661401130142,14861.16930232558,1.7906976744186047,622
-0.9966666666666668,0.3299367337662901,12177.558148148148,1.851851851851852,623
-0.9971428571428572,0.128810564421302,356352.1284916201,2.0279329608938546,624
-0.9914285714285712,0.148825036010735,372959.0131097561,35.576219512195124,625
-0.9918918918918928,0.2010055501497573,351584.1449640288,4.010791366906475,626
-0.999842105263158,0.1544328404607116,850272.5159235669,1.1528662420382163,627
11.400000000000428,125.58332113815652,15225.849261083744,2.3014778325123157,628
-0.9971867007672638,0.6224423544124595,57408.07433333334,1.7444444444444445,629
-0.998222222222222,0.8161337338971709,720320.0,1.0,630
-0.9983786413014104,2.5600287708615195,11130411.673333334,1.3333333333333333,631
-0.998599976666278,0.1936995495014349,2504996.6709815245,374.0923787528868,632
-0.9865000000000004,0.4710623430017578,10719.505376344086,1.4408602150537635,633
-0.9940298507462684,0.6367842115218115,56261.28571428572,2.142857142857143,634
-0.3333333333333305,109.88592668907027,5757.037228915663,2.180722891566265,635
-0.9993594306049822,0.5808285940279126,71591.19897959183,1.510204081632653,636
-0.9972926829268292,0.3633450702962188,163484.4915,1.275,637
-0.99625,1.0404353816756622,972420.002,1.0,638
-0.997625,0.3752151487887776,334170.55454545456,1.818181818181818,639
-0.9800000000000022,0.4839531603149367,189425.8330769231,1.564102564102564,640
-0.9992857142857144,0.5208508835932151,350666.6666666667,1.1666666666666667,641
-0.9928571428571432,0.4439154119390182,149331.83,1.4,643
39.40404040404344,66.52510093395627,126742.0,2.5123152709359604,644
-0.9990033222591364,4.159331845248347,1029.0333333333333,1.0,645
-0.9995,0.2661689349285088,27333.24898305085,1.5593220338983051,646
36.43916136278137,185.06419970235527,42174.27109756097,2.2439024390243905,647
-0.9983332857142856,0.2138047040433073,123011.04,1.6428571428571428,648
-0.997641791044776,0.5741652059632997,122730506.6,1.4,649
-0.8304838709677609,1.572163078818744,66735.04024390243,25.553658536585367,650
0.8206999999997995,2965.6117349314018,31089.666666666668,1.6666666666666667,651
0.3730569948186528,0.1320061994274548,79800200.0,1.4,652
-0.9998006666666668,0.7888441117478371,58625.050833333335,1.875,653
-0.9917054999999996,0.2110531595132063,836273.4987155963,1.926605504587156,655
-0.6928071928071697,9.716865015889985,86267.16176470589,1.2352941176470589,656
-0.9991680532445923,0.3124059248071867,20530.522727272728,1.3863636363636365,657
-0.9980000266663112,0.4308424827074052,924323.4838709678,1.3225806451612905,658
-0.9999306666666667,0.3807701222924341,422369.1956521739,2.239130434782609,659
-0.9840625000000016,0.2489992619155673,38740.57627118644,2.135593220338983,660
-0.8636181818181818,2.0890313049118943,950.03,1.0,661
-0.9995566666666666,0.2459323466234726,1375802.483888889,2.5,662
-0.9946633333333336,1.2064971723812847,28394.7,1.4375,663
-0.0744444444442997,217.98513132044687,259059.6590909091,1.1363636363636365,664
0.2528888888888889,0.0528256184006436,1749690000.0,1.2,666
-0.8618235294117678,3.930571814732823,46771.24545454545,12.122727272727271,667
0.0800000000000507,5.156156222401514,5942345.430916031,1132.1763358778626,668
-0.9999798,0.3654630496187527,20878.24215859031,2.997063142437592,669
-0.884591679506946,1.6715451669155412,15918909.47537952,15.521667126690588,670
-0.995,0.5683353976197091,2514936.25,1.9375,671
-0.8012000000000007,2.020372847509656,137777.47281471002,5.637906647807638,672
-0.99825,0.421195373793479,208844.48666666663,1.2962962962962965,673
0.1874999999999997,0.0512676345884798,75426187.14285715,4.190476190476191,674
273.8461538461851,10.469658952996154,13241.780407830342,2.9445350734094617,675
-0.9994991652754592,1.209886993854704,386631.0,1.0,678
-0.9999480001559996,2.1804358973879463,17399.05894736842,1.4210526315789471,679
-0.9981891891891892,0.4823778663686403,138895.5,2.0,680
12.972055888221288,1.2312134122862988,14517.521497757847,3.283408071748879,681
-0.9157777777777768,0.4374608731676704,99608.66694877506,5.597995545657016,682
-0.965,1.7578674580297569,6993.333333333333,1.0,683
-0.9905940594059408,0.2248254150795411,156243.7857142857,1.6,684
-0.99875,0.7000773603473868,7803110.5625,1.0,685
-0.996132075471698,0.1797696852719002,109994.94629941128,30.978132884777125,686
18.65999999999978,10.035402474781357,93488436.65512273,7876.0088365243,687
-0.9961538461538464,0.4178007979919286,77938.60759493671,2.5316455696202533,688
-0.998625,2.740818008166178,9184.82105263158,1.263157894736842,689
6.7788888888888055,935.2739420292772,592323.058,1.9333333333333331,690
-0.9998736842105264,0.923423013636259,399074.999,1.4,691
-0.9949678125,0.4656471302500075,36781.518,1.3,694
-0.9859979999999988,1.5952823292395062,8481.271,2.025,696
-0.996397073529412,0.1403300118335498,16740948.938194444,2.513888888888889,699
-0.9976923076923075,0.8160254488284938,1895.4417142857144,1.8857142857142857,700
-0.9988857142857144,0.6355206375292809,33134.113333333335,1.0,701
-0.3407821229050662,12.257901527572027,6229556.935811954,241.18774524600065,702
-0.999591836734694,0.1438083973944202,207825.52307692307,1.6153846153846154,703
-0.9986721991701244,0.3020848222304596,18219.06866666667,1.2666666666666666,704
-0.9961,0.4801159477055251,101206.25,1.25,705
-0.9992064102564104,0.0720200437374889,5330658.154927114,4.411078717201166,706
-0.3046875000000136,3.9957320741728535,26454.41178988327,8.089494163424124,707
0.8333333333331319,354.17025416230507,2414.54640625,1.28125,708
-0.999,0.9997500104192716,2350.55,1.0,709
3.777114427860704,30.51194444316934,390427.513368984,7.168449197860962,712
-0.9994469273743016,0.1316221737779243,1782809.9907307692,2.2423076923076923,713
-0.9987661574618096,0.0521909063146449,9757155.338509554,6.593630573248408,714
-0.9853,0.2489734675920848,10698.170588235294,1.1764705882352942,715
-0.999990625,0.2412519547953215,1720359.538181818,1.5454545454545454,716
-0.9957317999999998,0.33721785918696,32861.79371428571,1.2285714285714286,717
-0.9679199999999978,79.24481773666683,24929.874074074072,1.6666666666666667,718
-0.9998363636363636,0.3573109330440108,15631.788671875,1.88671875,719
-0.9999,1.173117126411379,43191.92818181818,1.181818181818182,720
31.25000000000001,1439.1166998003266,7755.92918367347,1.2857142857142858,721
4.555555555554944,4400.183895617476,10808890.858538264,42.35081685296647,722
2.846153846153425,8464.933578601856,3416272.3832698413,3.5142857142857142,723
-0.9981750456238594,1.073253120476593,293822.0,1.2,724
-0.999825,1.482147945538464,7126.772222222222,1.1111111111111112,725
239.00000000003772,33.31848154168208,39913.72427272728,2.5727272727272728,726
-0.999098,0.4688054529911677,14338397.725714285,2.7142857142857144,727
17.27272727272625,5292.606395566944,101412.275,1.8333333333333333,728
-0.9978000000000002,0.1992157278169753,1741439.3909090909,2.0,729
-0.9995028571428572,0.6193677667754511,116720.7,1.0,730
-0.9985652173913044,0.6386062249005185,72854.14851485149,3.01980198019802,731
-0.999575,0.1398442180229547,7956015.76433447,3.037542662116041,732
-0.96083133493205,9.06142022282377,179391.04328165375,29.17958656330749,733
-0.9957831325301204,0.4744316293078602,12249646.842105264,1.1578947368421053,735
-0.9993846153846152,0.1702240795321142,9104738.128653849,2.2884615384615383,736
2.2137931034483964,21.06180879009499,359357.98311861395,78.42292314526877,737
-0.9990923076923076,0.0806133462621454,279651.0072965993,49.73353422298752,738
-0.9873765779277596,0.697855752568881,154261.001,1.7,739
-0.9999714285714286,0.1344485814686768,638292.024691358,8.550617283950617,740
-0.99,0.3392405968404018,1761.172682926829,2.292682926829268,742
-0.9998333333333334,0.3212159434539444,128113.84417658731,26.311011904761905,743
-0.1694352159468423,0.1039587388108738,71233.28138849931,24.868863955119213,744
4.64102564102564,0.3909894624041244,306939.9286666667,1.5,745
0.2257669107448146,0.1045845408204338,42976.07241379311,2.2413793103448274,746
4659.00000000001,22.50971064743332,45010.75253674727,27.231389284020864,747
387.9999999999973,1.2823541558728315,34286123.59559859,4823.854577464789,748
3469.980392156864,145.57055600093028,11669.444117647055,1.3529411764705883,749
1745.6666666666663,75.31356268225532,9457.535209302328,2.372093023255814,750
7.352941176470587,1.5048922172662311,531912.9442105263,1.8157894736842104,751
381.5000000000007,6.348637424117804,12806.769308943089,5.504065040650406,752
1137.3233532934066,1.706276257633084,675129.1836177693,25.906040268456376,753
3.312552222312068,0.0795299739759991,19443.778852459018,1.475409836065574,754
103.15322580645164,1.140874566058636,174009.5807675676,4.145945945945946,755
13.108910891089216,0.2992915839878151,356308.0503412553,42.89488117001828,756
5812.9534883720935,779.3797026599658,3405.333333333333,1.3333333333333333,757
513156.8947368411,47.14158597427439,113414.57832512316,2.561576354679803,758
0.8336666666666668,1.297911145490828,600.0285714285714,1.0,760
-0.1176470588235293,0.2795354737550234,996.1428571428572,2.0,761
0.5439999999999987,3.148637511106961,292590.98079673137,4.590398365679264,762
-0.7,0.1930334291305647,177.5,1.125,763
329.0,127.89234779484616,2602.3887096774192,1.6451612903225807,764
5.259351620947628,0.5526018094821316,5993.477777777778,1.8888888888888888,765
-0.4000000000000001,0.3582501212950406,34.150909090909096,1.3636363636363635,766
28.999999999999982,1.6235022032746875,305.4782608695652,1.3478260869565215,767
0.7,0.3634172845719314,6885.0,1.75,768
3.6153846153846168,0.2232565134530299,55508.53571428572,1.5357142857142858,769
-0.7426470588235297,0.0607983328575065,56447.13444,9.9,770
-0.4666666666666663,0.3178677240651278,23722.947368421053,1.6842105263157894,771
0.25,2.568052356061596,22.0025,1.0,772
-0.11111111111111,0.0931375072123958,30163.2468503937,1.807086614173228,773
-0.575,0.3183012124217088,34456.875,1.375,774
1.0000000000000022,4.094289107947111,19572.30295221843,10.247440273037542,775
1610.1111111111104,3724.6952628683566,80244.32653061225,1.7142857142857142,776
0.2040816326530612,0.1684619864105685,77465.0,2.0,777
-0.4666666666666668,0.3288895713888632,1166.5416666666667,1.3333333333333333,778
0.1060777651944129,0.0517046164385531,35466.1875,1.625,779
-0.000333222259247,0.0431704157657962,3173.0327272727272,1.4545454545454546,780
449.0,41.35689062774682,5420.391304347826,1.4782608695652173,781
15.545454545454543,1.2560681046213364,35734.41909090909,11.436363636363636,782
-0.639,0.2572642499560822,10756.01,1.2,783
0.0219612959338997,0.0801333456401817,357381.7581262328,2.998027613412229,784
365.7142857142861,0.5026908359993919,22158.8912,6.13,785
0.1880952380952381,0.1409894753628567,2588.3,1.2857142857142858,787
0.0457142857142858,0.072067947244742,1324990.0,1.1,788
136.19999999999985,4.628770048575124,175001.53298611112,74.78472222222223,789
103.99999999999989,282.8339249124922,14012.77376811594,2.971014492753623,790
14.666666666666693,3.067867767462329,1727.2199044585989,3.738853503184713,792
0.1,0.001041847307727,3175.0,1.25,793
-0.4,0.0820974240457538,38569.545,4.483870967741935,794
-0.912621359223301,0.5404642442271593,76710.90894736841,2.3976608187134505,795
74.99999999999964,0.5104202535466572,147410.21681850037,6.66082690960056,796
117.76923076923086,2.6238336085870166,151460.19003645203,5.001215066828675,797
1.0000000000000004,0.5952365333956828,195.39416666666668,1.25,798
1.1094736842105255,0.2103075848373581,182886.94444444444,1.1666666666666667,799
0.1000000000000009,11.408234353793445,1.556,1.0,801
951.3809523809527,238.3371234745886,5256.818181818182,1.0909090909090908,802
0.0254545454545451,0.0361762108229222,11186.666666666666,1.3333333333333333,804
-0.3636363636363636,0.273687234450481,22584.45,1.85,805
4.388059701492533,0.7242261718993356,2897.7265517241376,2.034482758620689,806
234.99999999999787,8.342996194922517,475592.1397496409,74.48737943771803,807
0.5000000000000007,0.5233335110356913,2064.0434285714286,1.8857142857142857,808
-0.9618181818181818,0.0726748510710088,40097.44012605042,4.177521008403361,809
1.666666666666667,0.6404295314048528,20075.0,1.25,810
-0.2104847623559135,0.3270701419591804,270059.7,1.0,812
2.357333333333331,0.7314509710083171,2435053.4188138065,312.2297034516286,813
-0.9120000000000006,0.0666635615459802,146296.0708003518,22.725153913808267,814
0.5833333333333288,0.0483637140724837,1368519.8834285715,21.607142857142858,815
8.914285714285716,0.2407551160326948,10386.79865771812,4.248322147651007,817
0.7427507427088988,0.0345335340098087,169906.60615384617,1.5692307692307692,818
1.20000000000001,0.0421196614755856,3250970.381836945,737.6114551083591,819
-0.6218978102189777,0.0773815894889098,144376.32404181184,24.09756097560976,820
-0.1331658291457285,0.0569260811761401,60180.332,2.577777777777778,821
-0.8083333333333333,0.0922442626396422,93148.7653508772,3.962719298245614,822
-0.434782608695652,0.4095355301497196,164022.44,1.25,823
3.4173913043478352,0.0540972514928021,547043.8942307692,1.9567307692307687,824
-0.2857142857142857,0.0399498130551997,27213.23076923077,10.153846153846152,825
8999.00000000003,27.5406539708101,245587.83283783784,69.49227799227799,826
-0.9923076923076924,0.2085298565951241,14489.925093378606,8.33616298811545,827
-0.5999959999599995,0.1479384554473726,152338.24692307692,1.7692307692307692,828
2.719999999999975,0.0493798005414652,349967.5850515464,45.75721649484536,829
341.8571428571429,197.58627013034885,1504.7931034482758,2.103448275862069,830
-0.034959349593496,0.0095861833953542,296956.6666666667,2.0,831
0.4285714285714284,0.1070700811037971,27.802,1.2,832
-0.9705882352941176,0.1947285252580157,2269.0384353741497,2.8503401360544216,833
0.1999999999999997,0.013823140083346,1916.6666666666667,1.0,835
9.64516129032258,0.6764586461482874,320.044375,1.125,836
3.758874999999998,0.2299689246032043,4856.566818181818,1.9090909090909087,837
7383.615384615408,271.0206185881729,7180.955494505494,2.946053946053946,838
-0.4204545454545453,0.3721768213233976,1551.2,1.9,839
91.85714285714276,0.0598591169278473,862820.6053818509,1.789757412398922,840
-0.4117647058823525,0.1954214320637431,19229.01369127517,6.033557046979865,841
18665.666666666657,1742.6383744426953,4120.710227272727,2.227272727272727,843
24.56666666666665,0.2970773463503491,215618.42474226805,42.27010309278351,844
0.1764705882352946,0.924137718256937,2595.217391304348,1.3043478260869563,845
4.600000000000003,0.5083050443630086,12003.6,1.5483870967741935,847
-0.0757575757575756,0.0317881107727355,55884.96875,2.34375,848
265.5760869565232,1.5333353607777118,629342.9465348669,166.81763719146898,850
-1.1102230246251563e-16,0.3181980515339462,76.12,1.3333333333333333,851
12694.000000000002,1110.2179944422198,514016.9371428572,1.0,852
0.7500000000000002,0.11724727068583,1166.875,1.5833333333333333,853
817798.9999999987,16.788840628517136,263317.48960282106,6.333333333333333,854
1020.4999999999987,28.309518241030837,172109.96624821684,6.239657631954351,855
21051.63157894737,138.5207099411751,13273.605660377358,1.1320754716981132,857
0.5298507462686559,0.0562270327676992,234587.7489177489,3.8744588744588735,858
0.25,0.1767766952966369,115.33333333333331,1.0,859
282332.3333333343,31.70542687788513,34438.50512540894,10.363140676117776,860
1.0929999999999986,0.5386220383327864,3047.8969852941177,1.5073529411764706,862
2.4333333333333327,0.5611582373511456,3178.511034482759,1.3103448275862069,863
1.2289679098005175,0.2579382128743903,19703.16785234899,5.100671140939597,864
0.0006666666666665,0.5899627577699761,7267.666666666667,3.6666666666666665,865
-0.8636363636363636,0.5450219774708235,977.0875,1.375,866
1.857142857142854,0.0627516121959265,258168.34130434785,4.653726708074534,867
4.041095890410947,0.0473979887349973,162993.97810015487,6.884357253484771,868
-0.9256756756756755,0.2308584841726542,3975.151515151515,1.4848484848484849,870
1300.9999999999973,31.88771827928841,33188.42195026178,3.149214659685864,871
13998.999999999987,39.71855635119324,29671.565197740118,1.807909604519774,872
0.4599999999999999,0.1634832534954104,1560.0,1.2,873
1.4016666666666673,0.8801897006619319,513.4866666666667,1.0,874
4529.973451327392,12.331883133369663,432592.2844653179,78.20038535645472,875
-0.857142857142857,0.5346468125790051,641.0968181818182,1.3636363636363635,876
-0.7151655119322557,0.0949151441558359,17652.77358490566,2.5849056603773586,878
2.367875647668394,0.7764080966252745,4434.802000000001,1.2,879
0.1590909090909091,0.081730936704408,24593.75,3.5,880
1809.5849582172752,20.583770697851108,17815.781306042885,2.867446393762183,881
2.1521739130434785,0.2318165252674915,9140.491153846157,1.5865384615384617,882
3223.8847926267345,16.707956177880277,145995.5353863382,5.832026875699888,883
2.875714285714285,3.764652063953478,26323.582666666665,2.2666666666666666,884
-0.0999999999999999,0.960730794326236,144.33333333333334,1.0,885
0.4346578558386216,0.2166479507188287,5458.585277777778,1.5,886
-0.0433333333333334,0.0398352429489639,2963.333333333333,1.0,887
-0.2391304347826096,0.2002656220267417,37611.431261770245,3.6308851224105454,888
-0.4666666666666665,0.5925937520869113,1233.8444444444444,1.1111111111111112,889
171.26415094339694,9.481635260810611,2216773.528452049,808.2741742936729,890
0.3499999999999998,0.1178629147215809,12060.0,1.0,892
-0.1206030150753769,0.0405388426190318,11196.2,1.7333333333333334,893
-0.1351351351351353,0.0341233753758343,65208.63157894737,3.0,894
6675.851851851815,6.721287628136448,34809025.73678894,2130.704192265992,895
0.0,0.0007441271561477,893.39,1.0,896
-0.9269999999999998,0.0525339155327005,719037.9305785124,24.79173553719008,897
87100.44927536082,25.618165457882046,1195717.6147476418,77.30117491312262,898
-0.8500000000000001,0.3005730930090433,11851.473684210529,7.326315789473684,899
-0.8400000000000001,0.5752063304228306,1860.555555555556,1.3333333333333333,900
0.0,0.0,391880.0,1.0,901
-0.9615384615384616,0.233287893692641,1546.3193277310925,3.0252100840336134,902
0.5107913669064741,0.0530868908055109,68422.51,2.8,903
4.901960784313725,2.1413791890613294,14020305.0,1.0,905
24.00000000000004,0.7082982963120219,10837.251908396947,2.427480916030534,906
0.5250000000000001,0.353483380020879,521.4833333333333,1.3333333333333333,907
0.0,0.0,1845.386,1.6,908
-0.9998867924528302,0.1848716635673332,1794.9058196721312,3.1639344262295084,910
96910.76470588236,47.88103963007088,207303.51577408257,11.17144495412844,911
7.909090909090905,0.0888438706367578,174825.63442857144,25.75357142857143,912
-0.8717948717948718,0.6164520656498107,416.6666666666667,1.0,914
544.5041367397037,7.435882791466512,6703.83,1.7169811320754718,916
-0.9333333333333332,0.2817642559014397,275.8333333333333,1.1666666666666667,918
0.0499999999999998,0.0004311626714551,3564450.0,1.3333333333333333,920
69999.00000000003,267.8082131938445,53805.43818181819,2.581818181818182,921
0.25,0.1767766952966369,1933.3333333333333,1.0,922
0.6702997275204394,0.070628319848172,56282.97055214724,11.442944785276074,923
11456.142857142911,23.787759794841435,17851.100849858358,3.3456090651558075,924
66749.00000000007,18194.06598103617,30201.801614497526,9.274299835255354,925
3.070192307692309,0.3842569952186705,20570.130701754384,1.4385964912280702,926
-0.1099999999999989,0.057982919994752,3921453.492359932,217.61460101867573,927
1576.894736842107,23.140479458885387,118382242.30257513,9653.523605150214,929
5482.870967741941,62.90388627023523,47005.864,2.853333333333333,931
0.3759999999999954,0.1353122667299081,254375.25521327017,4.233807266982622,932
1.0326666666666693,0.0399104906974587,333999.8414893617,5.4877659574468085,933
46.23618090452253,1.562290120481144,221661.24625,3.625,934
2.6299999999999994,0.2023651021365142,5465.217391304348,1.391304347826087,935
0.1749999999999971,0.091220098114562,11788.525277777777,2.486111111111111,937
499.0,10.8636421344901,2874704.8345238096,1.8452380952380956,938
0.454545454545455,0.0720715056160552,432487.0397111913,21.72563176895307,939
-0.4799999999999996,0.858759932547513,972.9548461538462,2.1,942
1.924999999999999,0.0845926569476745,7645979.464285715,1.0357142857142858,943
0.0327272727272729,0.0453512684698234,13835.098039215687,1.2941176470588236,944
4.102040816326534,0.400353906771366,2265.212151898734,3.4050632911392404,945
0.3999999999999994,0.0278441100411549,3638299.574468085,1.074468085106383,946
3.1249999999999982,0.3600709593098103,49935.142857142855,1.5714285714285714,947
0.5490909090909109,1.2559201749670796,14583.506639427987,5.150153217568948,948
2.053571428571426,0.0520774404680148,833252.6975609756,7.154471544715447,950
25.999999999999996,4.509503870269899,249.25,1.75,951
16128.032258064515,4599.379782610811,1542.8,1.8,952
421.5325884543772,18.776947353551485,458926.4747663552,18.05407209612817,953
-0.7,0.5843707705993381,2560.0,1.2,954
0.2500000000000051,0.1414230333487636,13062.937604636189,8.586606567933034,955
11.500000000000009,0.3557660861475255,4389.571607142857,2.5535714285714284,956
-0.6168831168831159,0.2055575376501514,11037875.85859668,454.6984467059453,957
0.5510869565217393,0.0569995424468014,461054.16708229424,10.44139650872818,958
-0.1666666666666666,0.0363696483726653,5692881.818181818,1.0,959
-0.7751999999999999,0.2755362465016391,24959.801629629623,3.0074074074074075,960
0.967213114754102,0.0635825815659554,162399.42676767678,12.892676767676768,961
31.18500000000001,0.4531599299273258,14250.108695652174,1.8043478260869563,962
3.2079207920792125,0.0447371743353994,131140.75841584158,2.1722772277227724,963
-0.4285714285714286,0.4429339411136565,7325.0,2.0,964
-0.1436950146627565,0.3132628194541107,190029.3333333333,1.0,965
-0.9982551204819278,0.3162036612316452,33480.81294117647,1.0588235294117647,966
554.3719008264484,13.3173204735065,20612926.381468706,2295.636766880237,967
4749.000000000004,55.749997020306594,6905.048387096775,1.467741935483871,969
0.0,0.0,7000.0,1.0,970
0.2286363636363637,0.0573350079485545,866200.25,2.0,971
0.2537313432835819,0.0571444642245305,1206348.0625,5.5,972
-0.2000000000000007,0.1491368745561773,3607.240837696335,2.287958115183246,973
1332.3333333333337,1925.7422173861623,627464.7333333333,1.8666666666666667,974
18324.58139534893,139.42097368197096,26919951.848644577,3704.735692771085,975
0.8333333333333321,2.0899933295099253,5621.078602620088,3.8777292576419216,976
7.080645161290322,2.958060787643784,9687.75,1.0,978
-0.8866666666666666,0.1449296317128726,11513.594557438795,7.6770244821092275,979
-0.8866666666666664,0.1336273972354417,31034.049636015327,5.890804597701149,980
-0.978730644886847,0.6920670759545723,9731.826666666666,1.3333333333333333,982
0.2578947368421058,0.0248473070533813,868335.3389830509,2.754237288135593,984
0.2256410256410252,0.0300997279563615,522589.537037037,3.055555555555556,985
1.5287356321839152,0.0616423744814339,240071.1417816813,2.8732747804266,987
123.85776352539624,1.5944558372511697,33910957.450005,3587.249791562448,988
2.9090909090909087,0.4881956161780421,2516.8359375,1.59375,990
5.324459234608983,0.7839326849538523,2181.5120689655173,1.5862068965517242,991
7.7499999999999964,0.176967086687951,2630.8048780487807,1.853658536585366,992
29999.00000000001,112.7925876578578,2575430.5986934206,69.3798413439104,993
-0.0396039603960395,0.0586526563707319,38352.2,4.325,994
0.6251015688480543,0.1028781101453666,116403.38516129032,3.096774193548387,995
17532.039647577087,119.39238003562704,26459010.0913884,1196.4736379613355,996
2.406557377049169,0.1380314147864342,12612456.9009009,2596.2628378378377,997
3.5500000000000025,0.115849252968895,12089.944881889764,3.015748031496063,998
-0.869,0.5014737527042683,32.948,1.2,999
-0.5999999999999999,0.7161245924007252,795.6607142857143,1.75,1001
-0.6692307692307692,0.1991034551935557,7366.815461346633,2.254364089775561,1002
0.3348588863463013,0.0421404546665028,1703673.1659316428,45.19184123484013,1003
-0.0357142857142857,0.0459885237388244,25256.666666666668,2.6666666666666665,1004
0.1423105352406624,0.2647021940754295,11796.501063829788,1.872340425531915,1005
61.42187499999966,4.828194844183596,9510889.143235669,1552.2929936305732,1007
-0.7652173913043477,0.0903157571008934,104309.07894736844,1.5657894736842106,1009
319598.9999999999,21643.66489922165,35499.801177024485,10.992467043314502,1010
29806.69230769237,644.3015260116234,68812.00681681682,6.903903903903904,1011
22448.99999999997,58.269103921308655,53775.70483870968,7.874193548387097,1012
0.0227272727272731,0.0908033686958825,55980.57794117648,4.573529411764706,1013
-0.0997142857142856,0.3440975421135263,8663.566666666668,1.3333333333333333,1014
85799.00000000003,30.886829423538703,22124.399817987152,3.867237687366167,1015
140382.33333333352,67.75216706635494,19214.19589353612,1.88212927756654,1016
734.2941176470588,798.1709876080105,1135.0,1.1666666666666667,1017
9.852,4.929216718041846,964.66,1.0,1021
1.1592356687898089,0.363639743633141,33384188.75,1.25,1024
-0.2428571428571428,0.0222480873661362,36307.22222222222,2.2222222222222223,1026
1045.0251046025105,1262.2764758812002,1132.6666666666667,1.0,1027
-0.4258249999999999,0.1417744566144175,36983.2525,1.5,1028
9.780291970802931,0.0309515638013204,4819550.803423236,142.78163900414938,1029
1.3000000000000007,0.7258124005706948,530.7684210526317,1.263157894736842,1030
-0.4333333333333338,0.0760116537387183,62929.615853658535,2.792682926829268,1031
0.0045454545454546,0.014870949718,15049.8,1.0,1032
0.0041841004184099,0.0190516344014071,1457450.0,1.5,1033
-0.1764705882352941,0.1018853416216986,63100.0,1.75,1034
3.714428571428571,1.581139299467263,12395.813333333334,3.5,1035
-0.1999999999999999,0.1858476061754654,17050.0,1.25,1036
-0.708166666666667,0.0686463073538938,366149.1276463263,16.693648816936488,1038
17183.782608695677,13.925233370790693,166503.69190513526,15.59702077616621,1039
-0.3066666666666662,0.0593016352431894,400521.360338983,39.49378531073447,1040
2160.5201900237453,11.681025653189227,65229.08789659224,3.126909518213866,1046
2149.4126031507835,12.152779552992367,81368.33384706579,3.975103734439834,1047
-0.5103310375472114,0.1127193428018333,1751.86820083682,2.1129707112970717,1049
-0.358024691358024,0.0587595044348444,42926.64940476191,5.779761904761905,1050
7537.461538461536,672.0330194642246,22162.13222222222,2.037037037037037,1051
13332.500000000033,342.1895521571186,268141.04658291454,9.894472361809044,1052
-0.3036809815950924,0.0584599502421183,101922.83687842278,4.355969331872946,1053
-0.5116279069767445,0.034050528054482,408303.5276568047,15.818343195266271,1054
-0.5179999999999993,0.0650820815079309,164629.7493464052,6.787581699346405,1055
-0.5321637426900578,0.0498520520348482,1435965.3016638935,51.49750415973378,1056
0.2028652520610867,0.0508137087538441,617308.0187648457,25.007125890736344,1057
0.2897196261682206,0.0509723220576227,5617801.8890736345,146.95486935866984,1058
-0.1406249999999997,0.1735747527018663,304736.05306122446,1.8571428571428568,1059
-0.2500468720704943,0.074329351344818,65475.6248031496,3.3976377952755907,1060
37498.99999999994,367.4243357165616,246080.5670184049,3.155828220858896,1061
-0.5423728813559323,0.2993438762896215,38377.19259259259,2.333333333333333,1062
25713.285714285717,562.2944033604465,46922.45297560976,2.0682926829268293,1063
3916.0506912442634,22.3417961817474,74997.14510284035,3.3540646425073457,1064
0.78571428571429,0.0375856044448038,638390.3297297297,55.74918918918919,1065
0.3214285714285694,0.0346704755921344,295006.64654226124,26.29418221734358,1066
-0.1304347826086958,0.2467939646109043,21537.8125,1.4375,1067
0.2885269559839198,0.0440648047945188,50195.74922813037,3.399656946826758,1068
-0.8484848484848487,0.1994715328094093,274025.18781006377,59.03897944720057,1069
0.4631578947368375,0.0302028020100694,330156528.9590947,13407.651785714286,1071
-0.9000000000000002,0.0585033789727665,120316.55121042833,30.33705772811918,1072
1278.9999999999995,100.00753621625952,2489646.6687218044,2.9323308270676693,1076
0.6824324324324329,0.0669902324947485,39433.90489913545,4.172910662824208,1077
2.884615384615385,0.1455783940063926,24573.245098039217,3.049019607843137,1078
0.9047619047619052,2.242723646302867,1409.6666666666667,1.1666666666666667,1079
0.6959064327485378,0.0729084267086497,1320.095238095238,1.1428571428571428,1080
1258.1304347826065,38.274751724302455,54527.8445482866,3.8935617860851504,1081
8.0,3.8072361145215896,18642.088333333333,1.0,1082
7.98,3.4746343940173854,24549.662857142856,1.0,1083
0.2762499999999972,0.0482032217157315,2146255.0859329016,97.38581518540316,1084
-0.333333333333333,0.0408521564060392,9088443.524735965,411.8401889938855,1085
4626.218934911221,17.885423671156612,11404312.991836734,1141.512087912088,1086
67999.00000000036,70.71169255774163,5692098.036441586,274.7952840300107,1087
0.7415169660678562,0.0389099821633499,12289503.835345771,279.556531284303,1088
62017.18181818187,1153.407476844442,1142637.5436529191,142.71665773968934,1089
6.745098039215697,0.04292811775205,2763849.273635153,218.06391478029292,1090
1521665.6666666723,942.237009701683,425058.8080185042,57.0497301464919,1091
1356.33333333334,17.446910053171344,62427669.509839,1548.4007155635063,1092
8789.909090909036,115.76880130982374,1308149.2970936492,42.22981700753498,1093
0.7405940594059421,0.0608251478297167,10792512.807142856,164.57142857142858,1094
0.7532934131736535,0.0539313150330868,184216372.2357143,830.8857142857142,1095
55998.99999999982,204.59166287671303,763855.6216752679,28.150456530369198,1096
44426.48091603044,184.26032766312804,3368465.927413412,245.05011053795133,1097
1205.6666666666654,59.54317188950744,15524972.68505624,599.7504017139796,1098
1604.1724137931049,17.46885627757966,8953271.354289254,354.4456488076804,1099
9348.999999999998,17.902979463242286,3423468.4079195475,352.85480829666875,1100
2998.999999999983,17.832635841109756,1397207.310601364,47.53378797272163,1101
19046.619047619,121.42269605834734,373507.620950324,25.399568034557237,1102
2798.999999999989,58.20180241843086,966399.5067168188,34.139172487909725,1103
5298.2518703241885,1.490016079266843,26643.872130434786,5.343478260869565,1104
77698.99999999974,70.72665912883629,703543.515902965,26.720754716981133,1105
159998.99999999994,1162.0752932798684,99648.35053885424,23.71695972773681,1106
5.270833333333347,0.0462563435917563,332758.8824315297,32.78891115564462,1107
637412.7931034478,1019.8121402751648,153675.99746835444,20.72658227848101,1108
1.461538461538458,0.043365285528148,2699953.5888888887,113.39111111111112,1109
4631.721202003338,17.503120430998553,11942546.239760837,411.7707025411061,1110
101999.0,72124.18457424665,1083.4,1.0,1115
161665.66666666645,472.97447424794416,23088.8347107438,2.484848484848485,1116
0.4000000000000014,0.0962498391921586,14768.399507389164,2.7881773399014778,1117
386.21834026851,7.442836389373165,4931502.44594017,417.94444444444446,1118
10260.29032258064,213.35192113984144,33345.354545454546,2.229090909090909,1119
1.88221153846154,0.1321857559137314,5005.870967741936,1.4516129032258065,1120
52379.95238095233,719.4417618467886,132211.0979775281,2.752808988764045,1121
704.5999999999983,38.2536584812658,30420.439765739386,2.806734992679356,1122
0.3320000000000005,0.0747119188156144,75134.8051948052,1.6233766233766234,1124
0.3319999999999998,0.061343084759732,159363.7951807229,1.7650602409638554,1125
0.6292682926829272,0.0675114874481606,58832.77027027027,1.4662162162162162,1126
-0.1777777777777778,0.0924955300131413,24800.0,1.6,1127
0.1992031872509962,0.0981218144661906,47887.91666666666,1.3958333333333333,1128
-0.1999999999999997,0.0551537142907738,101036.66666666669,1.8333333333333333,1129
0.6170212765957428,0.0613268801530473,134132.51396648044,1.5865921787709498,1130
0.3551724137931025,0.0501004297008274,196403.3760683761,2.05982905982906,1131
0.5894736842105266,0.0658763121805806,29684.6511627907,1.558139534883721,1132
0.3362831858407082,0.0433607382888246,97711.36363636365,1.7272727272727273,1133
0.3377777777777784,0.0468857009814554,166133.94444444444,1.8333333333333333,1134
0.2142857142857142,0.1997200551356527,274.2838888888889,1.2777777777777777,1136
4324.999999999994,135.73373516207394,154968.3424,3.528,1137
4.695238095238092,0.0351205518931662,87323036.65496866,7754.461772605193,1138
-0.3823529411764708,0.0942055086548472,16846.6704312115,3.595482546201232,1139
31869.00000000002,419.5884917864195,47202.706293706295,1.426573426573427,1140
0.2093023255813952,0.1479990937367191,1789.3333333333333,3.6666666666666665,1141
0.0,0.0522450734802538,810.0333333333333,1.0,1142
3058.38812237554,1.9424876191592508,410718.9998569896,9.484805148373257,1144
0.0857142857142858,0.1998186055458309,8425.0,1.25,1145
6.49999999999996,0.0524970055455165,55423.95754189944,4.548603351955308,1146
4.900000000000031,0.0472807928185412,162360.8118556701,9.987113402061857,1147
-0.3827160493827161,0.1429151942204804,25205.0,2.0,1148
17.571428571428612,0.0505235586133738,114716.63474100956,33.564500164962055,1149
1.0428571428571431,2.004258623649464,8379.65176470588,1.8235294117647056,1150
-0.3696682464454977,0.2627555934530918,8403.87890909091,1.4181818181818182,1151
503.00000000000006,100.40230298522155,39513.978,1.98,1152
-0.508982035928144,0.0440241191720241,6127389.123393316,56.70051413881748,1153
-0.7696907216494846,0.0498907323576216,72272510.04814306,199.8404401650619,1154
2.0000000000000004,0.2104711824221216,1310.6225000000002,1.75,1155
725.5968232510978,9.786493042301691,23569.427184466014,2.262135922330097,1156
0.4285714285714288,0.095213669550901,350.2454545454545,1.3636363636363635,1157
0.521739130434784,0.032541157853194,77141.3475177305,3.7375886524822697,1160
0.0,0.0,18000.0,1.3333333333333333,1161
1.7887139107611518,0.045646655174181,139630.680864486,5.799065420560748,1162
2.6999999999999966,0.0509199166066254,30292.05146316852,3.5923309788092834,1163
8798.999999999953,20.60783407234869,57761.68524032327,23.305401956614208,1164
5.481481481481482,0.0825871375111356,29973.47564469914,3.607449856733525,1165
0.4284256708499123,0.0986922516023826,8170.215957446808,7.960992907801418,1166
14.336666666666682,0.1106142246246355,18173.325648414982,2.6714697406340058,1167
1.7162162162162171,0.5904548983224855,8821.6,1.4285714285714286,1168
4373.999999999988,23.06125243134284,89049.02709847984,5.41044282881692,1169
4294.180722891551,18.666593756809053,128149.60116569525,7.843047460449625,1170
3290.5717539863285,3.979982670830943,2657608.960214231,313.5786789084417,1171
1963.6739130434728,4.054659925295484,6908482.169147497,958.4522327469554,1172
12759.000000000036,15.763842212844432,165064.9974226804,12.427262313860252,1173
7735.677115987403,13.069679753553691,13069118.760972934,1504.1847110460862,1174
3.2857142857142865,0.1265014439642201,8220.0,1.8833333333333333,1175
0.2224938875305624,0.1573269366454177,1616156.0,2.0,1177
0.2102689486552569,0.1314387929339079,1358.5,1.0,1178
1408.3023255813966,31.46322297985231,21192.141833773087,5.005277044854881,1179
1405.976744186043,41.405503560581664,19647.34381632653,6.506122448979592,1180
4.0,1.395652109859009,10.366666666666667,1.3333333333333333,1181
11.218481301149874,0.1014628893922499,3727617481.495146,163.09223300970874,1182
2958.016393442619,51.51050655857916,30996.285714285717,10.441558441558442,1183
1.734999999999994,0.2595916636530057,28109.85546875,4.265625,1184
0.6631355932203371,0.0349398850786283,2782025.413742332,85.2760736196319,1185
257.76078169923665,2.558690019236967,3769353.681790123,142.60123456790123,1186
119.8333333333339,1.7035651116883204,7322922.198603335,258.7933293627159,1188
7565.462167689139,14.97118894808765,766045.3613080265,40.3608506745941,1189
1.247191011235952,0.0501991940288356,155987.02186311787,4.427756653992396,1190
215.91176470588184,8.251355841879212,79876169.09033613,2934.6890756302523,1191
95.44444444444387,1.6976222575997575,47421329.21305464,1735.4240071663182,1192
-0.3802479008396642,2.3242619578518746,4464.02875,1.25,1193
0.0231660231660231,0.0386502457428033,66623.33333333333,1.6666666666666667,1194
863.9999999999993,3.274831655790272,169564.52976116302,5.009345794392523,1195
1351.9705441837225,18.752213618561857,8505935.949111188,398.35964310226495,1196
2.2470588235294104,0.1435946686235913,2831.5138181818184,1.490909090909091,1197
7011.500000000008,52.16915151697481,21808.185595567866,2.457063711911357,1198
4399.000000000006,113.79728795672877,37643.18419090231,20.85234899328859,1199
1.0,0.7071067811865476,1000.0,1.0,1200
0.090909090909091,0.0306794366878501,981901.5714285716,41.095238095238095,1202
-0.1807909604519774,0.0709472936482605,16925423.666666668,201.20833333333331,1203
370.57142857142986,4.177199212219108,9451412.405418923,491.1700708628595,1204
1.7511627906976717,0.0737960113169494,17159.101893939394,2.060606060606061,1205
23.62499999999996,3.9457843201123,121983.40565149135,5.75353218210361,1206
3.2799999999999985,0.1589257714077812,593061.304347826,1.2608695652173914,1207
2.220446049250313e-16,0.1024526626557555,299785.05263157893,57.43421052631579,1208
-0.1428571428571429,0.1842176158991277,6562.5,1.5,1209
4.92549019607843,0.1613276840481693,85745.56666666667,1.6666666666666667,1210
-0.089655172413793,0.0612525877458827,104559.4,3.055555555555556,1211
28004.277777777777,120.94500665036315,50539.67347826087,3.86231884057971,1212
-0.02,0.0115470053837925,199.25,1.25,1213
1152.4413807619455,3.139617256938386,19440.32088681447,3.736289381563594,1214
-0.1363636363636367,0.5573044811137366,39553.09615384616,6.730769230769231,1215
0.0669999999999999,0.0005322309105706,1060.3733333333332,1.3333333333333333,1216
32.20512820512816,3.0039834288671994,45436.78077898552,17.07246376811594,1217
-0.0073855243722308,0.0244580017629481,707055.5952380953,5.761904761904762,1218
-0.0857142857142854,0.030059158135664,1770309.3444444444,17.37037037037037,1219
-0.0441176470588233,0.0283127938166785,221746.045,4.55,1220
-0.979203125,0.1282599300570837,1513110.258064516,64.1774193548387,1221
-0.98,0.2285705616122615,30294.0,1.7,1222
-0.0373283582089556,0.0456258997939548,100604.61333333331,2.6666666666666665,1223
0.0298507462686563,0.0293002997977818,200289.64545454548,4.909090909090909,1224
-0.0714285714285712,0.0315612578114803,106830.12,2.65,1225
-0.0298507462686568,0.0465822837228302,41613.0,1.7,1226
0.0692307692307692,0.0606172103864754,24797.14285714286,1.2857142857142858,1227
0.0615384615384615,0.0453988067447252,28106.25,1.625,1228
0.0923076923076922,0.040915931278112,84750.0,1.5,1229
-0.532934131736526,0.0320327044874928,126825.35751295336,4.064766839378239,1230
0.0676691729323306,0.0478493310577361,18633.33333333333,1.0,1231
0.5600000000000018,0.6592047144081297,40497.56167400881,18.70044052863436,1232
-0.4738461538461541,0.0769187877946636,13452.551724137931,2.057471264367816,1234
-0.008498583569405,0.0171431276053213,576275.25,2.0,1240
27.488372093023195,4.924052198235414,749535.8474764281,179.2140876317249,1241
-0.0923076923076927,0.0858532734111758,1381491.8416666666,29.75,1242
3.6153846153846105,0.038805286166502,336644.23895253683,22.7962356792144,1243
-0.1517857142857142,0.04516488951475,67923.36538461539,3.25,1244
5.200000000000006,0.051829857600746,122921.94673768309,5.165113182423435,1245
0.0,0.0,43100.0,1.2857142857142858,1246
3.776119402985077,0.3245164857578812,41423.74,1.64,1247
-0.8738170347003151,0.0431470102442062,1196840.5676274945,8.037694013303769,1248
3.380165289256196,0.1338362442177554,50783.42142857143,3.369047619047619,1249
-0.5545390570021127,0.1498088450066546,913699.8174620628,124.93248295579502,1250
-0.4818181818181827,0.063667035113466,21450.756983240222,1.458100558659218,1251
-0.9794117647058824,0.1086484100229583,372349.29095607233,122.99018087855298,1252
0.7595056218350353,0.1459947583015554,12252.021428571428,1.8571428571428568,1253
46150.07913669049,680.2465532106562,39724922.82369886,4219.581908968696,1254
46519.000000000175,685.2459210503039,611214.9619586422,48.24756145142411,1255
1.4746268656716417,0.0701437601923614,271624.3243243243,2.472972972972973,1256
-0.6444839857651243,0.1771868078534628,12235.406068249258,5.341246290801187,1257
-0.938235294117647,0.1654290510678739,12898.890736478712,4.42692750287687,1258
-0.2846153846153846,0.0941491552982642,75030.0,1.6,1259
-0.9999988461538462,0.3668806617933031,4287.685185185185,3.074074074074074,1260
-0.5,0.1937622477946677,2831.896551724138,5.085457271364318,1263
-0.9666666666666668,0.2984066323077592,3695.845789473685,2.1842105263157894,1264
0.4443333333333334,0.2099512116422912,7437.071428571428,1.2857142857142858,1267
0.0,0.0,3300.0,1.0,1268
0.2686567164179121,0.0308470937160714,16982.327586206895,3.844827586206896,1269
0.1506849315068479,0.0346426131566345,115775.06451612904,5.645161290322581,1270
0.4651162790697678,0.0547523370450418,19808.941176470587,1.7352941176470589,1271
0.3124999999999998,0.0625981535685507,41089.04166666666,1.9166666666666667,1274
2104.263157894739,6.6591398147859415,14480.54794520548,1.9726027397260275,1275
-0.1249999999999998,0.0883883476483183,7833.333333333333,1.6666666666666667,1277
5.100200000000002,0.1981437725917586,35871.49119047619,2.357142857142857,1278
20162.8,2599.065605972592,53029.5,1.0,1279
4.349999999999987,0.02743828988725,12307926.84476367,881.1964782205746,1280
22.21172638436478,0.0665139529497751,38548.18967741935,2.814193548387097,1283
20.788273615635237,0.065579776300178,44736.84726522188,2.457172342621259,1284
2.8909090909090955,0.0341849245058944,152471.31064572427,16.44240837696335,1285
37942.03797468353,8.269695709534329,188123.70212914483,3.846422338568936,1286
1425.817288801583,11.34584348652736,109012171.2573674,10926.95442043222,1287
1594.999999999996,12.233589980909192,2820027.606133101,406.6078729882557,1288
-0.49985,0.0102530483272049,2653.613333333333,2.6666666666666665,1290
-0.5692857142857138,1.76662355859892,235.875,1.125,1291
-0.6666666666666666,0.4375756335523686,557.9109589041096,2.671232876712329,1292
12798.999999999996,227.55666891324248,17748.666666666668,2.857142857142857,1293
0.2181818181818182,0.080502148845327,2372592.8571428573,1.0,1296
-0.3653846153846135,0.0367846318076332,52794.496941896025,21.198012232415905,1299
-0.4399999999999967,0.0363515743596389,15548.22570772762,9.990053557765876,1300
954.1923076923092,1.4211934282713907,2807670.627109156,168.0231907237105,1301
2.2105263157894743,0.1472705108239462,17320.095833333333,4.566666666666666,1302
3.2166666666666632,0.090489406176125,21562.56689189189,3.5382882882882885,1303
0.4285714285714286,0.1699513402658786,30233.33333333333,2.333333333333333,1304
4.783018867924538,0.1014255975265102,13934.0969762419,3.211663066954644,1305
12.000000000000004,0.6273403183756305,159.94736842105263,1.7105263157894737,1307
1424.6150839273455,24.936069415213804,183290.3574097136,4.418430884184309,1308
1121.8947368421077,20.26003464939566,10614733.224904217,375.1475095785441,1309
1023.634146341461,33.98289387125548,99409.81407563025,3.93172268907563,1310
3.750000000000006,0.1044020489325776,15109.595705521471,2.104294478527607,1311
3.810690423162587,0.278269065352632,3567.964285714286,1.2857142857142858,1314
0.3265306122448972,0.0307539818957614,19565.102272727272,2.386363636363636,1315
0.8224845488257087,0.0558160544706269,1113508.6832911393,3.4968354430379747,1316
2.1910828025477707,0.4325605630471832,260661.9108450704,4.366197183098592,1317
3.865384615384629,0.0268827967370006,8029857.397944502,1613.5395683453237,1320
-0.2875633089476569,0.0299401108259472,57673395.82652632,9057.698315789474,1321
10346.50000000006,17.120434347182986,14035680.055539971,1642.0709677419354,1322
2957.33333333333,34.98790865374968,317732.21506682865,18.66707168894289,1323
0.1450912250217206,0.0168516121014252,2039776.8333333333,148.0,1324
4.756756756756773,0.0591502365555849,464080.7688516511,308.28831936914736,1326
4122.711340206187,139.8577298946436,3891.09375,1.671875,1327
2.95238095238096,0.0321435509883413,1462018.296555436,76.79870828848225,1329
2.1100000000000003,0.4798116205357945,59305.52777777778,12.069444444444445,1330
-0.1566265060240963,0.0802013581093538,83657.25,2.325,1331
0.08,0.0274235586512737,1043.3366666666668,1.3333333333333333,1332
648.9350064993497,15.168085445089645,21692.08125,1.4375,1333
0.928571428571432,0.0247233185470701,4760845.069450363,1073.476139752876,1334
-0.0588235294117645,0.1528611370175505,47919.22222222222,2.055555555555556,1335
1268.0721649484517,22.63723125269085,563470.3590864917,54.7575315840622,1336
776.2357723577251,20.332193411159533,14234272.51412198,1055.9083094555874,1337
2217.0124223602497,23.45478162487653,6626331.178725702,261.02591792656585,1338
1223.1176470588175,23.22953859376308,12243305.200863931,558.7122030237581,1339
435.9999999999997,9.98184399556017,89394.32475247525,2.207920792079208,1340
0.8370000000000004,0.2759534802284586,73229.98333333334,1.8333333333333333,1341
5.043956043956044,0.2224605165185229,19368.503067484664,2.03680981595092,1342
448.9999999999999,77.37441144274659,2835.0222222222224,1.3333333333333333,1343
5262.157894736851,71.11025058784736,16458.606024096385,6.614457831325301,1344
2.220446049250313e-16,0.2345215407641896,3780.0,1.2,1345
8.94117647058833,0.3113232242450098,38085.54549509367,19.89295272078501,1346
199.51036682615535,3.75946213260888,39631004.280150056,5157.3281886388,1349
7.679999999999989,0.0869074883933197,35763.92405063291,4.317606444188723,1350
4452.846153846155,20.97739100800404,162423.13815789475,20.691611842105264,1351
207.66282332534092,9.577102901745778,15427.156277695718,2.6307237813884785,1352
206.30397422126623,17.891449118317286,120567.65836044242,8.82010409889395,1353
300.9201616978289,4.14327796490867,222961.3321818644,21.250698501397004,1354
18.64285714285721,0.0765177917398667,210818.59625511995,50.53188999414863,1355
771.0000000000038,31.220039090124917,89725741.54010272,9068.229948636905,1357
2.322580645161293,0.1458126939983721,25271.25356125356,17.085470085470085,1358
57249.00000000017,4971.926980001133,97489.81152542372,39.19661016949153,1359
0.5757575757575757,0.1165967715568006,13005.061538461538,1.5384615384615383,1360
32203.66666666669,475.6037566781041,527061.4092099323,3.3972911963882617,1361
176.81924820048002,13.27288928288954,46154.81400282885,20.77581329561528,1364
0.1011235955056175,0.0109218257235782,259783.7333333333,7.52,1365
-0.0125560538116591,0.0300876487262696,175467.66666666666,1.6666666666666667,1366
0.0,0.0,512.5,1.125,1367
6302.999999999968,23.23263154671848,627236.5324324324,230.03513513513516,1369
0.1,0.0469045127834223,17458.333333333332,5.833333333333333,1370
46.27272727272728,4.9324218067758325,39734.184162062615,10.062615101289136,1371
33.7454545454545,5.402738558923691,78572.97380585516,10.631741140215716,1372
-0.6274509803921577,0.0507406921509972,3797512.1658640974,691.0866773675763,1373
0.0909090909090908,0.0185329470041117,3198.333333333333,1.1666666666666667,1374
-0.0714285714285715,0.099432043619862,3337.1428571428573,1.4285714285714286,1375
60.43000000000036,2.199518950144155,323630.3593196315,64.38766832034018,1376
-0.1265402843601906,0.0277843337240953,40744897.35142857,3930.518961038961,1377
-0.2635714285714327,0.040537376297789,47547640.252178006,5663.940899458441,1379
-0.936906119346256,0.0482675415452915,867321.1745704467,20.924398625429557,1380
-0.9007500000000004,0.1052366834635311,16750385.426220806,3875.4251592356686,1381
1.2361111111111045,0.0185163027409678,3316836.9131054133,150.5911680911681,1382
0.5445906432748511,0.0245833164608039,30602356.759366438,5449.558635394456,1383
0.49,0.2754675961337411,5501.767441860465,1.744186046511628,1384
859.0000000000002,108.12689904933592,93202.71860465116,1.627906976744186,1385
4.272463768115935,0.0280611585066498,61433049.21201117,6598.817039106145,1386
0.684271619268721,0.0204722626358324,27965906.223444976,3666.485885167464,1387
-0.6851798561151072,0.024822107646816,5693539.260158692,1412.4352007694158,1389
1.1600000000000064,0.0335699240198327,11100267.137424374,1180.418899452607,1390
1.8807017543859696,0.0221680602385312,18981940.052110977,2221.771773220748,1391
9.460000000000004,0.1677132393362655,21804.612541806026,5.60200668896321,1395
0.0108335750797752,0.0029155506613602,203775.0636363637,4.440559440559441,1396
0.4289494575284474,0.0647437826192566,60606.08867924529,1.6226415094339623,1397
0.4554114845197148,0.0247130450032095,563518.9786324786,6.675213675213676,1398
4614.384615384613,174.53727659502158,21464.985582524278,1.6844660194174756,1399
0.2121212121212121,0.1089569661070973,32616.666666666668,1.5,1400
971979.0000000008,20.738433801732864,23393.760726846423,3.722157092614303,1401
998570.4285714276,40.47116900271268,16712.537906137186,2.8231046931407944,1402
6149.400000000002,213.50307053348365,15277.124492753625,1.7971014492753623,1403
0.3760254035459116,0.0887352388688966,9265.745714285713,1.2857142857142858,1404
4.217391304347828,1.3377754041901233,5268.026190476191,1.5238095238095235,1405
0.4157184440328128,0.115057448889709,122255.54285714286,1.7142857142857142,1406
0.899999999999999,0.1615381924171356,581065.644117647,2.235294117647059,1407
0.1896296296296289,0.0965452536671625,73689.93003342884,27.72063037249284,1408
20900.92926045015,256.3878715074017,54512.0584375,2.395833333333333,1409
-0.0759922555663118,0.0320140240062142,39690.90909090909,1.3636363636363635,1411
6160.599999999999,325.33970807831497,255506.37333333332,2.583333333333333,1412
1.160493827160482,0.3727176498567975,245333.5305271141,60.660219946909365,1413
4831.528180354267,395.1210081868407,6359.850487804878,1.902439024390244,1414
4124.412541254124,883.9806142355587,13606.678125,1.75,1415
2.8852913968547678,0.0294072450027075,21202738.00341297,385.5204778156997,1417
3041565.265060225,2115.4673966819487,110959.89266960352,19.260352422907488,1418
-0.6428571428571432,0.1363126986465683,9992.721893491123,5.875739644970414,1419
6943.444444444442,2173.08711324892,1260.6944444444443,2.055555555555556,1420
60.53846153846149,0.2946534246200488,20830314.697453603,971.1497626240828,1424
0.1717777777777807,0.0323134422122463,24733529.79672501,1394.273291925466,1425
63.16666666666676,0.8393536225653478,7098.839650145773,3.967930029154519,1426
4.002608695652148,0.0312881047509822,72997231.82819493,6967.564893088016,1430
17.40712223291627,3.939264024158056,14653.125,1.125,1431
0.8195550672892062,0.3002926968198134,22287.5,1.25,1432
139.3026559604694,0.5648885532933812,4721.40625,1.75,1433
-0.0510000000000001,0.0037465905121431,21863.59375,2.0625,1434
119.378331900258,4.3327077566229,45967.86536842105,9.4,1435
107.09141445336628,7.982315308353533,3591.3222222222225,1.6111111111111112,1436
1.4941176470588258,0.0327855208411404,57341026.922361806,8483.885175879397,1437
-0.0664667666166872,0.0230703270579747,24883295.388359256,5376.269192172605,1438
0.035714285714286,0.0298204294624338,6255928.208582292,392.8506246605106,1439
0.0039500000000001,0.003688500363659,190546.01111111112,4.111111111111111,1440
1.629999999999995,0.0856918180859919,932730.4122287967,9.925049309664692,1441
-0.9044117647058816,0.366593128169857,1959239.746105919,123.2496105919003,1442
1.6162790697674594,1.8352527827912493,428079.8592777086,46.21129099211291,1443
0.928669410150892,0.0294370643216586,11568128.528872594,363.4390467461045,1444
-0.5937050359712246,0.0317291794569151,55079434.72498717,5184.470497691124,1445
-0.0657142857142873,0.0256675343664465,2426252.469686876,128.88074616922052,1447
1.000000000000001,0.0224370599801167,38117311.09695291,580.4736842105264,1448
19.0,2.592724864350675,4474.95,2.0,1449
8.318181818181827,0.1167009081774438,15494.93661971831,4.126760563380282,1451
8.801762114537437,0.0317225329681925,3252243.84375,59.21527777777778,1453
-0.419512195121954,0.0270514882973902,15878665.32977616,1896.258979698074,1454
-0.8638830897703547,0.2054264519602809,29471870.662581485,4727.121512385919,1455
917.5493460166406,16.0371919859091,21165750.510516703,3609.934237995825,1456
-0.8763157894736843,0.0371538606433806,2486627.485250737,92.23746312684366,1457
0.1494117647058759,0.0285314483746356,31535169.85011771,3775.228877844625,1458
4.263200000000011,0.1049441701076128,2067276.786122449,27.473469387755102,1459
6.778981581798477,0.0891511714526972,26150008.97654417,1589.698983580923,1460
0.1000000000000025,0.0205018431465699,2930093.433928572,97.21339285714286,1461
-0.9756,0.0300910743992172,2084251.0405040504,298.45394539453946,1462
0.2302857142857237,0.0293565609098977,1406651.4730728616,326.0308870116156,1463
-0.9712569712569714,0.0479686431223405,5522960.779979145,347.237747653806,1464
-0.5267857142857144,0.0390111774963936,1401151.1245614034,63.17368421052632,1465
2.246753246753248,0.0766589842444573,121961.1081081081,3.144144144144144,1466
54.5925925925926,1.3137886956723663,2855.134328358209,1.835820895522388,1467
36.03703703703707,0.4384488608715238,2903.7066666666665,2.293333333333333,1468
7.761904761904756,0.030496801720205,125552.64253393664,38.98670814479638,1469
-0.6862222222222221,0.0510874207012875,41267.58672615728,12.682097044060232,1470
-0.8711111111111104,0.0664626813202941,28082.512544802867,10.793906810035844,1471
6.000000000000014,0.039265192360963,33842.66376042456,14.427217589082638,1472
-0.992039312039312,0.4248620519641428,23656764.6,2998.538955823293,1473
-0.8036000000000001,0.052304750559622,5121724.004884005,458.5396825396825,1474
1770.0227272727248,24.09752279505023,94930.0605573419,9.511254019292604,1475
1390.8367346938653,16.7227638410748,32989560.4947651,3580.195436241611,1476
857.3333333333346,46.327440574880086,9464.364806866954,2.721030042918455,1477
303.695304695305,9.29145325025462,275930.2709884467,12.286264441591785,1478
321.64957264957235,8.038407292361722,23813819.69490085,1345.356940509915,1479
-0.47737556561086,0.0324346990179028,4098663.874580067,120.498320268757,1481
-0.6446666666666665,0.0428992879673029,4588823.425790754,365.8296836982968,1482
16.68488745980707,0.3398704488476588,6218.0,1.3176470588235294,1483
0.5635933806146523,0.0234622754008401,15424019.507092198,1658.9781778505185,1484
-0.9070588235294118,0.0310457439802881,12033210.294757666,2869.404055390702,1485
-0.7708737864077662,0.0288555685104283,1828580.673582296,357.362102351314,1486
0.533333333333331,0.0687808091610869,35740.21978021978,8.307692307692308,1487
-0.9512605042016808,0.0451462141487844,14641712.325331124,1533.4561258278145,1491
-0.5940104970669944,0.0271398636542979,14088042.329030486,3087.138972809668,1492
-0.4159827213822901,0.0394090861585101,7836777.57826685,1381.1477303988995,1493
-0.8280777537796973,0.0340532814276539,3297688.978770334,682.5508684863523,1494
0.3333333333333328,0.0479561518300229,3942.448275862069,2.4482758620689653,1496
-0.7942857142857134,0.9227208706675384,46982853.88969114,7219.233854793421,1497
-0.6109936575052852,0.0312884164086543,2058687.0564971752,187.19915254237287,1498
-0.4641758241758207,0.0290855853689716,819641.0859419465,69.82555492316449,1499
-0.5370370370370365,0.1598162290283666,6851686.976117745,1772.2241044154405,1500
0.1044642857142843,0.0239166022455027,24320788.504031137,3272.4904086738948,1502
0.4336432797971215,0.0287314290306512,10762806.07011686,1893.566777963272,1503
-0.025141097998974,0.0356835118570737,40076.7,7.22,1504
1.5196506550218332,0.0315940207736538,28502112.35687264,590.329129886507,1505
355.2322946175638,319.6978514544128,4769.4,1.6,1506
3.540000000000018,0.0333142974376061,107935815.5792752,14771.869762174403,1507
-0.1837837837837843,0.0304553328643001,10414778.716090988,3415.557146868857,1508
-0.8741935483870961,0.0294404214987845,975485.8807984256,172.54877705931966,1509
125.25000000000108,0.9858797974652066,344755.8110651248,85.39227023737067,1510
130.37500000000043,0.935607516316068,492504.8029180888,114.89192263936292,1511
-0.4037974683544316,0.0296957447978556,62697475.51405284,10895.378302417088,1512
-0.9312766967252014,0.0420377900954626,96564.96763421615,26.39513242662849,1513
-0.86041055718475,0.0372882842960125,1563063.341438356,186.0825342465753,1515
-0.1698795180722937,0.032922343619663,9179559.500703633,2053.97213622291,1516
2.2512195121951053,0.2948166840969021,321561.25522218004,29.86745157614888,1517
132.4806629834242,2.0010576284000567,1507567.252,137.20184615384616,1518
-0.3575252825699007,0.0237765990338676,1289521.6140350876,208.5177809388336,1519
0.1515789473684199,0.3011064058135962,127739.42308975644,17.94361027694361,1520
-0.4154696132596699,0.0514830478864111,9492336.465217393,759.9144927536232,1521
1.63,0.3537987629738137,2393.903225806452,2.3870967741935485,1522
65013.084507042186,45.4260778532468,34631.79710144927,4.780538302277432,1525
-0.6716417910447767,0.0312152617924641,578891.040560116,32.49106711733462,1526
79713.28571428577,79.0944077584816,15859.82456140351,2.431578947368421,1527
-0.8337129840546693,0.0395629441789256,4493516.955394191,466.7116182572614,1529
2.0370370370370368,0.6030959209286656,2322.8571428571427,3.7142857142857135,1530
2.7500000000000004,1.212595506085678,1446.125,1.375,1531
1.987323943661952,0.028790506653684,11227462.657834755,1633.4746438746438,1532
-0.0317848410757986,0.0732192073270341,4148908.5387906446,730.9575014261267,1534
1.686666666666671,0.0271760158199652,19488599.362054206,2882.583737517832,1535
125.9999999999998,4.517335568104174,24988.80064308681,4.620578778135048,1536
-0.4902749832327292,0.0272985299289139,2042805.370524563,65.26477935054122,1537
29.81664098613247,37.47070965426168,54942.62605042017,29.96638655462185,1538
-0.4870317002881887,0.0252021347893429,2203231.462264151,88.02695417789758,1539
0.1419989077007135,0.0309466891010722,38652804.55028571,7722.346285714286,1540
0.1184615384615372,0.0266358378872959,694759.9839163651,25.207478890229197,1541
-0.3150943396226386,0.0279881567804689,4771656.2046883935,867.6549456832475,1542
0.0495522388059674,0.026917092637257,69067081.30904908,3749.6434049079753,1543
-0.660949151896685,0.0401784654174482,2531371.832957111,6.711060948081264,1544
-0.5562499999999979,0.0266758183598173,19074924.033562824,4199.508605851979,1545
-0.6717557251908399,0.0330791153397844,2700134.82384106,353.6569536423841,1546
-0.5622580645161308,0.0340142411399524,46835625.67919656,9268.499282639885,1547
-0.7031578947368435,0.0392157479160141,1805889.668297798,408.6148199930095,1548
-0.8474285714285713,0.1596961708952068,211612.10879478828,31.952442996742672,1549
-0.0916666666666672,0.0263298255989266,43879329.0284401,5833.085033036484,1551
-0.2973333333333301,0.0235235477256105,725308.2872763419,52.55566600397614,1552
-0.5455958549222828,0.0626176671755256,636702.0546690307,141.1911938534279,1553
1.7714285714285607,0.5409465511341676,787160.7702012616,113.46230099128869,1554
0.0412726665925016,0.0174193014805575,6888093.256410256,49.84615384615385,1555
0.2665310274669359,0.0316786538538833,5856276.086374695,195.1654501216545,1556
-0.3653846153846143,0.0370897484248183,50741692.54145729,3205.0150753768844,1557
-0.5866060355518814,0.0385038246720891,589769.1885714285,8.397142857142857,1558
-0.0835887433825576,0.0491211942534476,26827874.34782609,215.2608695652174,1559
-0.2479674796747976,0.0366451252156574,7618637.031437126,205.3218562874252,1560
-0.1251885369532427,0.0301358784178561,6813824.036363636,178.38787878787878,1561
0.068667576170988,0.0387211155144398,2954229.891304348,81.15217391304348,1562
-0.9236942675159238,0.0313946232965725,1665302.384817625,220.32448205427488,1563
-0.069551058385669,0.0237392500092176,4648136.680640244,266.1417682926829,1564
-0.1333333333333323,0.0246829349924744,4751827.870588236,61.78823529411765,1565
0.0954407294832813,0.0293879482188718,929176.5117845116,11.432659932659933,1566
-0.204035874439462,0.035054136938196,77352.83597883598,2.931216931216931,1567
1.1955403087478542,0.0251164167114656,2524499.9505664264,26.464469618949536,1568
1.3840148698884611,0.0216851486831067,1498370.4492992873,140.65380047505937,1569
1375.770538243626,88.5653374859622,848690.5241935484,23.387096774193548,1570
-0.2046783625730992,0.0378036994952363,63066879.74194485,4926.346008708273,1571
3.443965517241363,0.0801014030176179,1832983.4802955664,315.4750175932442,1572
0.3846518237801954,0.0302180208198172,3702022.955665025,411.7771883289125,1573
16.9272727272727,0.5404988025180725,39813.59807073955,15.264201500535906,1574
2.3000000000000127,0.4810458781232569,129818.4916739702,41.185363716038566,1575
0.1013452914798171,0.0277882419062167,15279681.017945006,3307.963531114327,1576
-0.0048348106365839,0.0363453156808575,1841615.8170974157,73.78528827037773,1577
0.1757352941176473,0.0239570132668126,5134792.041291073,1322.5065425995929,1578
-0.0196078431372543,0.0258174211243986,33446968.380827505,4319.738636363636,1579
0.1074367088607592,0.0281682170531516,15920341.8,239.2,1580
1.3444444444444472,0.0608380862905003,17694241.44960293,2729.838729383018,1581
-0.288028802880287,0.0333820219008473,3370198.2941358024,904.7765432098764,1582
-0.228192371475957,0.0331640194375194,1465829.846870839,15.894806924101198,1583
0.9658536585365842,0.028756916406993,2247066.775417299,146.77086494688922,1584
-0.9820627802690584,0.1080232900721195,6763261.053662691,969.5741056218058,1585
-0.5510145755930274,0.0423941285911465,142022992.6161616,3404.6414141414143,1586
0.9791026429010456,0.0268282072686147,10943658.396184886,795.969185619956,1587
-0.997898148148148,0.2002567895471827,3953832.871840094,1048.6760728982952,1588
-0.3653846153846127,0.026667188986277,1784968.5772357725,171.6996951219512,1589
-0.315454545454547,0.0713776179665763,5689182.776670574,1605.1811254396248,1590
-0.9601706970128024,0.2844724997271473,12442087.697323266,1466.3493479752915,1591
-0.3869731800766288,0.075393128981853,31029.856102003643,3.5828779599271403,1592
-0.6400000000000003,0.0296164719134721,3304180.4486714974,362.7850241545894,1593
-0.5491803278688527,0.0430781588524029,98432578.7784091,3644.301136363637,1594
-0.4857142857142863,0.0261203997458581,3811725.316378908,358.2865142323845,1595
-0.9953326713008938,0.0419995835501412,12010450.979930796,1082.156401384083,1596
-0.3941605839416017,0.030014218292492,798022.9606458123,80.45358224016145,1597
0.5247619047618981,3.945912421222293,14213.580891719745,5.492993630573248,1599
-0.1304347826086956,0.048144276651164,531767.7142857143,4.571428571428571,1600
4.103092783505164,0.0826153346870138,3915482.769547325,425.00748222970446,1601
0.4519774011299395,0.0244385509248547,52883148.22004226,5502.137639601569,1602
1.0976047904191573,0.0251581325885105,59661479.95460048,8350.396489104116,1604
0.4629629629629623,0.1107652859512519,1825887.0532463072,288.69563723806255,1606
-0.373684210526316,0.0860093501746347,20774.44435797665,10.04046692607004,1607
-0.998669387755102,0.589820279024379,170558655.59597155,10372.80154028436,1608
0.41374947279628,0.0303746167296475,40470560.17469658,5926.809121000368,1609
0.0751597143930862,0.0109750100203098,19911945.339805827,280.9417475728156,1610
-0.783673469387755,0.052493543408984,16359657.001419444,3481.181689141235,1611
1.1478040540540504,0.0270606504416242,161426571.39654446,16811.906026127264,1612
-0.1999999999999971,0.1111409200525689,33430.39333333333,21.24,1613
0.6412213740458017,0.6671452904608103,52414.55555555556,8.297619047619047,1614
-0.8333333333333331,0.1294887446075756,5725.711340206186,1.907216494845361,1616
-0.6399999999999995,0.3445031029986992,94565.12517193948,45.448418156808806,1619
0.1512706736587317,0.0196312756718027,9382195.657001648,952.5110378912684,1620
0.0319680319680286,0.0211195229492158,494283893.0718287,27241.46985172982,1621
-0.6536585365853687,0.0384373581049371,329889.8501070664,30.637687366167025,1622
-0.1371496720333932,0.025238033179007,153635297.8487395,6880.050420168067,1623
0.7078880407124684,0.0171117305923523,45893028.26635514,2058.058411214953,1624
-0.0700483091787438,0.0289315270897098,28465350.08955224,2608.791044776119,1625
0.3600000000000003,0.1498251169427595,3464.75,3.75,1626
0.33103448275862,0.0197814403623689,3757459.931372549,158.7450980392157,1629
0.8373121131741736,0.0224953758988893,55522228.52791014,7303.076582709326,1630
0.7007419620774915,0.0254843584028706,23323284.6026603,5383.097203274216,1631
3.2091836734693766,0.0165022183241527,46000204.76730245,4381.612534059946,1632
2.3466666666666542,0.0235516573535844,27910393.047554348,2660.991847826087,1633
1.4555555555555522,0.0237676881765492,61588867.70008873,6272.333185448092,1634
0.2252336448598122,0.0253310413107449,6678590.986509859,2154.298166724317,1635
-0.4039569246180819,0.0240922781500586,134237294.86493954,11931.91433506045,1636
0.3260273972602741,0.0217241877942268,23195550.8083045,4048.2134948096887,1639
-0.4542974079126879,0.1900417062176279,546656.4859813084,12.700934579439252,1640
-0.7937931034482769,0.0456889236478158,129333517.60816891,14178.375216337834,1641
0.1002304147465431,0.0194013459271429,1693886.0840400923,66.45566692367001,1642
2.1641961231470974,0.0184506503672898,7485675.124521887,1378.4708882277944,1643
0.6908517350157688,0.0212956118872395,12529720.221098902,1541.3736263736264,1644
-0.0769230769230764,0.0300338239993019,29612966.234567903,2901.8024691358023,1645
-0.3385826771653564,0.0223566660929935,19152962.308450703,3668.7933098591543,1646
-0.9866857142857144,1.7739643302906631,8708163.818348624,1064.588990825688,1647
0.0736842105263126,0.024645528480438,28231880.22395464,7385.615875265769,1648
-0.0476190476190476,0.0336717514850737,1406266.6666666667,12.666666666666666,1649
-0.3256013745704477,0.033026700963785,7627288.125533428,1778.8936699857752,1650
1.4672675833936435,0.0183340115758772,4813323.938381862,479.6076372315036,1651
0.3424999999999858,0.0298518101773279,4339140.939415795,813.5441759826903,1652
-0.6468599033816431,0.0316633427612548,10931567.635409124,2343.618754525706,1653
-0.2173333333333322,0.1765108505556151,480305.6668145519,80.09094942324757,1654
13.94883720930238,1.1470253280795275,704729.0491694352,215.9435215946844,1655
-0.1655629139072825,0.028627040260141,900152.0478654592,22.59379042690815,1656
1.536585365853658,0.1463564504900207,19854.636363636364,1.3636363636363635,1657
0.6004123711340164,0.0348265700096529,2608558.901730104,249.76075135936728,1658
2.2597826086956574,0.0895561860760572,106806.59814528594,10.248840803709427,1659
-0.6581818181818184,0.0639612473693206,233122.6142034549,9.93282149712092,1660
1.4175098988121482,0.0374230140925571,412914.8006706587,31.525149700598803,1661
1.732452830188684,0.0209528405928911,274518.16384222475,16.170261066969353,1662
1.918611111111108,0.0335184029918805,537234.1690909091,2.636363636363636,1663
7.628400000000003,0.0260273858784222,358045.8050037679,8.485305199698567,1664
0.9619496855345906,0.0296214259287192,517011.8751041666,39.78888888888889,1665
1.1701754385964938,0.0275016393470651,784558.3086885245,100.25914249684742,1666
1.1082251082251031,0.0267866577632304,471894.322757177,34.66925837320574,1667
-0.9963581833761784,0.2834866256801731,25502809.958808064,2215.080631025416,1668
2.095238095238095,1.6942213897274248,56.6,1.2,1669
-0.989389534883721,0.4210959921950066,3688593.845771144,526.4084577114428,1670
-0.5487309644670052,0.0249869316360763,9677891.351310862,1889.7344569288389,1671
0.7935302390998551,0.038458348147748,265426.9396444122,10.674165457184325,1672
2.205035971223018,0.1004513091114814,49742.94825765576,18.44139387539599,1673
-0.2897435897435888,0.0368553223751868,4103383.164319249,663.8615023474179,1674
-0.5041880572818156,0.0337200074592939,38120717.4440678,3967.840677966102,1675
0.3980645161290315,0.0301897681023222,1860172.707604384,185.3695198329854,1676
-0.0729742056453639,0.078564570973751,311604.05898854963,23.408396946564885,1677
0.1685823754789275,0.0226305040674361,6824781.241935484,388.27016129032256,1678
3.359058823529396,0.0249449960908697,14439833.679418515,1334.8848508033666,1679
0.7587607922803428,0.0175610229936202,1918137.428367444,192.06520704426464,1680
0.4867924528301885,0.0194685925296819,2849423.6725082146,289.2990142387733,1681
-0.1966850828729295,0.0300233952079959,8058910.159348791,2497.689689195856,1682
-0.5263157894736831,0.0215226764507128,5378265.523383085,610.9771144278607,1683
-0.6899999999999997,0.0533779866239049,128805.2520746888,44.940871369294605,1684
-0.6687499999999976,0.0320086377603681,1648233.6044427124,464.7961808261886,1685
0.1884498480243135,0.1331771181168737,187729962.52367905,11740.23326810176,1686
-0.4923384410393057,0.0339590618713617,496653.9290397351,25.47019867549669,1687
0.0176056338028121,2.154695882024652,1283542.497032641,284.3293768545994,1688
-0.8927613941018768,0.108920286063987,155546.0510948905,84.27737226277372,1689
0.0066666666666665,0.0050713720803004,1285.75,2.5,1690
-0.3156843156843146,0.2229950187040513,505306.7915831664,168.02805611222445,1691
-0.7878048780487812,1.1294280749880532,3670900.261166253,596.9950372208436,1692
-0.9994574064026044,0.181188968003081,179063.98566703417,136.63065049614113,1693
0.4385382059800629,0.027114597528483,55759430.68695306,8219.114558472555,1694
-0.8219178082191783,0.0319433349412673,1673185.628685259,345.9406374501992,1695
-0.5445794392523353,0.0336250459092927,487057.295448,101.5128,1696
1.0459459459459437,0.018946689811181,4571016.553435114,360.08396946564886,1697
0.3611111111111182,0.0216543262345405,52779736.96343913,10487.754921655283,1698
17.71074940657854,0.1703448419167496,266600.51943217666,26.7615141955836,1699
-0.6509945750452085,0.0418869338066034,142538.8949219858,3.710638297872341,1700
0.0207058823529397,0.0187384747819996,10179440.254604992,1092.0884158821125,1701
-0.0554166666666628,0.0163032858707376,78975985.77093486,7893.946389011963,1702
19.967741935483936,0.8001025757789739,4024574.323224262,1407.1029529130087,1703
1.233030303030302,0.0236670292442339,326463.2454223968,5.132612966601179,1704
0.9992307692307688,0.0255039080240562,75617784.07682672,6742.171607515657,1705
-0.0209884901828063,0.0405059804572462,382980.0937964776,4.271037181996086,1706
-0.5897058823529417,0.0476049839108655,330643.03811034485,14.026206896551724,1707
-0.2880804077010221,0.0319650299860492,297690.99238627893,11.457867263236391,1708
-0.155880797037562,0.0267520584551192,224015.5799271137,17.294460641399418,1709
-0.5153762268266094,0.0441227855557905,564133.3569287697,106.55781683626272,1710
0.5894845360824748,0.0340225639489028,355466.9638924339,7.230628988149498,1711
0.2355086372360804,0.0280538907601576,377943.6022299249,21.127671865973426,1712
1.0117647058823396,0.0246069634342062,505410.9914857386,41.65006385696041,1713
0.5600220264317184,0.3229419118111424,193330.9,1.25,1714
-0.0944281524926689,0.0307520553230137,1415417.0222359155,167.80868544600938,1715
-0.6462492731149427,0.0403727691557897,3276289.238342657,269.072027972028,1716
-0.9054929951426745,0.0432248385980223,789708.5169092272,26.3390847711928,1717
0.831084387890652,0.3944281835559243,224196.8333333333,1.8333333333333333,1718
-0.6633581013640906,0.0403133789080012,905362.0448788694,44.720053835800805,1719
-0.1471215351812361,0.3895488012698763,274948.0,1.8928571428571428,1720
1.86796956586603,0.1776143876540662,86843.85714285714,1.2857142857142858,1721
-0.1024077046548955,0.1317731911240121,113090.55555555556,1.0,1722
-0.4475336322869959,0.0481553924208568,273874.734515571,1.8235294117647056,1723
0.7792805755395649,0.0330277660244569,301441.2470306038,12.409429280397022,1724
5.163317384370012,0.0519524062680991,219474.2924155194,6.260325406758448,1725
0.3944572748267907,0.0302466691022624,787235.795701275,70.28415300546447,1726
2.1938461538461747,0.1777399048163019,128092926.0664723,17180.362682215742,1727
0.5753846153846152,0.2148712601625042,4318.772727272727,1.4545454545454546,1728
0.6922043010752705,0.0403755789700889,340833.35003957787,10.850923482849604,1729
-0.8928571428571426,0.2514326150441362,7650187.648023143,3141.702025072324,1730
-0.8979381443298968,0.2679448475532588,41810322.82256509,9688.171648987463,1731
-0.4352823588205903,0.0555743547375893,246105302.03882915,16472.710872162486,1732
17.774563318777297,0.033856586954109,237713.68682203392,4.765536723163842,1733
7.653787555609718,0.0414339513023977,264182.0842702703,3.482882882882883,1734
-0.4875949367088604,0.029105574866338,1036812.3434453268,106.53695784972513,1735
2.028235294117639,0.0321428374245251,17904385.528211806,2675.995659722222,1736
-0.5227344992050881,0.0229215246715246,26977144.713525835,1304.461246200608,1737
1.1571428571428566,0.0356761740592971,132722.87563049854,6.917888563049853,1738
-0.7018229166666672,0.0315978350769208,865615.3616652212,246.7055507372073,1739
-0.7461979063796174,0.034727998194941,381446.58225037256,27.10655737704918,1740
-0.1351301458371785,0.0304377508355065,432470.53135101794,25.99074645280691,1741
1.0460301997077417,0.0276415771795323,830139.5560249151,75.54303510758777,1742
4.367535466842621,0.0348053633777383,180069.79570302233,9.342969776609724,1743
-0.6996800465386854,0.0416091395159439,450424.90395348833,18.11627906976744,1744
-0.3901973265436015,0.0306875248300295,316882.467928,20.0016,1745
2.3140096618357524,0.0355192079474131,208990.00318181817,11.836829836829835,1746
2.2534464475079576,0.0569872278033678,162353.05723790324,3.405241935483871,1747
10.069819160765451,0.0340240785963179,311946.0483846154,1.893846153846154,1748
7.428860418071469,0.1281192136057085,212057.8063142857,3.6142857142857134,1749
6.882030929245927,0.0377465325791508,347832.81297263684,5.560945273631841,1750
5.009478672985764,0.0200847758452333,266075.22987917555,6.508884150675195,1751
-0.7696827262044659,0.268530336010934,1187167.5261153427,269.1507072905332,1752
-0.3952671755725219,0.0216724516746765,35363257.68555896,5784.946076282332,1753
0.2046979865771798,0.0664267651937067,52131.03746397694,37.10230547550432,1754
-0.0740740740740765,0.037728843182738,113069.93603313393,71.865623561896,1755
-0.0350496277915663,0.0307474444141705,766087.4240963855,11.496512365250476,1756
2.906249999999998,0.0634779021411041,39760.27374301676,6.895716945996275,1757
-0.5748828491096531,0.0357081807791601,2208799.9870689656,16.59698275862069,1758
0.6607553366174088,0.0590993466888646,288593.0575499093,2.713248638838476,1759
-0.6107281785299942,0.0813700297573047,1221565.0919587628,114.16494845360825,1760
0.4507197011317434,0.0286098605581366,115342.70394557824,10.401360544217686,1761
-0.454688455824522,0.0515349372682864,569810.8242158273,27.11223021582734,1762
-0.6156583629893215,0.0305680746724167,542050.6806287426,10.671407185628745,1767
-0.4678362573099426,0.0196608130592574,13221051.561771562,1536.6142191142192,1768
2.188542650299022,0.0514253883943214,442959.4810126582,1.8987341772151896,1769
0.1687500000000108,0.0291792097292685,24702006.139478765,2823.1655405405404,1770
0.0326397388820889,0.0208039652023069,7345.166666666667,1.3333333333333333,1772
4.5606116433308825,0.0259150338168582,479738.3364377358,7.722264150943396,1773
1.4841915085817503,0.0243640494248848,236952.7406380028,45.18932038834952,1774
1.5453692848769016,0.0494044960286466,188422.72555379747,18.76582278481013,1775
-0.2996108949416357,0.041521132434575,407901.6045428072,128.05824111822946,1776
0.4440000000000099,0.017727711702494,10872951.964147286,2099.1371124031007,1777
0.2162650602409588,0.0197445324440315,126268304.82775351,14854.832120329937,1778
3.035652173913044,0.0255395128712004,33106384.33602875,3308.100628930817,1779
-0.973929961089494,0.0474339474291022,978445.383448276,145.0,1780
-0.5390243902439027,0.0587495636905213,1137681.8379096545,506.6412754650133,1781
5.932791144244894,0.0433387625995874,429608.9119196428,4.558035714285714,1782
1.8909845046173133,0.0241542906384884,518497.8508196721,1.8442622950819672,1783
2.492873292047584,0.0305088912973436,250854.4634450402,6.882037533512064,1784
0.5383966244725682,0.0191724126620264,765171.130870382,14.405134627426424,1785
-0.5938375350140057,0.3326561342821161,155521.13692307693,97.27846153846154,1786
2.3915789473684304,0.6235721111323725,32733617.17288801,4488.16961362148,1788
-0.4596564289432547,0.0351713483032515,10011603.62409514,2016.6949327817997,1789
-0.7069531249999974,0.0300858232686021,1384926.4157729803,111.99233983286908,1790
-0.137951105937139,0.0320042684816204,12063455.912571132,2840.320227625453,1791
0.0103448275862063,0.017231567380518,297666766.39553016,28491.029625779625,1792
0.4774193548387091,0.0331335007465422,55494141.75813221,6485.504721930745,1793
-0.414457831325303,0.034502171702851,26638520.474590164,4846.481967213114,1794
-0.5458106267029976,0.0265929374645035,77846399.90623336,11909.458710708575,1795
1.0897747783096603,0.1365440394204492,563480.8529411765,1.8823529411764703,1796
-0.189987011453539,0.0370627704174791,2604506.151218725,254.84665052461665,1797
9.105263157894772,0.2788964662220453,2202206.8250497016,778.3250497017892,1798
4.428160919540222,0.0370150288687971,17721958.436748713,2915.9622209502004,1799
2.3361897170187387,0.056356668146959,356570.4880655738,39.12950819672131,1800
-0.0169361046959207,0.0186452728341848,7288916.502439024,715.9073170731707,1801
4.49523809523808,0.0789026541443201,6928770.941287879,1899.893308080808,1802
0.0347197106690739,0.0240043788159064,634342.8399029715,65.05700424499697,1803
-0.1256830601092892,0.0487766880307493,1505123.409221902,5.70893371757925,1804
0.596695329624009,0.0398848604341895,296542.5897435897,1.4065934065934067,1805
-0.3855177993527492,0.0502712080720096,164646.70613861387,5.2549504950495045,1806
10.383076923076938,0.0561723209963486,72353.43081761006,6.721698113207547,1807
1.6660590178876595,0.0867305124104221,324708.80305084743,1.7372881355932204,1808
-0.4196969696969707,0.0319931766514385,12021406.142676769,3201.693813131313,1809
5.183823529411784,0.4011852031004872,38215072.36174636,9851.39501039501,1810
9.714285714285744,0.0346762117693075,353192.8303341902,5.16452442159383,1811
0.3884892086330935,0.0199076708417823,5388801.006355932,1033.3898305084747,1812
-0.25,0.0971008285614517,110817.4479638009,59.10407239819005,1813
3.2999999999999954,0.1120145953843939,74141403.41338582,5996.157480314961,1814
0.4027615258600552,0.038921539745851,51360.567943661976,5.101408450704225,1815
2.876361306854581,0.0271749488048902,119603.25600910468,5.482549317147193,1816
4.635514018691575,0.0246235285655426,381310.9734866469,6.2373887240356085,1817
1.2170681348933323,0.0243389556626164,114242.46994863014,2.86472602739726,1818
0.8652037617554844,0.0336723403579447,2860671.073512252,62.93115519253209,1819
-0.5259100642398283,0.0725119479716999,137531.79674725275,16.923076923076923,1820
0.5378432914942353,0.0391723612179863,147564.3725,2.217948717948718,1821
-0.5972273567467663,0.0369773408911096,555349.65894081,10.91381100726895,1822
4.145248762084407,0.0304755554715691,233530.1464044944,4.598314606741573,1823
1.006844106463879,0.0307511031961753,95959.31995807128,8.29769392033543,1824
34.51020408163247,0.0411490910001628,466838.7906976744,59.11845930232558,1825
0.9759496987162696,0.0405544983644752,196292.97788395904,5.764505119453925,1826
0.8080161670596142,0.0372523206665472,127630.3046277666,3.088531187122737,1827
3.739649249683586,0.0340273410397899,508328.7658890702,7.512234910277325,1828
0.8771791093059174,0.041686034444311,183080.86304347825,1.790513833992095,1829
-0.042490118577075,0.0372062278507165,8810755.666666666,3.333333333333333,1830
1.616632860040566,0.0384165864693235,70579.8593814433,1.4879725085910651,1831
0.1722619702806826,0.0425817743655016,133871.31205128203,7.73992673992674,1832
0.5287049399198944,0.0334981342978862,58258.79575757576,1.3393939393939394,1833
-0.8335370751982114,0.035694237593934,299743.85717416374,13.349480968858131,1834
7.344827586206884,0.066270013803704,149396.89957567185,82.92362093352192,1835
26.3157894736842,0.0394400968590038,70814.83406113538,11.410480349344978,1836
8.334166666666668,3.129499537283352,24286.125,3.0,1837
-0.6169014084507041,0.0503931849351752,12572.015384615384,5.030769230769231,1838
0.2281690140845071,0.0197733601850831,19352267.387171563,4857.176197836167,1839
0.1214057507987267,0.0258243716623816,950963.323051948,478.73376623376623,1840
0.1258064516129031,0.0298725447465244,316267.05258764606,300.2253756260434,1841
0.057597793380139,0.0390492639721832,342546.5946969697,1.356060606060606,1842
0.2021857923497305,0.0256362571315387,280487.3999490446,8.080254777070063,1843
0.0464714086471402,0.0263808148354128,252003.92839662448,4.9985935302391,1844
-0.5419157088122598,0.0470483865939617,496700.86317939614,15.13854351687389,1845
0.8294153471376333,0.0438533456086208,214557.9498753894,5.686915887850467,1846
2.8434864104967312,0.0337882636902212,210510.82697974215,8.681399631675875,1847
-0.0629807692307703,0.0501666219663735,359699.4207053942,8.253112033195022,1848
-0.0440677966101676,0.0293734455850512,2844914.658051846,281.75098193244304,1849
-0.0082628173220489,0.0334389017062329,519000.6742143601,25.643080124869925,1850
0.1416630004399468,0.0454944989026343,345841.4090909091,1.5,1851
0.4669315260574889,0.0307758427256064,114265.42201834862,1.275229357798165,1852
2.291844620703681,0.0327561441250987,326193.854137931,3.23956442831216,1853
1.1570741584408997,0.0489327209023328,110688.04277777778,1.4365079365079363,1854
0.0919907654057892,0.0637930293243569,114691.63829025846,15.984095427435388,1855
-0.5916749256689788,0.0456197369138994,1175228.455839416,80.06569343065694,1856
1.323529411764703,0.8325147585140729,396806.9463087248,187.99328859060404,1857
1.8520069172658584,0.0323574714666486,312323.2559081419,9.847599164926931,1858
1.0797674071865218,0.0578402025838307,85520.12930635837,3.846820809248555,1859
0.5269444049481002,0.0389929010667522,179318.97820945946,3.731418918918919,1860
0.9813409079778596,0.0426259442119016,185177.90837209305,1.569767441860465,1861
-0.5673868312757202,0.0335554226168908,700689.0767922606,17.08553971486762,1862
0.0321111111111112,0.0104653067341879,106225.66666666669,1.6666666666666667,1863
1.3975887107822995,0.0284688531963322,182357.10264957263,8.136752136752136,1864
0.7565217391304353,1.7999907849486536,355703.0740740741,25.85185185185185,1865
0.3739130434782609,0.988120087575684,182836.88461538465,20.115384615384617,1866
2.858695652173912,0.0649202118017632,210149.7954239569,31.052489905787347,1867
0.4565217391304361,0.0570001358931796,158246.9760319574,29.71238348868176,1868
-0.0722689075630252,0.017070998407105,52264653.94369548,6655.345757335448,1869
4.821262640065579,0.0488430999345668,97232.05784565916,2.543408360128617,1870
-0.962640099626401,0.110330775310848,55551.42657342657,4.867132867132868,1871
-0.4784533648170015,0.0827484512693474,883590.3990373281,124.77799607072691,1872
0.9433870180575894,0.1162012367097599,47390.18297872341,1.6170212765957446,1873
0.2718271827182723,0.0392809045802702,99545.275,1.075,1874
0.6314706890641046,0.0634950272383951,206778.25549145305,11.52777777777778,1875
0.9856990899420895,0.0463601052037547,121246.17488839288,2.6450892857142856,1876
5.547008547008557,8.30975665302715,59488.329004329,5.796536796536796,1877
-0.3136181087988319,0.2124976592192702,126858.36363636365,1.7575757575757576,1878
1.9492753623188297,0.0317787760928997,14614868.539951574,4642.333333333333,1879
2.9993437243642256,0.0842160917207888,84387.21233429394,5.648414985590778,1880
0.7978723404255381,0.0365012830797577,127531.22352941176,60.38725490196079,1881
1.216643220430691,0.033514036205076,332375.53472222225,1.1875,1882
1.1670521817540296,0.0302104775345561,118255.43820598006,3.637873754152824,1883
0.538317757009346,0.0317408982584502,201941.7684529828,57.61071789686552,1884
0.4874165382639941,0.0405533743939406,158340.54642642642,4.411411411411412,1885
-0.3489237577952128,0.0470475966385265,1007725.2056183744,133.70848056537102,1886
-0.2026041666666687,0.0272605191879023,5684941.739093959,1291.1870805369128,1887
2.680981595092019,0.0309620237162229,766208.133447391,94.30538922155688,1888
0.6161431701972238,0.0292836634874812,49557.07481481482,2.6481481481481484,1889
1.6835443037974698,0.0960022289357002,117842.90578887628,75.75936435868331,1890
-0.4081841432225052,0.071028868206074,21131631.75972973,1534.2179054054054,1891
0.5756302521008374,0.064714619947916,67073.39277456647,10.06936416184971,1892
1.61643835616439,0.0303707637939086,24823276.820124667,5389.363312555654,1893
0.110628019323673,0.0265995383577358,10990865.64075067,1840.0974084003572,1894
5.300000000000008,0.5902602415451494,2171551.635714285,649.2214285714285,1895
0.645714285714295,0.0392592804983999,149163859.4940639,9293.063013698633,1896
1.9149866407578364,0.0663661789353138,55562.140861538464,4.467692307692308,1897
-0.2590757908145206,0.0590286000534676,491797.03682382137,53.24317617866005,1898
1.1590389016018334,0.0260833332241727,157858140.5889292,21017.887477313976,1899
0.1864754098360641,0.0613953102313903,501750.8199268738,200.6124314442413,1900
17.550000000000026,0.3610028563724055,355915.5398089172,165.59235668789808,1901
4.358874878758484,0.0719129309609662,13274.272340425532,2.782978723404255,1902
-0.0349999999999991,0.035336434268175,148348.76438356165,79.0054794520548,1903
0.7741071428571371,0.0405079211416283,160853305.60037002,13616.925994449584,1904
-0.1008333333333331,0.0462868848775707,115719.40056818182,62.28267045454545,1905
-0.2589743589743571,0.0333492179872348,15283139.72846442,3973.373595505618,1906
0.97751902236569,0.1047123098740848,153488.77852459016,5.032786885245901,1907
0.1224999999999991,0.0192324138366818,802701.9208416834,336.73446893787576,1908
0.6574999999999867,0.0246180999263895,388934.5667011375,204.68562564632884,1909
10.140000000000004,0.035591184845305,37230.85016648169,11.819089900110988,1910
4.312499999999991,0.0851476086002567,22317.94472361809,7.512562814070351,1911
0.2677852348993221,0.0202539982761985,73990476.79861796,10742.91707798618,1912
-0.6186285295196179,0.0228021797983661,4577967.266666667,910.4287581699348,1913
-0.8210993513144413,0.042711167038659,196916380.54274356,16606.813121272367,1914
1.0690909090909075,0.0202158754367352,17072424.69085487,2314.1729622266403,1915
-0.4324324324324325,0.0739840434823717,5575493.529411765,1163.2058823529412,1916
1.1912738079157097,0.0746963259745905,183085.07142857145,1.0714285714285714,1917
16.257039055404178,0.960324501712884,13853.25,1.5,1918
1.2895622895622902,0.4550047163672118,338233.61122824973,153.935516888434,1919
-0.678362573099415,0.0808166819520466,7578.260869565217,13.195652173913045,1920
-0.8828571428571429,0.1216622123720265,3814.139534883721,10.581395348837209,1921
-0.4121621621621618,0.2717847092484513,7607309.618163055,2594.262125902993,1922
0.0723025583982208,0.0205069237462284,12337374.093360996,3957.311203319502,1923
-0.7538461538461539,0.0382514145519325,42753825.73063973,5192.231200897868,1924
2.0282101167315254,0.0289725628283647,301958031.3069519,22106.332620320856,1925
-0.671626984126982,0.0307264561000317,46388461.57158235,4790.916038751346,1926
-0.4390934844192625,0.0307876597524252,19772167.67727772,4568.194291986828,1927
-0.4549767047861071,0.0429065507393813,61632.00746268657,1.0746268656716418,1928
-0.0443478260869564,0.0174341773945783,682194.8333333334,22.77777777777778,1929
0.2555999999999965,0.0282934411175994,6002436.286046512,859.7162790697674,1930
1.077102803738315,1.5245762132203269,754266.9137168141,366.9469026548672,1931
-0.4547934528448951,0.0352256891094705,519786208.4651712,33389.939787485244,1932
3.104197530864198,0.0291013910608147,199716848.589372,13054.619565217392,1933
-0.4703639514731386,0.0391490368199109,113237938.03995158,12101.33171912833,1934
-0.13256756756757,0.0569679068778229,122866842.1393597,6321.408662900189,1935
0.1527173913043464,0.0566164220085282,56188123.83926381,6676.960736196319,1936
0.5514285714285727,0.03207679001743,10970236.486404834,2024.3232628398791,1937
1.2826666666666702,0.0383860861039049,2013952.9258698944,236.86989409984872,1938
-0.1347905282331529,0.0452812802511959,15134221.190095847,2939.6757188498405,1939
7.641196013289036,1.1968636787984863,4681.5,2.2142857142857144,1940
1.2829268292682925,0.0417224854972917,46505544.58264463,6314.54958677686,1941
-0.0198087431693982,0.0358752909411414,20369139.05498282,5576.211340206186,1942
0.5698466780238511,0.0446100491959238,123770.32056179777,2.02247191011236,1943
-0.6246984598255698,0.0527359634177615,17520845.65038674,2694.988950276243,1944
-0.6842881504355443,0.0514688507880023,962169.738517647,57.39058823529412,1945
2.3198721184586866,0.0275374472824671,186882.90673003803,8.060836501901141,1946
-0.8613778046663337,0.0564657343242072,330142.29250704224,13.664788732394364,1947
-0.8515127142238447,0.0645073099260175,2949658.306572668,250.72234273318875,1948
-0.6620020524302637,0.0545963749321913,1792360.222593516,199.59102244389027,1949
-0.6710533214491694,0.0472288307346901,823658.4163655915,44.15483870967742,1950
1.4751630303518213,0.0318880642299017,134835.58643939393,11.583333333333334,1951
0.1011760313608358,0.111704742752609,71342.985,2.888888888888889,1952
-0.0044135121371571,0.0458795743563824,153726.9131880109,10.907356948228882,1953
-0.7674330426389993,0.0497582290219782,1056052.648125,94.3101851851852,1954
1.6562091503267982,0.0321884814604991,1094400.3596875,29.38020833333333,1955
0.6432341144184102,0.0695895013326086,45883.89242424242,2.9696969696969697,1956
0.5980392156862742,0.0408305080583575,3730.2195121951218,2.317073170731707,1957
0.2217017208413025,0.0359686479998748,145939.43964664312,7.692579505300353,1958
-0.6495609756097556,0.0514491547360614,551802.8653825857,20.770448548812663,1959
1.8191518255538732,0.0339698959471976,176791.04352380952,9.633333333333333,1960
1.5679417122040062,0.0417867817019418,105047.24856115108,10.870503597122305,1961
0.5832363213038414,0.0940057418229263,70515.8164516129,5.145161290322581,1962
0.6735119230061906,0.0364655560276331,232661.39234234235,7.81981981981982,1963
1.5796502744609828,0.0495799419105202,116434.14270676691,17.105263157894736,1964
-0.7747516717522556,0.059850005010627,576293.1273015873,99.07936507936508,1965
0.4180930379082237,0.0345617861115862,118198.28090361445,2.8734939759036147,1966
0.5919398293668598,0.0285121793347608,116156.7755279503,2.074534161490684,1967
-0.3912235278496975,0.0776759414456676,139556.7925,9.696428571428571,1968
0.3788191577208928,0.0355552071183685,273872.4761928934,11.390862944162436,1969
1.5293507092607563,0.0332277185904877,692593.5352631579,3.6432748538011697,1970
0.0766084046113784,0.0431719575685263,144530.3042857143,2.208791208791209,1971
1.803786663907717,0.0386101511316433,192568.38879310343,10.198275862068966,1972
0.3137446611434153,0.0274480579999142,133090.17167763156,13.634868421052632,1973
-0.4465200361554683,0.0504181652842931,310552.2368666667,26.526666666666667,1974
0.5597922420544947,0.0384532061047215,114466.5786516854,14.98876404494382,1975
-0.3418084888250969,0.067176461948376,143517.8894117647,15.941176470588236,1976
0.93118842364532,0.0458919515446988,117889.43352941178,4.941176470588236,1977
1.9496306245802533,0.0342277704443255,137249.6250967742,8.55483870967742,1978
1.6065887063748463,0.0364417483880358,133679.25159722223,5.125,1979
0.5858602970241118,0.0717484533308929,50480.28912698413,2.2698412698412698,1980
0.882683693891168,0.0353206234232348,451104.2296787148,2.9759036144578315,1981
0.524480798236453,0.0373894483698522,112281.6658076923,9.173076923076923,1982
0.0624999999999937,0.0231373285559408,54856876.279329605,8592.217877094972,1983
1.8917197452229289,0.0614384550447378,256248.31482233503,8.959390862944163,1984
1.4282265018683535,0.0298480200160787,488371.48055384617,53.963076923076926,1985
0.5001778629087432,0.0963082987915506,60574.89399999999,2.8,1986
0.979394449116906,0.0833864853522003,348470.9677142857,1.8666666666666667,1987
1.445887445887443,0.0774392607487048,40261.71,3.076923076923077,1988
0.558580178373151,0.1068161177623609,96410.92361111112,3.555555555555556,1989
0.638065522620904,0.0986637560959575,30024.21056603773,2.320754716981132,1990
0.5252483156213117,0.1056156962463194,43489.12287234042,2.24468085106383,1991
-0.567770058575126,0.1359328887816232,33565.63553571429,1.8035714285714288,1992
0.663137789904501,0.0981674976336091,46621.5325,3.119565217391304,1993
0.585185185185185,0.0732136510463348,29949.28970588235,2.4411764705882355,1994
1.4126582278481,0.0500310678564198,17810.793362831857,4.9734513274336285,1995
0.2681772066283401,0.0559385199323775,73253.39671052631,55.06578947368421,1996
0.3266720849070132,0.0871033407996238,29538.317413793106,2.362068965517241,1997
2.261889996660782,0.0947273457855053,58682.59728571429,1.8857142857142857,1998
1.136752136752138,0.0333614700332222,136791.74931972788,14.299319727891156,1999
0.9415609381007306,0.0817672293036181,91019.95734693878,4.244897959183674,2000
0.2636112644947543,0.0436598699084394,29565.513958333333,1.6041666666666667,2001
-0.1122614997781381,0.1030195513678949,128352.62834862384,4.963302752293578,2002
0.7201823854091673,0.0973151850143614,23845.440454545453,2.272727272727273,2003
0.1103284959621107,0.0875955386994044,21012.0975,1.6785714285714286,2004
1.5151394817829835,0.0884452130333577,656176.254137931,3.7586206896551726,2005
0.7208927130949181,0.0658214116863584,22193.82191489362,2.1702127659574466,2006
1.1018910819468863,0.0486331878262447,490554.79301369865,1.4246575342465753,2007
1.917378673957622,0.0659773421053673,69401.6488118812,1.881188118811881,2008
0.4481382978723409,0.0523590622698055,42227.67957746479,2.591549295774648,2009
0.5507733134303603,0.0735172780362729,35542.14823529412,3.4705882352941178,2010
1.080845199816261,0.0601980148417704,64552.50933701657,3.1878453038674035,2011
0.3987296182306328,0.0342880344263998,129382.62172413792,3.353448275862069,2012
0.2835061031711952,0.0649767267017699,101173.53272727272,2.659090909090909,2013
-0.1872489530809334,0.0534702184672371,23077.0,1.0714285714285714,2014
0.7506234413965087,0.087713425631234,36985.198139534885,3.13953488372093,2015
0.3518184037100316,0.0563335232186969,75987.96549019609,2.431372549019608,2016
1.98509286412512,0.0750144354040697,48789.235,2.395348837209302,2017
1.6919960474308282,0.0639336903253207,42476.58578947368,1.8421052631578947,2018
0.4818689309002204,0.1378981269157031,73837.92736842106,2.263157894736842,2019
0.6923411662315055,0.0771103048301908,303911.6973584906,2.5849056603773586,2020
-0.2360248447204982,0.0620302897372416,9570978.73422562,2073.497131931166,2021
-0.1859720605355068,0.0382762712834477,109544621.81765836,14647.56621880998,2022
-0.2622857142857114,0.0356672708905589,47779106.497064576,6742.062622309198,2023
0.1840445269016704,0.0115466051099365,372233.7255555556,9.666666666666666,2024
0.1614284222616677,0.0094428568135474,467233705.9315217,41856.32608695652,2025
0.1636491651579164,0.0093725415170697,15339862.955434784,970.9021739130436,2026
0.1630815407703842,0.0095731939272364,93085885.76195651,2267.5652173913045,2027
0.162522741055185,0.0096078947568338,171706.34130434782,17.880434782608695,2028
0.2034632034632046,0.0095776005438138,1706433.0673913043,116.3695652173913,2029
0.1535150645624108,0.0102241552135312,80429.5476744186,4.523255813953488,2030
1.2800000000000016,0.1861593485674864,9298.474576271186,10.28813559322034,2031
0.1140641338445458,0.0120706810528704,781697.9336956523,13.48913043478261,2032
0.3333333333333328,0.0597679352924074,49995.332717391306,87.56521739130434,2033
0.095238095238094,0.0382996970433836,23696.05826086956,80.68478260869566,2034
2.5,0.1550638789163442,6165.287285714287,14.9,2035
0.296296296296296,0.0990361843469497,6175.846153846154,9.753846153846156,2036
0.1999999999999977,0.0569661765896623,87817.55555555556,58.86666666666667,2037
0.3928571428571423,0.1307366863052385,12392.81690140845,17.943661971830984,2038
0.1693735498839912,0.0101386733980094,86093.1811111111,5.288888888888889,2039
0.2271386430678468,0.0117915963344806,143296.6426966292,5.696629213483146,2040
0.0912595389819839,0.0101612895420654,12099081.177173913,499.9130434782609,2041
0.2868327402135229,0.0147961271963889,163805.80326086958,13.869565217391305,2042
0.1576793023669691,0.0099856413351116,6821492.024999999,490.8043478260869,2043
0.262748727440999,0.0104308044249368,29475626.030434784,2148.6521739130435,2044
0.0885496183206107,0.0092516689377938,1370110.160869565,65.1304347826087,2045
0.1604458533592392,0.0092308590857691,343062.93586956523,4.923913043478261,2046
-0.0194174757281556,0.0217771461476912,108075.23217391304,4.608695652173913,2047
0.010200000000001,0.0092160475370138,115836.69406976744,11.732558139534884,2048
0.0914890001437893,0.026598421356407,178433.77777777778,1.1111111111111112,2049
0.6666666666666672,0.8352722597909173,7648.942,22.475,2050
0.4648013765242762,0.0578215312471873,30140.4155,3.06,2051
0.3654085441725438,0.0421619388930932,37236814.8125,5723.627155172414,2052
-0.6816901408450704,0.0419163067920473,274985434.9049676,35822.24838012959,2053
2.727260897852958,0.0574819872677835,533055.0022142858,14.028571428571428,2054
-0.8389292196007254,0.05288937227392,299327.32786549703,8.421052631578947,2055
0.5930930930930933,0.05745158807561,20043.852173913045,1.8985507246376807,2056
1.056862745098039,0.0441933409391319,124110.57214285714,27.81203007518797,2057
-0.6306463326071166,0.0537421400859659,1563709.6467613636,191.53125,2058
0.218753933291377,0.0230146356473301,211085.06408637876,17.196013289036546,2059
-0.2695652173913041,0.0329464555575256,54926266.59090909,2851.3636363636365,2060
-0.4256319811875372,0.043571472580359,28976113.234513275,6606.907079646017,2061
0.0081312410841647,0.0291900584955851,13966.809418604653,3.436046511627907,2062
0.1701631701631709,0.0346844280178579,66974.19806930693,4.707920792079208,2063
2.159703396587465,0.0344883847507737,807718.4198765432,29.126543209876544,2064
0.2441933458882617,0.0282225821458321,226455.64133016628,77.6793349168646,2065
0.0934489402697493,0.0106841824167682,1966498.0566666664,297.05555555555554,2066
1.1792583779496293,0.022047990437035,383212.0927554179,15.529411764705882,2067
4.271428571428562,0.0419066361726702,1862003.009070295,435.9387755102041,2068
3.915662650602405,0.0494211984261619,34168867.02494331,4292.063492063492,2069
1.2475670307845084,0.106015665024911,85421.4832,3.42,2070
-0.4904761904761909,0.0326526704106007,10568249.574418604,3495.874418604651,2071
-0.9613360842866036,0.0541755664548522,6273940.054506023,808.9012048192772,2072
2.5054243671571736,0.0312228811247924,608582.960381356,5.114406779661017,2073
0.5173589584624902,0.0337131520888919,162780.41569948188,3.243523316062176,2074
0.6000237750876698,0.0386775126434786,1596410.9831800766,38.24521072796935,2075
0.4918824045634065,0.0488451477151703,9432.400597014925,2.029850746268657,2076
0.0752688172043012,0.0452284088394991,23016.62788888889,3.3666666666666667,2077
0.7176020250663708,0.0657605756919934,45945.17352941177,2.9411764705882355,2078
0.5190392675604201,0.0291741793485138,113832.60849397592,1.8313253012048192,2079
0.3209036701100187,0.0236081884206661,50772.001570247936,3.590909090909091,2080
0.3489027582041477,0.0747966665407189,75576.82790697674,1.8953488372093024,2081
-0.6148759126450923,0.0648886719569597,430700.23407114623,7.996047430830039,2082
0.2057142857142841,0.0400064131996171,18943.384343434343,4.252525252525253,2083
0.1472628753734741,0.0507075604465456,126251.43090909092,1.9090909090909087,2084
-0.1336876019917152,0.0353700422629222,187827.30272445825,9.811145510835914,2085
0.6456176961602667,0.0287657017794584,126398.57672064778,7.704453441295547,2086
0.4451594086658574,0.0291977865985362,380763.3258527132,5.290697674418604,2087
0.089272771200773,0.030780857594836,82626.43976331361,2.0236686390532546,2088
-0.1252485089463219,0.0331243635379336,35090.566666666666,20.82730923694779,2089
0.5549447717863711,0.0212238707281156,210254.0513868613,5.671532846715328,2090
0.7335640138408299,0.0349264274387089,249345.72661870503,136.3884892086331,2091
0.125,0.0933429751245726,24043.070422535213,6.070422535211268,2092
0.4708922742111017,0.0354878575325064,342748685.1534772,27871.58752997602,2093
-0.1999999999999999,0.0653213087825875,20976.952879581157,7.492146596858639,2094
1.066646014957735,0.0394705828680891,545129.314137931,2.1206896551724137,2095
-0.3230769230769229,0.0370565299143395,757622.0652173914,309.9009661835749,2096
-0.7011932500176516,0.050782840633573,424340.2936789298,11.953177257525084,2097
-0.5664615138677962,0.0569295804084513,1011124.8635658914,95.63049095607236,2098
0.0669330669330672,0.1882153514265938,5460.615384615385,3.5384615384615383,2099
0.5709999999999988,0.0962415114123919,51997.47727272727,4.2727272727272725,2100
0.6914442236425156,0.0292447654053377,49319.26941666667,2.7583333333333333,2101
0.8271917808219162,0.0594916087285357,188321.45294871795,11.044871794871796,2102
0.3351712355362275,0.0481127497428619,332034.78042105265,3.0210526315789474,2103
1.824040767386092,0.0334842620057688,540268.8277077364,21.191977077363894,2104
1.7622137106229945,0.0393084948430487,327175.5371040724,11.995475113122172,2105
0.8041152263374485,0.0458335207458137,69762.4942635659,3.6589147286821695,2106
-0.4167441860465113,0.0704820596775784,796815.7601592357,37.93630573248408,2108
-0.2557416267942578,0.0693752295020861,61900.212841328415,7.044280442804428,2109
0.21744277821626,0.0987352273828699,31328.723157894736,15.092105263157896,2110
0.2884955752212395,0.0351451446020317,42361.731098901095,7.571428571428571,2111
-0.2208722741433022,0.0597662700647615,71662.2654516129,6.867741935483871,2112
0.2944333776007068,0.0288261520031496,118810.0106967213,6.807377049180328,2113
0.1720816326530607,0.0353993833969065,222759.3251408451,5.76056338028169,2114
0.2507841907151811,0.0357205456539653,163055.3454621849,4.109243697478991,2115
1.178996551340525,0.0426850766535404,96919.34622516556,3.867549668874173,2116
-0.5272206303724924,0.0838935888957365,28242.68597014925,6.455223880597015,2117
1.1501053370786511,0.0420787470442535,173741.30014814815,4.681481481481481,2118
0.1411963434022241,0.0468331656919288,338449.0002409638,15.578313253012048,2119
1.2437498197756578,0.0455397667732826,238157.78784615383,7.994871794871795,2120
-0.1398019801980209,0.028249418048448,95106.37288135591,5.11864406779661,2121
-0.5187499999999998,0.0391427370548277,10938551.520725388,2859.59585492228,2122
0.9268156619364748,0.0391175105517677,451250.60489247314,9.338709677419354,2123
0.9508670520231226,0.0370417316638626,41834.93,3.5144927536231885,2124
0.1747878787878798,0.0471637505456917,53481.11470588236,3.176470588235294,2125
0.2121359223300991,0.0598956054915413,132107215.35584415,13185.898701298702,2126
-0.5196338736724431,0.061026190361407,225122.6846014493,7.391304347826087,2127
-0.7619618371847733,0.0583016199994368,282696.6638321168,4.266423357664234,2128
0.0901687336988339,0.0410071003332292,299041.8099563319,2.685589519650655,2129
0.4968457156856727,0.0340992884472514,551779.0017857143,2.8125,2130
0.3507130325250818,0.0310065532636397,334320.76188481675,4.413612565445026,2131
-0.5531841454294419,0.0638792502621651,400933.05775,2.625,2132
0.783234987851442,0.0382342958514263,189746.99851063828,2.0,2133
-0.3805665722379602,0.156191255340516,470014.4429166667,1.9166666666666667,2134
-0.3121780542326756,0.1033335972132881,34118.12037037037,13.950617283950615,2135
0.3061622202808947,0.0617699322389092,167724.28241134752,3.914893617021277,2136
0.1195145147411809,0.0386534860381143,181917.29108108103,11.91891891891892,2137
0.1879879879879888,0.0931506394216347,108681.04886363636,6.75,2138
0.0593402033335641,0.0581453406175419,144599.52658536585,2.1219512195121952,2139
0.1953603808944948,0.0521244447016376,187459.36444444445,1.619047619047619,2140
0.1711968861498545,0.0487091933128769,154492.13558441558,2.207792207792208,2141
0.5534587916384299,0.068766587719732,38431.20444444445,2.1481481481481484,2142
0.6658851113716286,0.0313356353243428,92679.46101449276,6.183574879227053,2143
0.4563336327958771,0.0502316280920919,178787.40171875,2.140625,2144
1.3307400290575069,0.1133730511734531,747000.0713235295,2.3823529411764706,2145
0.4821118058381726,0.037456970523735,272226.59212962963,20.574074074074076,2146
0.1984594775619563,0.0460479404121655,295364.9743478261,2.9565217391304346,2147
0.2480996699914712,0.0524648195537099,23572.700495049507,7.366336633663367,2148
0.2091518507723688,0.069912396899649,191639.7107142857,3.4761904761904763,2149
-0.0690625,0.0510534955937132,237918.17093023256,3.72093023255814,2150
-0.7767626008832038,0.0698424880925284,385345.9615425532,3.265957446808511,2151
0.4857558139534883,0.0325519650571858,90012.18842857142,3.757142857142857,2152
0.6523163841807913,0.0769476362122253,88769.82087719298,3.842105263157895,2153
0.8631102164066475,0.0452223027961296,361903.00642384106,56.34105960264901,2154
-0.0146496815286627,0.0477884286413676,34642.42484375,13.859375,2155
-0.4134275618374554,0.2096531453403279,53701.64827586207,9.448275862068966,2156
0.6209873725848152,0.0428022741573318,49301.78123809524,2.466666666666667,2157
-0.072891469117884,0.0888552522555529,82854.41538461538,8.0,2158
0.0313131313131309,0.0520569654272419,319940.0443037975,3.835443037974684,2159
0.1828481218368391,0.0353686317780888,194152.17121951215,5.764227642276423,2160
0.5579986092254707,0.1406324790113855,55923.45181818181,3.090909090909091,2161
0.5448582310622063,0.0655993365728925,55479.01722222223,9.8989898989899,2162
-0.5562162162162155,0.0486128079742305,5474261.626315789,1619.957894736842,2163
0.3266507177033502,0.0472633351374273,22880.967638888887,7.763888888888889,2164
0.4420318256643427,0.0636911596672216,93937.01505882353,6.458823529411765,2165
2.208706786171578,0.0523971747261925,945336.4839024388,10.304878048780488,2166
-0.3985074626865673,0.0353985136702782,2664201.2433862435,789.0687830687831,2167
1.567124039517008,0.0475038934740499,44905.39692307693,2.543269230769231,2168
0.6966449207828518,0.0392692206967121,89537.019,3.52,2169
0.4836274920901151,0.0352630286720739,38454.03847619048,11.80952380952381,2170
0.2974910394265229,0.0472701940719793,53122.77626865672,7.029850746268656,2171
0.9364552873914388,0.0349718731748751,114620.3705687204,22.77251184834123,2172
0.2498200753566741,0.0663432205882838,116109.91853333334,6.24,2173
0.0999383096853792,0.0690631039915276,139101.17432258066,6.135483870967742,2174
0.0284678842210672,0.088006636018616,28349.369166666667,2.083333333333333,2175
1.0845349340924555,0.0503384312310497,171445.60459119495,6.427672955974843,2176
1.3553208773355,0.0495992734798563,30883.088020833336,1.84375,2177
0.3344671201814055,0.1043192609905467,157126.80473684208,11.964912280701755,2178
-0.0149323865712943,0.0482659902328579,110086.89777173914,3.0217391304347827,2179
0.2292955735364101,0.0804792397329378,124239.0076119403,3.1044776119402986,2180
-0.0216197468061745,0.105910049336574,308830.7995,1.95,2181
0.9519024872343932,0.0281351627124604,16757.200898876403,1.9438202247191008,2182
0.1119268193206306,0.0914911603694923,24124.165414364645,4.3259668508287294,2183
0.7704975937127463,0.0354940135786928,20229.337884615383,1.7884615384615383,2184
0.2331262939958593,0.0550033318249851,24878.609285714287,2.142857142857143,2185
0.1490248226950354,0.0322067042940076,45021.215,6.1716417910447765,2186
0.6326219512195101,0.0612573402019815,340075.4358604651,54.93488372093023,2187
0.8768866099071213,0.0947074038917304,119129.7391891892,7.675675675675675,2188
0.2668707482993195,0.0676816468793879,53247.16545454546,2.363636363636364,2189
0.1593869731800772,0.077032531399728,86045.94635294119,8.858823529411765,2190
0.2425093632958805,0.0518063202875514,38327.67707964602,3.938053097345133,2191
1.0446325366344738,0.0415295965653711,45046.4368707483,7.156462585034014,2192
0.8342391304347827,0.2347400037352263,101069.78272727272,3.0454545454545454,2193
0.6074117647058839,0.0275517091119226,147422.1132183908,4.494252873563219,2194
0.5434739941118751,0.0383678755208482,19584.152884615385,2.0,2195
0.3759977724150776,0.0285202526265471,914996.758,26.576470588235296,2196
0.4316647919010128,0.0397473682063026,94098.79953846154,9.569230769230767,2197
0.2165508909694959,0.0697732276351073,43295.041176470586,2.3529411764705883,2198
0.4075387123064391,0.0415385738799058,130905.17295454546,9.909090909090908,2199
0.2400990099009901,0.0825552004372818,69263.21862068966,110.82758620689656,2200
0.6944515306122472,0.0285494644472104,728539.2927710844,5.162650602409639,2201
0.431571359923113,0.0569528145156727,28675.501785714285,2.261904761904762,2202
0.1364246710231849,0.0670157221006548,57670.659589041104,5.050228310502283,2203
1.109595988054319,0.0862039501167522,91254.061875,2.1875,2204
0.2938726437373844,0.0765032128386708,214568.94208333333,5.9,2205
1.869419134396353,0.0753199728275104,36725.15702702703,2.315315315315315,2206
1.009643201542909,0.0855984213716249,30529.22215189873,4.082278481012659,2207
0.3759598066167411,0.0587537005225472,42443.7296,6.69,2208
-0.0451496708483419,0.0763832695162119,22421.345625,1.7916666666666667,2209
1.0817251530302323,0.0462200283421476,346784.99351351353,3.95945945945946,2210
0.435685427041248,0.1773320908647354,86374.30642857144,3.142857142857143,2211
0.836956521739131,0.0883444911051021,50441.17833333334,4.03030303030303,2212
0.5235738831615102,0.0679214865591847,56257.125555555554,2.691358024691358,2213
0.0363356230339599,0.0897987185534108,45794.98832061068,4.267175572519084,2214
0.3325447286707081,0.0713714908108578,41469.56888888889,2.802469135802469,2215
-0.1365727610764482,0.0740834111651501,114152.38487272729,8.432727272727274,2216
0.3883444740086972,0.0554404171203512,45261.62292134832,3.741573033707865,2217
-0.0491457683692749,0.0570448887644438,57941.14255319149,8.170212765957446,2218
1.7327024063708252,0.1684493117597781,62023.600000000006,3.083333333333333,2219
0.2886435331230284,0.063838353990255,227705.79588679245,13.641509433962264,2220
0.2398831873174804,0.0558905302370745,37584.38880733945,2.9724770642201834,2221
0.5081780144541648,0.103221883550468,62767.58114285714,3.8857142857142857,2222
0.7230686261291628,0.0506433827062233,25581.535582822085,3.6993865030674846,2223
0.6097900152969002,0.0635153189332133,175785.2074637681,10.18840579710145,2224
0.5372565882425213,0.0393891756787436,47603.35525925926,12.577777777777778,2225
0.6195142437180647,0.0745191491738338,40704.21639175258,12.371134020618555,2226
0.5019576160586658,0.1351197352516959,48218.62964285714,3.107142857142857,2227
1.9364019484428936,0.0346774217952268,82889.77782608697,3.603864734299517,2228
1.4327973828913478,0.1152403184916288,34917.018620689654,2.206896551724138,2229
1.1181204136090694,0.0805508739947524,43719.96457627119,3.6610169491525424,2230
0.5880762564991309,0.1246334133192822,37202.4221686747,11.759036144578314,2231
1.0128971962616826,0.0816239930089385,40780.42366972477,9.79816513761468,2232
1.1734936182843565,0.0968297822272318,39236.216875,2.21875,2233
0.2866238212505252,0.0269321096936636,66299.76476190476,4.25,2234
0.7155446254739231,0.0713080228050967,82504.0087837838,4.675675675675675,2235
1.0004690431519705,0.0635794383200564,31456.572647058823,4.509803921568627,2236
0.5093340895127361,0.0546608653162498,44329.89137931035,2.6436781609195403,2237
0.4897431158750704,0.0827164047411174,88368.75059701492,4.701492537313433,2238
0.5157502631792052,0.1376793698105221,120745.24707317071,6.439024390243903,2239
0.1332171488323448,0.1254712506038085,55851.02296296297,4.7407407407407405,2240
0.9310014374700526,0.1007341165295468,49419.660208333335,3.0625,2241
0.4100810081008064,0.0380605807699199,14367.00802631579,8.322368421052632,2242
0.2484348755535195,0.0631983634324879,23554.284403669724,11.770642201834862,2243
0.4883106039521296,0.080532934488102,122301.37416666668,3.816666666666667,2244
-0.7775110326566637,0.0593199821036764,319589.33700000006,4.774074074074074,2245
-0.0038177239866791,0.0457641851039965,28447.9235,1.55,2246
0.3857505745736063,0.0970105308274382,103458.0575,4.875,2247
0.978202846975091,0.065382769007671,57417.75795180723,4.506024096385542,2248
1.4392769723215957,0.1026796003688692,50557.979107142855,2.482142857142857,2249
0.3572407821632155,0.0447508580759188,36870.58663551402,2.616822429906542,2250
0.7680658436213992,0.0913201561360675,128395.55377358488,4.30188679245283,2251
0.3933216168717026,0.0738020750533939,19368.88233333333,2.8666666666666667,2252
0.4601403564106623,0.0353018301811618,97332.35073170732,14.946341463414637,2253
0.350905624404193,0.0834708672569877,135968.0442696629,13.48314606741573,2254
0.7034643500370814,0.0590004802262079,799238.1575757575,3.3737373737373737,2255
0.5268817204301077,0.0628803056135384,22872.855,3.066666666666667,2256
0.7907091151872916,0.0826381811027088,38456.92016129032,11.209677419354838,2257
0.6184408459428374,0.0676957394153358,43244.22839506173,2.1481481481481484,2258
0.0068892421833599,0.0807968235572569,55081.7822972973,3.216216216216216,2259
0.620297364271233,0.06302408286138,44193.15873015873,3.3015873015873014,2260
0.4491646778042955,0.0710070436745621,17772.301395348837,1.9534883720930232,2261
0.1263048450821382,0.0462386007947145,33310.99325,3.075,2262
0.2403141088980189,0.0783332829982857,15015.28888888889,1.6944444444444444,2263
0.8638703188783055,0.0863596274724523,63266.51,5.717948717948718,2264
0.8583622903761909,0.0313611650717507,178820.91423469386,5.826530612244898,2265
1.0152306196665806,0.0976628507867893,79909.08689320389,4.941747572815534,2266
0.5260783907092492,0.280232557398986,39424.204000000005,4.05,2267
0.8642908054169622,0.0462078847902492,73046.80738095238,2.821428571428572,2268
1.0593692022263426,0.0276353665439882,60290.034,8.79622641509434,2269
0.5560962422276281,0.095403097288252,57920.03202380953,5.595238095238095,2270
0.040315759797012,0.0437320695609879,10300.86261904762,2.4642857142857144,2271
0.5607381410619265,0.0601999413230193,78798.77094594594,3.4864864864864864,2272
-0.1185198114854246,0.0595966173606379,517254.48203125,3.59375,2273
1.0652197213290462,0.0747224723133785,46230.03566037736,2.037735849056604,2274
0.2716885824246322,0.0588435834581455,44329.346,2.272727272727273,2275
1.41789281495006,0.0350333266446904,105734.92384615383,88.7051282051282,2276
0.3952513966480449,0.0643670242983876,14815.655727272726,1.9545454545454544,2277
0.8973774230330671,0.1114627355231555,19582.53081081081,1.648648648648649,2278
-0.0792680101922632,0.0842939714675518,43749.89808510638,2.765957446808511,2279
0.3923435003126518,0.06051922060501,17613.299411764707,1.7647058823529411,2280
0.4406376397811082,0.0741783651311496,97723.361147541,3.360655737704918,2281
0.9754366406540314,0.0667753128097474,19082.734166666665,1.5555555555555556,2282
0.6118167146165172,0.1602829135568283,54003.63375,1.875,2283
0.6442546841319845,0.0776900720173809,27981.891967213112,1.9508196721311477,2284
0.4205842391304344,0.0290496036804218,41014.72925373134,4.925373134328358,2285
0.734196999166435,0.3012837965234659,52491.5845,2.95,2287
0.3106977905380093,0.0912663845809923,50703.1492,2.38,2288
0.6780869808418408,0.0390878377462283,52524.44530805687,4.7725118483412325,2289
0.5537442689760566,0.0865689886974486,99874.53958333332,17.291666666666668,2290
0.4396626565794352,0.0706762045776418,38214.836883116885,3.844155844155844,2291
1.1313654489618172,0.0765551524209713,36527.56303030304,1.7878787878787878,2292
1.379802259887006,0.0596888181952439,19119.262857142858,2.779220779220779,2293
0.1169555205429646,0.0603610854945784,30051.82511627907,3.4651162790697674,2294
0.6678623364032952,0.1603947007562939,95262.83857142858,7.190476190476191,2295
0.581112693246542,0.0642102522767139,51025.84611111111,2.2777777777777777,2296
2.3355728978241794,0.0654147146086079,34073.75134831461,2.348314606741573,2297
0.3813742988271291,0.0785538092822221,47662.90945945946,2.216216216216216,2298
0.21746933891714,0.0546077056438355,23382.12025974026,3.0259740259740258,2299
0.360781434805661,0.127778538085226,115799.12333333334,3.4,2300
0.671417711896616,0.0888365163840518,149164.015,7.325,2301
0.8019892325942146,0.1337448362159083,53860.816,2.6,2302
0.284716606630891,0.0542275837318613,21431.1765,2.85,2303
0.7278164475380251,0.1047665984446204,77349.98333333334,1.4166666666666667,2304
2.230201283290851,0.078168151838494,139373.5393939394,4.0606060606060606,2305
1.670358019253761,0.0509648080321137,38321.57888888889,2.54320987654321,2306
1.0796045342197234,0.1064505313504266,49412.932586206894,2.293103448275862,2307
0.5938572944628251,0.2691394361897715,16879.819545454546,2.2045454545454546,2308
1.0597510077408772,0.0395826588830274,60959.27977272728,2.340909090909091,2309
1.0653966902570096,0.1764528445415648,52715.2105,2.8,2310
0.8529411764705863,0.059694052761441,31429.274016393443,4.073770491803279,2311
-0.1273264637750627,0.0475864789837684,27458.26895027624,3.596685082872928,2312
0.2871174052078571,0.0520147646264949,16565.24838095238,1.980952380952381,2313
0.9268325487558828,0.1075209673672251,41677.09421052632,2.333333333333333,2314
0.6406096361848579,0.0734496988910946,30342.863421052632,2.5,2315
-0.3456052509782479,0.0884808118388064,48987.48810526316,13.473684210526317,2316
2.1497058182610624,0.0824920353757577,60129.8425,1.9583333333333333,2317
0.4440818229500562,0.1094469226402416,30722.48142857143,3.057142857142857,2318
0.3851634060839084,0.0697751828897749,32954.90548387097,1.5806451612903225,2319
8.455036306088244,0.3129555963024739,50986.86348484848,4.045454545454546,2320
0.6414585531715329,0.1038075717212063,20977.523474576272,2.296610169491525,2321
0.1009946442234115,0.0520952270694706,57786.57970149254,6.507462686567164,2322
3.895986639528209,0.0548494415398252,36854.307375,2.4375,2323
0.4559616536848414,0.1587191195007692,35149.927826086954,3.130434782608696,2324
-0.1735840740468667,0.0536900242389353,90336.03666666668,2.111111111111111,2325
1.3924646781789631,0.1206035344781691,32092.79046153846,11.446153846153846,2326
0.734256511704583,0.0731678670362657,45907.6384,2.64,2327
1.6135283100417803,0.1728146916529825,88684.95294117647,1.8823529411764703,2328
-0.1668218016340883,0.120323313793841,83524.19661764706,18.44117647058824,2329
0.3984445109183381,0.0467181155722335,21271.143674418603,5.055813953488372,2330
0.9655762763680842,0.0821798795404896,715485.8734693876,9.081632653061224,2331
0.8692307692307699,0.1239259248087334,33877.63,2.0,2332
0.5046752120874352,0.1117537653630331,170908.72186046513,5.837209302325581,2333
0.746972429786138,0.0851307057567671,30116.486274509803,4.529411764705882,2334
0.3681788827897976,0.0872664211452783,46431.92259259259,1.8148148148148149,2335
3.924528301886795,0.058047313349155,38223.066,2.739130434782609,2336
1.5419970061540158,0.1408441456139095,26600.121,2.2,2337
2.8831607859708424,0.087783499114978,50182.36044117647,3.838235294117647,2338
2.545140732873076,0.08439687549787,69125.83983050847,3.6271186440677967,2339
1.1435910608785007,0.0928464196043862,42739.19857142858,4.357142857142857,2340
1.132118451025057,0.083618588516491,15267.58564516129,2.0806451612903225,2341
1.058214329058622,0.0428076364241904,136016.78862745097,6.392156862745098,2342
1.4169640034325437,0.1071051209175935,42092.77394957983,6.016806722689076,2343
2.3537518174347296,0.0984931231233064,41721.805483870965,2.4838709677419355,2344
1.2853735091023228,0.0857059293020126,39361.54826086957,1.826086956521739,2345
0.7693532050354499,0.1021994933107418,44170.56933333333,1.4,2346
0.2339261285909712,0.062415129831566,40863.00611111111,2.7777777777777777,2347
2.3302331349206358,0.1419340177965938,63074.3375,3.25,2348
1.478943910160683,0.127366686737508,23553.062307692308,1.9038461538461535,2349
1.650382577987049,0.2116851508663165,58968.89210526316,4.0,2350
1.195441801573665,0.1169775027131702,45087.24488888889,5.022222222222222,2351
1.6975609756097565,0.0630573774142028,35870.08873015873,5.373015873015873,2352
1.1710710617237856,0.0759195477584895,23286.57688888889,10.666666666666666,2353
-0.7297297297297296,0.0806055091082613,15034.426649484536,10.881443298969073,2354
1.1661425876164873,0.0773087484405148,18313.96888888889,2.066666666666667,2355
2.238341968911919,0.0660279917022432,27467.994852941178,4.323529411764706,2356
1.3751385706895287,0.1139849861032937,142468.18625,1.75,2357
1.7547809369624603,0.070588071256027,28283.6925,2.0681818181818183,2358
0.4127408993576023,0.1119816598690594,16278.1875,2.083333333333333,2359
0.5376695465329691,0.0993117868946189,23712.862,1.85,2360
1.4848150193263394,0.1937408455427284,70038.04727272727,2.909090909090909,2361
0.8116273746852807,0.0431510575505608,29480.296228070176,3.732456140350877,2362
0.6923076923076923,0.1218894666465664,22259.535454545457,4.045454545454546,2363
0.9917088059769475,0.1020816589156336,160366.12902439025,4.585365853658536,2364
1.8001826206056912,0.1107905378973372,52419.234615384616,2.6153846153846154,2365
1.7898973954222552,0.1582210775198045,82874.5365,2.3,2366
1.2362670845303398,0.1100430117597292,20029.186341463414,2.024390243902439,2367
0.7867681420655583,0.041831271229244,54503.93045454545,2.25,2368
0.5130247749541941,0.0374092927979935,18742.12393258427,2.550561797752809,2369
0.7012372634643396,0.0260994269809613,45466.7221299639,9.819494584837544,2370
0.7361366816407684,0.0699003869034688,54332.74243243244,1.864864864864865,2371
0.4131003663593546,0.0736757037968948,22778.682432432437,1.648648648648649,2372
0.7521486349848328,0.0377705266086867,100309.1235135135,4.297297297297297,2373
1.1976606932074243,0.052178878333486,24756.47361702128,2.234042553191489,2374
0.3524326065943512,0.1018152530937927,63909.964571428565,2.628571428571429,2375
1.4569922308546066,0.0723796821419699,38653.36571428572,3.0,2376
0.7761239368165225,0.0348028077002024,12371.213164556964,3.3797468354430378,2377
0.7849787175614451,0.0394630687644085,27365.193846153845,2.953846153846154,2378
0.3558521318058334,0.0656703354671442,39818.339423076926,2.019230769230769,2379
0.9051167793484932,0.0688242315949571,27809.783466666668,2.773333333333333,2380
0.2191689504481151,0.0645039071580717,77221.68714285713,4.257142857142857,2381
1.0758731641496713,0.108054526636357,64193.03678571428,1.9642857142857144,2382
2.2613801452784474,0.0498090063569928,44494.69161616161,2.3737373737373737,2383
0.4375795441397663,0.0921959536481167,40101.566666666666,1.4444444444444444,2384
1.0431034482758612,0.0424039131527418,39421.635625,4.05,2385
0.228551818805766,0.0330947218455867,8211.115392156862,1.96078431372549,2386
0.7118345281466687,0.0648956858156217,46855.315294117645,8.205882352941176,2387
1.6275386909352665,0.179862250046133,58561.05,3.8461538461538463,2388
1.4975252177181888,0.055639632972565,33270.7765,4.283333333333333,2389
0.9485066941297629,0.0444836585169133,100252.73018518518,1.5092592592592593,2390
0.8488745980707397,0.0948138030788725,59201.08193548388,1.8387096774193548,2391
0.06375394643039,0.0313611520768557,30770.355901639345,2.5901639344262297,2392
1.0302463083459608,0.2119901380921901,40466.693333333336,1.5,2393
0.3692035398230087,0.03992144019115,32291.47688311688,2.064935064935065,2394
0.3031055900621133,0.0278816612416331,143294.58112903225,14.608870967741936,2395
0.0348837209302321,0.0408560573353274,9269.884117647058,2.803921568627451,2396
1.065393430099311,0.0387422182689813,18113.790388349516,3.0,2397
-0.7889518413597737,0.0575259122038792,445076.6726744186,19.724806201550383,2398
0.5987565445026186,0.0477545859813669,77794.17239130435,8.826086956521738,2399
0.5082922824302138,0.0390315067041225,203387.48150943397,59.528301886792455,2400
0.2871483996120272,0.0256079024543013,23675.52269230769,4.762820512820513,2401
0.0473046875,0.0622932462127553,50667.68590909091,2.1818181818181817,2402
0.4631147540983606,0.055674510712457,39687.57,1.8333333333333333,2403
0.6880402010050242,0.0535864262417916,45479.35057142857,3.871428571428571,2404
0.5968248772504094,0.0536718090092038,30638.81482142857,1.9107142857142856,2405
0.6887329931972792,0.0459150804807437,37003.51192307693,2.519230769230769,2406
-0.3026178010471185,0.0202381483050682,899206.7084639498,202.24137931034485,2407
0.3376346563742154,0.0396149525706628,18596.746333333333,1.5666666666666669,2408
0.2306502687974065,0.0258174374504052,53471.00030769231,2.8615384615384616,2409
0.0742276104810333,0.0348232863364522,56544.6714893617,2.5106382978723403,2410
0.5423116615067087,0.0514904057209522,22154.54833333333,3.095238095238096,2411
-0.0384350910209549,0.0297254421288769,14891.569444444443,1.9814814814814812,2412
0.6032454361054764,0.0444508370527761,44818.11901960784,2.0,2413
-0.0869839552911477,0.1008406104599902,32198.382127659574,1.7872340425531914,2414
-0.1425372491602793,0.046381915961243,62388.22283582089,2.208955223880597,2415
0.6010361077302369,0.0602535219598259,72096.72863636364,4.2727272727272725,2416
-0.084400150118844,0.0663094088798263,39648.82222222223,2.6666666666666665,2417
0.4164389321000632,0.0551717529373504,27013.43255813954,2.0232558139534884,2418
0.3825285182339399,0.0442489368421956,18548.675555555557,1.7777777777777777,2419
0.5423352902804957,0.0396611641472498,2822366.814814815,54.2962962962963,2420
-0.9233567160301376,0.0596166214344853,10565757.76496479,4935.380281690141,2421
0.7584864132735127,0.0624915895099285,29274.26333333333,1.6842105263157894,2422
1.1392491467576815,0.0246232408068286,22693904.254480287,2459.283154121864,2423
-0.0300000000000005,0.0472325152262775,1289629.1075268816,486.6344086021505,2424
0.029090685445432,0.0463785927099336,36136.011875,1.9166666666666667,2425
0.7171350861287402,0.02673555661163,32921697.256603774,5585.298113207547,2426
0.6360871271585553,0.0238880955552647,26700.301621621624,3.216216216216216,2427
-0.5314505776636707,0.0274509075711543,4199451.822393823,938.3011583011584,2428
0.6161063330727132,0.023622598115058,33887223.922779925,6307.301158301159,2429
0.4847883193842019,0.0525793984499962,31599.16108108108,2.216216216216216,2430
0.5846108114994268,0.0683304327910484,34278.71083333334,2.0416666666666665,2431
-0.2488888888888882,0.0240221051637737,12531680.545454543,3904.380165289256,2432
0.2398058252427175,0.0206949044487216,10495022.301652892,3008.3347107438017,2433
-0.0505795574288725,0.0282260566268342,3659173.023809524,591.6666666666666,2434
0.692537313432835,0.0251280122406695,86115850.13983051,12183.351694915254,2435
-0.5521276595744677,0.0295508073736938,7040163.099137931,2165.271551724138,2436
-0.4693877551020409,0.0566064173728398,27209375.151515152,3713.3246753246754,2437
-0.112050739957716,0.0213069401043399,9582205.747826086,3020.313043478261,2438
-0.3652291105121282,0.023323826862644,28359269.438053098,6278.725663716814,2439
-0.3856287425149697,0.024186362782199,4520180.875555555,1761.5555555555557,2440
0.1191460055096429,0.0420530895923685,38443.8024,9.266666666666667,2441
-0.1138790035587193,0.0307231961653576,16292971.237668162,2316.618834080717,2442
0.7213114754098362,0.0272748113164011,23685549.71100917,3671.697247706422,2443
-0.142058165548098,0.0215141478259583,41438356.14883721,9579.66511627907,2444
0.3121771217712197,0.036213818804952,9265.204319526629,3.792899408284024,2446
0.528642590286426,0.0195613915790524,75398.28908571429,10.611428571428572,2447
0.411220043572986,0.0310442762925612,16471.534776119403,2.3582089552238807,2448
0.294183696384461,0.0348792906804233,31885.364,41.72258064516129,2449
-0.2174275241586136,0.0360974171908733,6399.437045454546,1.4772727272727273,2450
3.8063617367076814,0.0520802455803467,9289040.599248828,413.1079812206573,2451
-0.1273684210526311,0.0404329630125183,8576.179115044248,2.221238938053097,2452
-0.2643756379720998,0.0457924249168362,17477.039999999997,3.134020618556701,2453
-0.4848410757946207,0.0626353032225105,17740.054318181818,5.318181818181818,2454
0.0911170415554707,0.0355749298413574,55990.13914893617,7.0212765957446805,2455
0.6722166499498505,0.0386515549013208,39474.427464788736,2.732394366197183,2456
0.91429110817444,0.0406231967355638,24723.219714285715,1.8142857142857145,2457
-0.3809356622487504,0.0372469256716175,1484563.0017757008,172.6214953271028,2458
-0.5152632657242373,0.0582713305479998,69124.06323529412,7.102941176470588,2459
0.2174972314507197,0.0304721034574834,525951.3811940298,50.69402985074627,2460
0.1856533658239414,0.0387688812788593,255591.51366666667,64.79523809523809,2461
0.3541114058355445,0.0408171346327735,36621.672109375,3.484375,2462
0.1365616621983911,0.0586262406439048,5413.461509433962,1.8396226415094337,2463
-0.2559249786871258,0.0336168281104576,7167.882320000001,2.32,2464
-0.6254429482636428,0.0359265986106466,15725.11,3.446969696969697,2465
0.0289973453134582,0.0210807365007425,765288.4327619048,231.22380952380956,2466
0.7812293456708552,0.0368645927398038,20072.98335443038,5.449367088607595,2467
-0.1028106508875735,0.0523047587446721,20447.731680672267,3.2857142857142856,2468
0.4223107569721125,0.0294940706014775,115853.36815,46.165,2469
0.3974916815971336,0.0256992991784891,7432.744902912621,8.674757281553399,2470
0.0130582397492819,0.0159531710409292,59407.24710784314,21.94117647058824,2471
0.0794671566375746,0.0582254679876182,18939.52142857143,3.4642857142857144,2472
0.1121625382688555,0.0249482122173105,13230.846530612243,6.326530612244898,2473
-0.1892010535557504,0.0299698913733907,20470.255,7.884615384615385,2474
0.3088552915766742,0.0320817543891764,17584.290180180178,2.4414414414414414,2475
-0.9891735285147912,0.0963637450665715,109652.9712121212,67.76969696969697,2476
-0.6024193548387098,0.0374829068182613,5093.788732394366,3.3661971830985915,2477
0.0584479371316306,0.0154491889514103,45431.7207253886,4.409326424870466,2478
0.2126376112200265,0.036923597689135,18731.2285106383,3.3617021276595747,2479
0.3026409707351865,0.0251591906081035,14315.929350649352,3.116883116883117,2480
0.5663536776212832,0.0453110772684832,43007.220625,1.53125,2481
0.4872211895910781,0.0277098043664398,44031.237733333335,5.8133333333333335,2482
0.2457117398084207,0.0603077604244981,6197.188181818181,1.7727272727272727,2483
-0.3531139835487653,0.0193799398866822,5632.0247407407405,2.333333333333333,2484
0.6389610389610396,0.0299626176998714,6977.232435233162,5.181347150259067,2485
-0.2362899380066768,0.0487499143051353,34768.537702702706,2.324324324324324,2486
0.3497005988023927,0.0207031737118857,27352.644556213017,4.023668639053255,2487
-0.0010373443983396,0.0218731423021682,25801.842974358973,7.1692307692307695,2488
0.8936936936936941,0.0664715119150904,13158.637948717947,1.794871794871795,2489
0.0003930817610056,0.0501574906432907,171254.76472636816,13.482587064676617,2490
-0.1292178510340538,0.0423999710277622,23968.263902439023,1.829268292682927,2491
0.0963696369636961,0.0294764630682074,22497.91678571429,1.6785714285714286,2492
-0.0707473556441823,0.0155014059075287,8208.422272727274,3.0,2493
0.2453490513906788,0.044316995490034,106156.30014492752,4.355072463768116,2494
0.4982456140350881,0.0327954451100289,8607.210222222222,2.066666666666667,2495
-0.1749521988527739,0.0406751461332018,21238.742097902097,3.1888111888111887,2496
-0.1565437929074296,0.0297647333682008,30568.218846153843,3.9038461538461537,2497
0.1758177570093455,0.044437135357037,18471.83375,3.083333333333333,2498
0.2671140939597303,0.0381510637079221,77548.07428571428,2.2222222222222223,2499
0.2635306019221051,0.0490686731304084,5602.349565217392,1.4130434782608696,2500
-0.0505952380952385,0.0355365863479615,30597.64,2.04,2501
0.0595515919319888,0.03193168843728,67922.24636363635,1.5454545454545454,2502
-0.2527306967984934,0.0505436335480318,77615.52804511279,42.30075187969925,2503
0.2970165157165676,0.0300190731209269,20689.10881188119,9.306930693069306,2504
0.3353277128093552,0.0252845827127588,9454.546235294118,3.7705882352941176,2505
0.3849080532656947,0.0241099886147396,58685.5005,2.6714285714285717,2506
2.944710348242284,0.0508979816510588,4890893.383529412,305.8921568627451,2507
-0.0282568807339447,0.036904315316832,227710.80385321105,4.08256880733945,2508
-0.0718323910874638,0.0234975935735307,84353.16711340206,19.783505154639176,2509
0.2466522678185758,0.0220474689636928,98075.25238372092,6.0523255813953485,2510
0.263618503304162,0.0414206264806657,36571.9176119403,7.134328358208955,2511
0.356022267206477,0.029713221124332,46621.257603305785,2.322314049586777,2512
0.3549991120582478,0.0307671149060639,23953.23210526316,1.894736842105263,2513
0.1412377450980391,0.0284690313013106,8098.828974358975,1.9615384615384612,2514
0.1621368322399252,0.0210047224310235,12355.908736842106,2.4842105263157896,2515
0.6161318300086744,0.038414038772455,563136.6964166666,5.4,2516
-0.0569288389513104,0.0307316301128628,579411.2986394558,4.190476190476191,2517
0.6499105901053048,0.0523612593465656,507276.89445,74.04,2518
-0.1043412033511038,0.0181724247839142,16337.107914438504,6.459893048128342,2519
0.0371342835708932,0.0443899199108801,12268.89448979592,1.5714285714285714,2520
0.3988051872359017,0.0382573571962483,23518.15491525424,1.88135593220339,2521
0.4871338404272518,0.0404111330515999,165202.15788659794,32.81958762886598,2522
-0.3049809697170271,0.0359802326301375,658676.1081208054,5.89261744966443,2523
0.0934744268077623,0.0363393998607819,93710.65005405406,35.924324324324324,2524
-0.5074168797953964,0.0393921166320652,11459.62809248555,6.300578034682081,2525
0.0776535133994524,0.0352170999809809,12439.817833333333,1.9666666666666663,2526
0.0156753274640331,0.0205935487579975,14065.832833333332,3.716666666666667,2527
0.1171477079796268,0.0253689791996569,190576.6533116883,23.883116883116884,2528
0.634594594594591,0.025175155231961,2597597.3883495145,544.3786407766991,2529
0.1463887542413959,0.0437433261496197,24025.69078651685,3.1123595505617976,2530
0.6392638036809817,0.0300350354888397,3643.638010471204,11.057591623036648,2531
-0.309655172413793,0.0382517769331033,34754.300614035084,58.35964912280702,2532
-0.0876517619188622,0.023009127987331,20459.641754385964,3.953216374269006,2533
-0.3416666666666671,0.0435533586084802,18647.48006849315,6.554794520547945,2534
0.442509456855328,0.0615539497537702,104307.1524,4.4,2535
0.1270040080160317,0.0288911849752139,7925.10389380531,2.230088495575221,2536
0.0791023842917253,0.0443275584832373,13164.378076923078,1.4615384615384617,2537
-0.062729948491538,0.0382168956696065,5960.225,1.5,2538
0.2691781862372775,0.0256707335594749,14146.735655737704,2.3114754098360657,2539
0.120681265206813,0.0507713735095685,18499.4105,1.55,2540
-0.0673529924969471,0.0271510196990049,9854.492444444446,1.6222222222222222,2541
0.2341897233201582,0.0433445740833669,14166.978541666664,1.5208333333333333,2542
0.3465723612622406,0.0400950934248379,18120.84238095238,3.880952380952381,2543
0.1314655172413805,0.0206256167783549,6307.982624113475,2.936170212765957,2544
-0.194519560122589,0.0308286215144454,163427.52142857143,5.630252100840337,2545
0.2029401824940877,0.0347574909600434,6568.314477611941,1.7611940298507462,2546
0.2246987477356856,0.0688185313212662,103128.72571428573,2.2857142857142856,2547
0.1992369648156002,0.0513049153959144,12223.737142857142,3.3877551020408165,2548
3.4278074866310124,0.0539605287409985,119889453.28643216,11054.467336683418,2549
-0.045901639344262,0.0535648233856952,30459.4078125,2.71875,2550
0.5726165726165717,0.0634936297369878,35225.33875,2.375,2551
0.4472121095995403,0.02856601493478,12322.440588235291,2.0588235294117645,2552
0.4338041656691402,0.0441123658563555,55828.403333333335,4.3,2553
-0.2283185840707966,0.0396988482862528,164221.90462427746,43.10982658959538,2554
-0.2858606557377049,0.0450052250821289,24894957.16751269,5007.340101522843,2555
0.2087983030526605,0.0327432091573831,24961.69739130435,1.891304347826087,2556
0.3030769230769217,0.0343475495253483,43143082.03076923,9333.37435897436,2557
0.0664150943396233,0.0398138103511647,4435.251764705882,2.3529411764705883,2558
0.7320574162679443,0.0293853832192502,43290406.28350516,4515.298969072165,2559
-0.423699421965317,0.0511800287248778,37425.01430232558,3.569767441860465,2560
0.4872549019607834,0.0495386006143156,76505.30769230769,14.942307692307692,2561
-0.0762942779291556,0.0360338205510843,17653.6106122449,1.9795918367346936,2562
0.1276862143860999,0.0443414404138624,43931.50769230769,4.461538461538462,2563
-0.042518961158354,0.0329085674897922,25013.38157894737,2.789473684210526,2564
-0.9351494696239152,0.0885485147105862,104487.52840277778,28.82638888888889,2565
0.1247524752475246,0.0315497702219679,72502.35294573643,18.503875968992247,2566
-0.9068349106203996,0.1027518776373373,8762.122588235294,3.7058823529411766,2567
0.172957746478874,0.0333905256781743,19995.82701298701,1.7142857142857142,2568
0.4661873638344238,0.0453621562566852,45332.4037037037,1.7037037037037035,2569
0.1074632563466309,0.0455084777949388,25542.71064516129,1.870967741935484,2570
0.0443396226415093,0.0535906532133321,18839.875384615385,1.4615384615384617,2571
0.3314097279472374,0.0317381197039388,19407.22717391304,1.4782608695652173,2572
-0.0076335877862605,0.0139797899949723,3061310.0367032965,180.64285714285717,2573
0.1692963752665264,0.0391100806180907,4100708.298791209,294.22527472527474,2574
-0.441434262948207,0.0457495198976335,22817.126871165645,6.361963190184049,2575
-0.146976744186047,0.0243539612121248,390918.8781215469,69.50828729281768,2576
0.2427779976256421,0.0142606169069207,373553.49125714286,17.14857142857143,2577
0.0242618448157478,0.0134815116233767,869414.3376373625,98.1978021978022,2578
0.1108056671600752,0.0221912989711336,267200.259375,12.392045454545457,2579
0.0737476808905384,0.0146121888955558,60428.25119205298,17.960264900662253,2580
-0.1124674804882932,0.0163437460224077,319118.51855555555,108.03333333333332,2581
0.2312681726683065,0.0199227481056749,95240.62994011976,58.90419161676647,2582
0.115608055770721,0.0128594995297964,1534331.5434857144,213.33142857142855,2583
0.0805889190236346,0.021683005234819,32678.74888888889,14.045751633986928,2584
0.0624161073825488,0.0146844493508578,40185.5065,1.86,2585
-0.0220022002200216,0.0838380636022907,555498.6933516483,132.62087912087912,2586
0.1645004849660518,0.0165378846815997,582482.4735911603,108.96685082872928,2587
0.0280056011202232,0.0146137630655137,2274093.0320555554,132.26111111111112,2588
0.0543817111188087,0.0137199234168518,128718.23875,11.085227272727272,2589
0.1812589706786962,0.0183764281181186,791112.965819209,29.717514124293785,2590
-0.3586956521739124,0.0401530518863564,526704.6512921349,27.48876404494382,2591
-0.67913148371532,0.0596698465662111,287614.5167032967,35.68681318681319,2592
0.2408312958435214,0.0173544360591817,73984.58725714285,11.388571428571428,2593
0.0239744272775694,0.0208398941233345,510284.72241758247,64.33516483516483,2594
0.0543209876543224,0.0154328964444348,144878.1506875,9.8375,2595
0.226651480637813,0.0115803618684176,9431389.745714286,132.54857142857142,2596
0.1182320441988957,0.0119028548501446,271533.1582954545,47.52840909090909,2597
0.1504178272980509,0.0109566431189035,1986974.398060606,59.084848484848486,2598
0.1246056782334361,0.0120353200926541,82410.6711392405,17.360759493670887,2599
0.0492525871981599,0.0114148586099167,369943.57240223465,32.18994413407821,2600
0.2554451995121101,0.0145751188730925,88177.18095238095,4.578231292517007,2601
0.2954343577900145,0.0233989273526309,73599.8396875,46.375,2602
0.0670820353063352,0.0108582209856362,462981.6832098766,11.049382716049385,2603
0.2229313881923866,0.0125711134704319,1061907.1144378695,160.18934911242604,2604
0.2206738768718812,0.0127308757374759,802161.7504117647,269.9529411764706,2605
0.1717332123411974,0.0140457405853983,97382.09553846154,2.453846153846154,2606
0.0734060402684566,0.0209889592988041,26264.115135135136,1.6216216216216215,2607
0.170077884441224,0.0149043342375214,387770.70166666666,14.818840579710145,2608
0.1128997172068744,0.0230751446470169,28050.335483870967,3.217741935483871,2609
0.1229490730875768,0.0134916240065167,1340678.0958461538,26.43076923076923,2610
0.2087500000000008,0.0137886031646051,2819690.831357143,23.27142857142857,2611
-0.7898270600203456,0.067407630354211,1202155.4583030303,23.51515151515152,2612
0.2710492227979275,0.0353190024318,50266.555806451615,2.129032258064516,2613
0.1854477611940301,0.0572629121869124,7458.577999999999,1.3,2614
0.2217948717948747,0.0201839202605077,169100844.0,9539.14367816092,2615
0.0186125211505923,0.0309968376098503,279689.511627907,32.75581395348837,2616
0.3908695652173901,0.0287836061734486,1675.6597540983605,3.065573770491804,2617
0.3431151241534984,0.0470761562184807,47678969.24260355,9220.396449704142,2618
-0.4329380764163363,0.0330075104829415,34575.1851497006,14.071856287425147,2619
-0.4636363636363635,0.0703210750295609,48830.635,7.888888888888889,2620
-0.0036014405762303,0.0366826205246758,49693.69056074766,6.392523364485982,2621
0.1072386058981236,0.0385409704023341,180918.61303030304,3.060606060606061,2622
0.1634304207119745,0.0360688656156569,75359.23147540983,5.098360655737705,2623
-0.3433862433862436,0.0216465356170423,2316890.979452055,287.36986301369865,2624
-0.4830917874396135,0.0695792616514457,35362722.167832166,3616.951048951049,2625
-0.1521298174442181,0.0321949336375746,3825778.11443662,588.1760563380282,2626
-0.1396568160152524,0.0265937275562613,33439584.38028169,4731.5,2627
0.0729312762973364,0.0309573140201273,1988669.723943662,578.9718309859155,2628
0.5075987841945273,0.0257314363526438,46305071.46043166,6179.604316546763,2629
-0.556818181818182,0.0317771138729651,8564665.282608695,1278.8333333333333,2630
-0.686923076923077,0.0391850240780781,45017404.8115942,5733.326086956522,2631
0.0530973451327423,0.0219371541845067,8989227.350364963,2392.102189781022,2632
-0.0031948881789161,0.0318103673859383,8791422.649635037,1463.5766423357663,2633
0.1088785046728975,0.0341179388135589,31618698.34074074,3733.9777777777776,2634
-0.2318952234206476,0.0255327567814618,8535433.649253732,2021.6492537313436,2635
-0.3546218487394955,0.0383299250764031,10784782.141791046,2571.208955223881,2636
-0.6035874439461884,0.0410882360770904,11590384.067669174,3009.714285714286,2637
0.0171428571428575,0.0281391986926991,6047282.537878788,932.6515151515152,2638
0.1295454545454533,0.020878036505398,8914006.765151516,1185.810606060606,2639
-0.0533557046979866,0.0200694481825259,165578.65027777778,7.402777777777778,2640
-0.1899999999999996,0.022023842291932,77050067.75572519,11143.3893129771,2641
-0.7499999999999999,0.0745009902455388,143828223.3467742,8529.5,2642
-0.0975147430497052,0.0300255817109341,11959.698,3.3,2643
-0.072664071190211,0.0283241847180084,39866.42933333334,4.2,2644
-0.1182033096926716,0.019499196492529,13903286.14423077,3146.3653846153848,2645
0.3953048087845527,0.0218148865799386,34350807.88235294,4374.35294117647,2646
-0.3817834090365763,0.0404666425276792,9281.113035714288,2.9107142857142856,2647
0.2031539888682754,0.0153515130150946,176627.01653333334,2.373333333333333,2648
-0.2835777969513946,0.0353567374527164,178143.59,256.34831460674155,2649
-0.887433155080214,0.1053251541426586,68120.76078651685,25.078651685393258,2650
-0.2221293665385257,0.0509675976029647,23906.400638297877,2.9148936170212765,2651
0.228884826325413,0.035386617373504,46153.60270588235,5.694117647058824,2652
0.0919881305637984,0.0383480492766307,39905.2176119403,3.701492537313433,2653
0.0637898686679176,0.0348817144958108,262595.25922222226,9.144444444444444,2654
0.134835355285962,0.0330546409324777,29456.98,3.513888888888889,2655
-0.2238983050847465,0.0345683475560583,34640.97222222222,4.481481481481482,2656
-0.1418918918918915,0.0355509029781043,18325.019666666667,6.033333333333333,2657
-0.1184405329823976,0.0202167292601401,7619.473333333334,3.743589743589744,2658
0.1772823779193204,0.0408268576087469,1321279.525595238,251.3095238095238,2659
0.7636786961583233,0.0443049539436838,11842017.368421054,1676.4105263157894,2660
0.2797619047619055,0.0216736801302588,15587469.12087912,2085.230769230769,2661
0.2029197080291966,0.0224267801650797,16427047.711111112,1409.2888888888888,2662
0.0161993769470412,0.0160844448394521,18238465.17441861,2099.767441860465,2663
0.4835937500000011,0.0271956594969121,20827210.93023256,2654.651162790697,2664
0.0228855721393046,0.024757008427697,57793667.90361446,11000.530120481928,2665
-0.0137931034482754,0.0250981704574547,11945053.746987952,2402.0481927710844,2666
-0.116991116991117,0.0323654102239961,297.65000000000003,1.2857142857142858,2667
-0.468203497615262,0.0458722515547229,631967.0333333333,365.6333333333333,2668
-0.2772727272727271,0.045384597502424,989810.9166666666,542.5166666666667,2669
-0.1342318059299191,0.0300668773137582,15692295.81707317,2489.2073170731705,2670
0.0387703152535729,0.0158488625737898,5963.562833333333,2.683333333333333,2671
-0.1680336067213441,0.0308474850770857,6630.870952380953,2.095238095238096,2672
0.0161847608656116,0.0122625492179358,16949.43323943662,3.95774647887324,2673
-0.8237442922374428,0.102331684748382,12191.813188405797,5.231884057971015,2674
0.0033726812816186,0.0153393473540071,104102.76014492754,4.753623188405797,2675
0.0705683498837932,0.0156610716334754,8999.61359375,4.625,2676
0.0648312611012433,0.0196494277221011,6711.300909090909,3.863636363636364,2677
0.0303225806451616,0.019214879166003,9085.645319148936,2.3617021276595747,2678
0.0404960279015709,0.0150238272368503,74216.81276315788,8.710526315789474,2679
0.0319033886085078,0.0104108976084518,21522.15375,4.666666666666667,2680
-0.0535152151101779,0.0139147725411461,2678.693269230769,2.2884615384615383,2681
0.0038854805725976,0.0148089193427307,1279.3688095238094,1.7857142857142858,2682
0.0065346534653469,0.0167574294539304,137527.47428571427,2.1714285714285717,2683
0.0038160273147214,0.0430940163968958,30395.59012658228,42.265822784810126,2684
0.008726003490401,0.0186289477172553,2256.6366666666668,3.1403508771929824,2685
0.0255785627283802,0.0231801146532847,5066.749393939394,2.121212121212121,2686
0.0750270270270268,0.0179561028081488,16636.805714285714,1.5714285714285714,2687
0.0537870472008779,0.0167438074630986,5418.385714285714,1.6666666666666667,2688
0.0675648091447236,0.0157090327390841,16437.00980769231,18.692307692307693,2689
-0.0218722659667537,0.0158023036614978,157939.9230232558,3.674418604651162,2690
0.1020925808497148,0.0273389702961288,13353302.8375,2100.3875,2691
0.0208371412904404,0.0157492029616393,31959.92930232558,22.069767441860463,2692
-0.0167609469935048,0.0138809688072381,9939.281111111111,1.3703703703703705,2693
0.0428964974419521,0.0280580939143816,1522.6126666666669,1.2,2694
0.0749519538757204,0.0257456285039522,15343875.341772152,2763.443037974684,2695
0.0411449016100191,0.0132234782010269,1428.7588888888888,1.4166666666666667,2696
0.0245945464266619,0.0230016951837545,4777.848125,1.4375,2697
-0.0084745762711863,0.0178987855988724,4004.4436111111113,1.5555555555555556,2698
0.0700729927007302,0.0246549383384756,1874464.4647887324,2367.6197183098598,2699
-0.0602597402597403,0.0541721927757844,7099270.704225352,1057.661971830986,2700
-0.2946969696969698,0.0356832657952269,2277247.6885245903,504.24590163934425,2701
-0.2251181222374638,0.1090044513034531,5814.5325,1.75,2702
-0.7287784679089027,0.103541945740286,10825089.69642857,1652.392857142857,2703
-0.7435897435897438,0.1011238268472661,133237.45454545456,21.181818181818183,2704
-0.1753846153846151,0.0325166150993271,100596.2641509434,31.339622641509436,2705
0.0274824993518278,0.0288846876095466,150377.19620689657,1.5172413793103448,2706
0.4682779456193349,0.0372477251462824,18514196.914893616,3016.234042553192,2707
-0.1977420556462933,0.0313709782014877,8859001.70357143,460.5,2708
-0.0532637075718015,0.014407338194573,7880.896000000001,1.6,2709
-0.1495867768595042,0.0236894236610423,30540087.484848484,4701.515151515152,2710
-0.1161290322580645,0.0225411096610312,88286018.29032259,6380.83870967742,2711
-0.0050462573591256,0.0261044920784691,22709773.066666663,3986.3,2712
-0.3149224806201549,0.0360106038489313,257169269.57142857,19930.35714285714,2713
0.0057731958762885,0.0257892734091664,16359025.961538462,1733.1538461538462,2714
-0.2741312741312743,0.0381741965317102,48559620.24,6644.04,2715
-0.2948356807511739,0.0404193648343151,8806138.391304348,1580.6521739130435,2716
0.0746944318696247,0.0316985732168058,16668947.782608695,1721.8260869565215,2717
0.0556962025316452,0.0313141264337469,20303808.318181816,3060.2727272727275,2718
-0.006311992786294,0.0387927353919414,41622957.52380952,5597.0,2719
-0.2396825396825397,0.0742567978600675,41544396.61904762,7653.285714285715,2720
-0.0696338837042351,0.0199005443827853,17746746.65,2301.7,2721
0.0070175438596491,0.0217776906415941,49202269.10526316,4443.578947368421,2722
-0.0019986675549631,0.0198908835868231,1008252.8888888888,151.0,2723
0.0816326530612241,0.0365110671256242,48138.54923076923,1.9230769230769231,2724
0.0138121546961322,0.0172378192642332,136945304.4,21745.533333333333,2725
0.0779816513761468,0.0339262141976448,16217985.76923077,1566.5384615384614,2726
-0.0894819466248039,0.0451270330745735,60921279.16666666,5376.0,2727
-0.0671641791044773,0.0206538951330965,3785577.777777778,1251.4444444444443,2728
0.2708133971291866,0.0805444002756104,17864.95125,18.375,2729
-0.014159617506436,0.0511746800914457,22213.21875,36.75,2730
0.0364062167340855,0.02011205989047,1598.0566666666666,1.0,2731
-0.0182370820668692,0.0138929496407184,4205.86,2.0,2732
0.0631801692865781,0.0117521828393583,1485.7233333333334,1.3333333333333333,2733
0.0300409649522073,0.0065559777917728,5563.237999999999,1.4,2735
0.0221143473570657,0.0165596267272075,245.818,2.6,2736
0.0816483235218836,0.0274449091137648,5723474.9025,1.5,2737
-0.0157353237845472,0.012713840465006,7141.47,4.375,2739
-0.0181058495821727,0.0450455672037607,56876.71749999999,10.5,2740
0.1111111111111111,0.0384721040444465,59682.9625,7.5,2741
-0.0289672544080603,0.0152684600258359,2870.5375000000004,1.625,2743
0.0257874697127034,0.0264879903242132,178408.0225,2.25,2744
0.0622054665409992,0.0297502310120524,356058836.625,46790.375,2746
0.1459183673469386,0.054764690654808,1443.135,2.5,2749
-0.021565374754939,0.0108086363133543,6576.456666666666,1.6666666666666667,2750
0.0326039065942138,0.0106166197140688,24180.68571428571,2.857142857142857,2751
0.1343461423890375,0.0524841408717027,856.7625,1.5,2756
0.0250481695568403,0.0085688489852932,34839147.4,6816.2,2757
-0.0237061165399926,0.00746905935961,37940.41,28.33333333333333,2760
